ISO-10303-21;
HEADER;
/* Generated by software containing ST-Developer
 * from STEP Tools, Inc. (www.steptools.com) 
 */
/* OPTION: using custom renumber hook */

FILE_DESCRIPTION(
/* description */ ('STEP AP242 Edition 2',
'CAx-IF Rec.Pracs.---Representation and Presentation of Product Manufa
cturing Information (PMI)---4.0---2014-10-13',
'CAx-IF Rec.Pracs.---3D Tessellated Geometry---0.4---2014-09-14','2;1',
'CAx-IF Rec.Pracs.---User Defined Attributes---1.5---2016-08-15'),
/* implementation_level */ '2;1');

FILE_NAME(
/* name */ 'Assembly 1 - Front',
/* time_stamp */ '2026-07-14T16:54:42Z',
/* author */ (''),
/* organization */ (''),
/* preprocessor_version */ 'ST-DEVELOPER v20',
/* originating_system */ 'ONSHAPE BY PTC INC, 1.217',
/* authorisation */ '  ');

FILE_SCHEMA (('AP242_MANAGED_MODEL_BASED_3D_ENGINEERING_MIM_LF { 1 0 10303 442 3 1 4 }'));
ENDSEC;

DATA;
#10=SHAPE_REPRESENTATION_RELATIONSHIP('','',#4218,#11);
#11=ADVANCED_BREP_SHAPE_REPRESENTATION('',(#4216),#7060);
#12=CYLINDRICAL_SURFACE('',#4443,0.0025);
#13=CYLINDRICAL_SURFACE('',#4444,0.0025);
#14=CYLINDRICAL_SURFACE('',#4445,0.0025);
#15=CYLINDRICAL_SURFACE('',#4446,0.0025);
#16=CYLINDRICAL_SURFACE('',#4447,0.0025);
#17=CYLINDRICAL_SURFACE('',#4448,0.0025);
#18=CYLINDRICAL_SURFACE('',#4473,0.0045);
#19=CYLINDRICAL_SURFACE('',#4476,0.0045);
#20=CYLINDRICAL_SURFACE('',#4487,0.0045);
#21=CYLINDRICAL_SURFACE('',#4507,0.0045);
#22=CYLINDRICAL_SURFACE('',#4528,0.0045000000000001);
#23=CYLINDRICAL_SURFACE('',#4537,0.0015);
#24=CYLINDRICAL_SURFACE('',#4538,0.0015);
#25=CYLINDRICAL_SURFACE('',#4539,0.0015);
#26=CYLINDRICAL_SURFACE('',#4540,0.0015);
#27=CYLINDRICAL_SURFACE('',#4541,0.0015);
#28=CYLINDRICAL_SURFACE('',#4542,0.0015);
#29=CYLINDRICAL_SURFACE('',#4543,0.0015);
#30=CYLINDRICAL_SURFACE('',#4544,0.0015);
#31=CYLINDRICAL_SURFACE('',#4545,0.0015);
#32=CYLINDRICAL_SURFACE('',#4546,0.0015);
#33=CYLINDRICAL_SURFACE('',#4547,0.0015);
#34=CYLINDRICAL_SURFACE('',#4548,0.0015);
#35=CYLINDRICAL_SURFACE('',#4549,0.0015);
#36=CYLINDRICAL_SURFACE('',#4550,0.0015);
#37=CYLINDRICAL_SURFACE('',#4551,0.0015);
#38=CYLINDRICAL_SURFACE('',#4552,0.0015);
#39=CYLINDRICAL_SURFACE('',#4553,0.0015);
#40=CYLINDRICAL_SURFACE('',#4554,0.0015);
#41=CYLINDRICAL_SURFACE('',#4555,0.0015);
#42=CYLINDRICAL_SURFACE('',#4556,0.0015);
#43=CYLINDRICAL_SURFACE('',#4557,0.0015);
#44=CYLINDRICAL_SURFACE('',#4558,0.0015);
#45=CYLINDRICAL_SURFACE('',#4559,0.0015);
#46=CYLINDRICAL_SURFACE('',#4560,0.0015);
#47=CYLINDRICAL_SURFACE('',#4561,0.0015);
#48=CYLINDRICAL_SURFACE('',#4562,0.0015);
#49=CYLINDRICAL_SURFACE('',#4563,0.0015);
#50=CYLINDRICAL_SURFACE('',#4564,0.0015);
#51=CYLINDRICAL_SURFACE('',#4565,0.0015);
#52=CYLINDRICAL_SURFACE('',#4566,0.0015);
#53=CYLINDRICAL_SURFACE('',#4567,0.0015);
#54=CYLINDRICAL_SURFACE('',#4568,0.0015);
#55=CYLINDRICAL_SURFACE('',#4569,0.0015);
#56=CYLINDRICAL_SURFACE('',#4570,0.0015);
#57=CYLINDRICAL_SURFACE('',#4571,0.0015);
#58=CYLINDRICAL_SURFACE('',#4572,0.0015);
#59=CYLINDRICAL_SURFACE('',#4573,0.0015);
#60=CYLINDRICAL_SURFACE('',#4574,0.0015);
#61=CYLINDRICAL_SURFACE('',#4575,0.0015);
#62=CYLINDRICAL_SURFACE('',#4576,0.0015);
#63=CYLINDRICAL_SURFACE('',#4577,0.0015);
#64=CYLINDRICAL_SURFACE('',#4578,0.0015);
#65=CYLINDRICAL_SURFACE('',#4579,0.0015);
#66=CYLINDRICAL_SURFACE('',#4580,0.0015);
#67=CYLINDRICAL_SURFACE('',#4581,0.0015);
#68=CYLINDRICAL_SURFACE('',#4582,0.0015);
#69=CYLINDRICAL_SURFACE('',#4583,0.0015);
#70=CYLINDRICAL_SURFACE('',#4584,0.0015);
#71=CYLINDRICAL_SURFACE('',#4585,0.0015);
#72=CYLINDRICAL_SURFACE('',#4586,0.0015);
#73=CYLINDRICAL_SURFACE('',#4587,0.0015);
#74=CYLINDRICAL_SURFACE('',#4588,0.0015);
#75=CYLINDRICAL_SURFACE('',#4589,0.0015);
#76=CYLINDRICAL_SURFACE('',#4590,0.0015);
#77=CYLINDRICAL_SURFACE('',#4591,0.0015);
#78=CYLINDRICAL_SURFACE('',#4592,0.0015);
#79=CYLINDRICAL_SURFACE('',#4593,0.0015);
#80=CYLINDRICAL_SURFACE('',#4594,0.0015);
#81=CYLINDRICAL_SURFACE('',#4595,0.0015);
#82=CYLINDRICAL_SURFACE('',#4596,0.0015);
#83=CYLINDRICAL_SURFACE('',#4597,0.0015);
#84=CYLINDRICAL_SURFACE('',#4598,0.0015);
#85=CYLINDRICAL_SURFACE('',#4599,0.0015);
#86=CYLINDRICAL_SURFACE('',#4600,0.0015);
#87=CYLINDRICAL_SURFACE('',#4601,0.0015);
#88=CYLINDRICAL_SURFACE('',#4602,0.0015);
#89=CYLINDRICAL_SURFACE('',#4603,0.0015);
#90=CYLINDRICAL_SURFACE('',#4604,0.0015);
#91=CYLINDRICAL_SURFACE('',#4605,0.0015);
#92=CYLINDRICAL_SURFACE('',#4606,0.0015);
#93=CYLINDRICAL_SURFACE('',#4607,0.0015);
#94=CYLINDRICAL_SURFACE('',#4608,0.0015);
#95=CYLINDRICAL_SURFACE('',#4609,0.0015);
#96=CYLINDRICAL_SURFACE('',#4610,0.0015);
#97=CYLINDRICAL_SURFACE('',#4611,0.0015);
#98=CYLINDRICAL_SURFACE('',#4612,0.0015);
#99=CYLINDRICAL_SURFACE('',#4613,0.0015);
#100=CYLINDRICAL_SURFACE('',#4614,0.0015);
#101=CYLINDRICAL_SURFACE('',#4615,0.0015);
#102=CYLINDRICAL_SURFACE('',#4616,0.0015);
#103=CYLINDRICAL_SURFACE('',#4617,0.0015);
#104=CYLINDRICAL_SURFACE('',#4618,0.0015);
#105=CYLINDRICAL_SURFACE('',#4619,0.0015);
#106=CYLINDRICAL_SURFACE('',#4620,0.0015);
#107=CYLINDRICAL_SURFACE('',#4621,0.0015);
#108=CYLINDRICAL_SURFACE('',#4622,0.0015);
#109=CYLINDRICAL_SURFACE('',#4623,0.0015);
#110=CYLINDRICAL_SURFACE('',#4624,0.0015);
#111=CYLINDRICAL_SURFACE('',#4625,0.0015);
#112=CYLINDRICAL_SURFACE('',#4626,0.0015);
#113=CIRCLE('',#4221,0.0015);
#114=CIRCLE('',#4222,0.0015);
#115=CIRCLE('',#4223,0.0015);
#116=CIRCLE('',#4224,0.0015);
#117=CIRCLE('',#4225,0.0015);
#118=CIRCLE('',#4226,0.0015);
#119=CIRCLE('',#4227,0.0015);
#120=CIRCLE('',#4228,0.0015);
#121=CIRCLE('',#4229,0.0015);
#122=CIRCLE('',#4230,0.0015);
#123=CIRCLE('',#4231,0.0015);
#124=CIRCLE('',#4232,0.0015);
#125=CIRCLE('',#4233,0.0015);
#126=CIRCLE('',#4234,0.0015);
#127=CIRCLE('',#4235,0.0015);
#128=CIRCLE('',#4236,0.0015);
#129=CIRCLE('',#4237,0.0025);
#130=CIRCLE('',#4238,0.0025);
#131=CIRCLE('',#4239,0.0025);
#132=CIRCLE('',#4240,0.0025);
#133=CIRCLE('',#4241,0.0025);
#134=CIRCLE('',#4242,0.0025);
#135=CIRCLE('',#4243,0.0015);
#136=CIRCLE('',#4244,0.0015);
#137=CIRCLE('',#4245,0.0015);
#138=CIRCLE('',#4246,0.0015);
#139=CIRCLE('',#4247,0.0015);
#140=CIRCLE('',#4248,0.0015);
#141=CIRCLE('',#4249,0.0015);
#142=CIRCLE('',#4250,0.0015);
#143=CIRCLE('',#4251,0.0015);
#144=CIRCLE('',#4252,0.0015);
#145=CIRCLE('',#4253,0.0015);
#146=CIRCLE('',#4254,0.0015);
#147=CIRCLE('',#4255,0.0015);
#148=CIRCLE('',#4256,0.0015);
#149=CIRCLE('',#4257,0.0015);
#150=CIRCLE('',#4258,0.0015);
#151=CIRCLE('',#4259,0.0015);
#152=CIRCLE('',#4260,0.0015);
#153=CIRCLE('',#4261,0.0015);
#154=CIRCLE('',#4262,0.0015);
#155=CIRCLE('',#4263,0.0015);
#156=CIRCLE('',#4264,0.0015);
#157=CIRCLE('',#4265,0.0015);
#158=CIRCLE('',#4266,0.0015);
#159=CIRCLE('',#4267,0.0015);
#160=CIRCLE('',#4268,0.0045);
#161=CIRCLE('',#4269,0.0015);
#162=CIRCLE('',#4270,0.0015);
#163=CIRCLE('',#4271,0.0045);
#164=CIRCLE('',#4272,0.0015);
#165=CIRCLE('',#4273,0.0015);
#166=CIRCLE('',#4274,0.0015);
#167=CIRCLE('',#4275,0.0015);
#168=CIRCLE('',#4276,0.0015);
#169=CIRCLE('',#4277,0.0015);
#170=CIRCLE('',#4278,0.0015);
#171=CIRCLE('',#4279,0.0015);
#172=CIRCLE('',#4280,0.0015);
#173=CIRCLE('',#4281,0.0015);
#174=CIRCLE('',#4282,0.0015);
#175=CIRCLE('',#4283,0.0015);
#176=CIRCLE('',#4284,0.0045);
#177=CIRCLE('',#4285,0.0015);
#178=CIRCLE('',#4286,0.0015);
#179=CIRCLE('',#4287,0.0015);
#180=CIRCLE('',#4288,0.0015);
#181=CIRCLE('',#4289,0.0015);
#182=CIRCLE('',#4290,0.0015);
#183=CIRCLE('',#4291,0.0015);
#184=CIRCLE('',#4292,0.0015);
#185=CIRCLE('',#4293,0.0015);
#186=CIRCLE('',#4294,0.0015);
#187=CIRCLE('',#4295,0.0015);
#188=CIRCLE('',#4296,0.0015);
#189=CIRCLE('',#4297,0.0015);
#190=CIRCLE('',#4298,0.0045);
#191=CIRCLE('',#4299,0.0015);
#192=CIRCLE('',#4300,0.0015);
#193=CIRCLE('',#4301,0.0015);
#194=CIRCLE('',#4302,0.0015);
#195=CIRCLE('',#4303,0.0015);
#196=CIRCLE('',#4304,0.0015);
#197=CIRCLE('',#4305,0.0015);
#198=CIRCLE('',#4306,0.0015);
#199=CIRCLE('',#4307,0.0015);
#200=CIRCLE('',#4308,0.0015);
#201=CIRCLE('',#4309,0.0015);
#202=CIRCLE('',#4310,0.0015);
#203=CIRCLE('',#4311,0.0015);
#204=CIRCLE('',#4312,0.0015);
#205=CIRCLE('',#4313,0.0045000000000001);
#206=CIRCLE('',#4314,0.0015);
#207=CIRCLE('',#4315,0.0015);
#208=CIRCLE('',#4316,0.0015);
#209=CIRCLE('',#4317,0.0015);
#210=CIRCLE('',#4318,0.0015);
#211=CIRCLE('',#4319,0.0015);
#212=CIRCLE('',#4320,0.0015);
#213=CIRCLE('',#4321,0.0015);
#214=CIRCLE('',#4323,0.0045000000000001);
#215=CIRCLE('',#4324,0.0015);
#216=CIRCLE('',#4325,0.0015);
#217=CIRCLE('',#4326,0.0015);
#218=CIRCLE('',#4327,0.0015);
#219=CIRCLE('',#4328,0.0015);
#220=CIRCLE('',#4329,0.0015);
#221=CIRCLE('',#4330,0.0015);
#222=CIRCLE('',#4331,0.0015);
#223=CIRCLE('',#4332,0.0015);
#224=CIRCLE('',#4333,0.0045);
#225=CIRCLE('',#4334,0.0015);
#226=CIRCLE('',#4335,0.0015);
#227=CIRCLE('',#4336,0.0015);
#228=CIRCLE('',#4337,0.0015);
#229=CIRCLE('',#4338,0.0015);
#230=CIRCLE('',#4339,0.0015);
#231=CIRCLE('',#4340,0.0015);
#232=CIRCLE('',#4341,0.0015);
#233=CIRCLE('',#4342,0.0015);
#234=CIRCLE('',#4343,0.0015);
#235=CIRCLE('',#4344,0.0015);
#236=CIRCLE('',#4345,0.0015);
#237=CIRCLE('',#4346,0.0015);
#238=CIRCLE('',#4347,0.0015);
#239=CIRCLE('',#4348,0.0045);
#240=CIRCLE('',#4349,0.0015);
#241=CIRCLE('',#4350,0.0015);
#242=CIRCLE('',#4351,0.0015);
#243=CIRCLE('',#4352,0.0015);
#244=CIRCLE('',#4353,0.0015);
#245=CIRCLE('',#4354,0.0015);
#246=CIRCLE('',#4355,0.0015);
#247=CIRCLE('',#4356,0.0045);
#248=CIRCLE('',#4357,0.0015);
#249=CIRCLE('',#4358,0.0015);
#250=CIRCLE('',#4359,0.0015);
#251=CIRCLE('',#4360,0.0045);
#252=CIRCLE('',#4361,0.0015);
#253=CIRCLE('',#4362,0.0015);
#254=CIRCLE('',#4363,0.0015);
#255=CIRCLE('',#4364,0.0015);
#256=CIRCLE('',#4365,0.0015);
#257=CIRCLE('',#4366,0.0015);
#258=CIRCLE('',#4367,0.0015);
#259=CIRCLE('',#4368,0.0015);
#260=CIRCLE('',#4369,0.0015);
#261=CIRCLE('',#4370,0.0015);
#262=CIRCLE('',#4371,0.0015);
#263=CIRCLE('',#4372,0.0015);
#264=CIRCLE('',#4373,0.0015);
#265=CIRCLE('',#4374,0.0015);
#266=CIRCLE('',#4375,0.0025);
#267=CIRCLE('',#4376,0.0025);
#268=CIRCLE('',#4377,0.0025);
#269=CIRCLE('',#4378,0.0025);
#270=CIRCLE('',#4379,0.0025);
#271=CIRCLE('',#4380,0.0025);
#272=CIRCLE('',#4381,0.0015);
#273=CIRCLE('',#4382,0.0015);
#274=CIRCLE('',#4383,0.0015);
#275=CIRCLE('',#4384,0.0015);
#276=CIRCLE('',#4385,0.0015);
#277=CIRCLE('',#4386,0.0015);
#278=CIRCLE('',#4387,0.0015);
#279=CIRCLE('',#4388,0.0015);
#280=CIRCLE('',#4389,0.0015);
#281=CIRCLE('',#4390,0.0015);
#282=CIRCLE('',#4391,0.0015);
#283=CIRCLE('',#4392,0.0015);
#284=CIRCLE('',#4393,0.0015);
#285=CIRCLE('',#4394,0.0015);
#286=CIRCLE('',#4395,0.0015);
#287=CIRCLE('',#4396,0.0015);
#288=CIRCLE('',#4397,0.0015);
#289=CIRCLE('',#4398,0.0015);
#290=CIRCLE('',#4399,0.0015);
#291=CIRCLE('',#4400,0.0015);
#292=CIRCLE('',#4401,0.0015);
#293=CIRCLE('',#4402,0.0015);
#294=CIRCLE('',#4403,0.0015);
#295=CIRCLE('',#4404,0.0015);
#296=CIRCLE('',#4405,0.0015);
#297=CIRCLE('',#4406,0.0015);
#298=CIRCLE('',#4407,0.0015);
#299=CIRCLE('',#4408,0.0015);
#300=CIRCLE('',#4409,0.0015);
#301=CIRCLE('',#4410,0.0015);
#302=CIRCLE('',#4411,0.0015);
#303=CIRCLE('',#4412,0.0015);
#304=CIRCLE('',#4413,0.0015);
#305=CIRCLE('',#4414,0.0015);
#306=CIRCLE('',#4415,0.0015);
#307=CIRCLE('',#4416,0.0015);
#308=CIRCLE('',#4417,0.0015);
#309=CIRCLE('',#4418,0.0015);
#310=CIRCLE('',#4419,0.0015);
#311=CIRCLE('',#4420,0.0015);
#312=CIRCLE('',#4421,0.0015);
#313=CIRCLE('',#4422,0.0015);
#314=CIRCLE('',#4423,0.0015);
#315=ORIENTED_EDGE('',*,*,#1521,.F.);
#316=ORIENTED_EDGE('',*,*,#1522,.T.);
#317=ORIENTED_EDGE('',*,*,#1523,.F.);
#318=ORIENTED_EDGE('',*,*,#1524,.T.);
#319=ORIENTED_EDGE('',*,*,#1525,.F.);
#320=ORIENTED_EDGE('',*,*,#1526,.T.);
#321=ORIENTED_EDGE('',*,*,#1527,.F.);
#322=ORIENTED_EDGE('',*,*,#1528,.T.);
#323=ORIENTED_EDGE('',*,*,#1529,.T.);
#324=ORIENTED_EDGE('',*,*,#1530,.T.);
#325=ORIENTED_EDGE('',*,*,#1531,.F.);
#326=ORIENTED_EDGE('',*,*,#1532,.T.);
#327=ORIENTED_EDGE('',*,*,#1533,.F.);
#328=ORIENTED_EDGE('',*,*,#1534,.T.);
#329=ORIENTED_EDGE('',*,*,#1535,.F.);
#330=ORIENTED_EDGE('',*,*,#1536,.F.);
#331=ORIENTED_EDGE('',*,*,#1537,.T.);
#332=ORIENTED_EDGE('',*,*,#1538,.T.);
#333=ORIENTED_EDGE('',*,*,#1539,.T.);
#334=ORIENTED_EDGE('',*,*,#1540,.F.);
#335=ORIENTED_EDGE('',*,*,#1541,.T.);
#336=ORIENTED_EDGE('',*,*,#1542,.F.);
#337=ORIENTED_EDGE('',*,*,#1543,.T.);
#338=ORIENTED_EDGE('',*,*,#1544,.T.);
#339=ORIENTED_EDGE('',*,*,#1545,.T.);
#340=ORIENTED_EDGE('',*,*,#1546,.T.);
#341=ORIENTED_EDGE('',*,*,#1547,.T.);
#342=ORIENTED_EDGE('',*,*,#1548,.F.);
#343=ORIENTED_EDGE('',*,*,#1549,.T.);
#344=ORIENTED_EDGE('',*,*,#1550,.F.);
#345=ORIENTED_EDGE('',*,*,#1551,.T.);
#346=ORIENTED_EDGE('',*,*,#1552,.F.);
#347=ORIENTED_EDGE('',*,*,#1553,.T.);
#348=ORIENTED_EDGE('',*,*,#1554,.F.);
#349=ORIENTED_EDGE('',*,*,#1555,.T.);
#350=ORIENTED_EDGE('',*,*,#1556,.F.);
#351=ORIENTED_EDGE('',*,*,#1557,.F.);
#352=ORIENTED_EDGE('',*,*,#1558,.F.);
#353=ORIENTED_EDGE('',*,*,#1559,.F.);
#354=ORIENTED_EDGE('',*,*,#1560,.F.);
#355=ORIENTED_EDGE('',*,*,#1561,.F.);
#356=ORIENTED_EDGE('',*,*,#1562,.F.);
#357=ORIENTED_EDGE('',*,*,#1563,.T.);
#358=ORIENTED_EDGE('',*,*,#1564,.T.);
#359=ORIENTED_EDGE('',*,*,#1565,.F.);
#360=ORIENTED_EDGE('',*,*,#1566,.F.);
#361=ORIENTED_EDGE('',*,*,#1567,.T.);
#362=ORIENTED_EDGE('',*,*,#1568,.T.);
#363=ORIENTED_EDGE('',*,*,#1569,.F.);
#364=ORIENTED_EDGE('',*,*,#1570,.F.);
#365=ORIENTED_EDGE('',*,*,#1571,.T.);
#366=ORIENTED_EDGE('',*,*,#1572,.T.);
#367=ORIENTED_EDGE('',*,*,#1573,.F.);
#368=ORIENTED_EDGE('',*,*,#1574,.F.);
#369=ORIENTED_EDGE('',*,*,#1575,.T.);
#370=ORIENTED_EDGE('',*,*,#1576,.T.);
#371=ORIENTED_EDGE('',*,*,#1577,.T.);
#372=ORIENTED_EDGE('',*,*,#1578,.T.);
#373=ORIENTED_EDGE('',*,*,#1579,.T.);
#374=ORIENTED_EDGE('',*,*,#1580,.F.);
#375=ORIENTED_EDGE('',*,*,#1581,.T.);
#376=ORIENTED_EDGE('',*,*,#1582,.F.);
#377=ORIENTED_EDGE('',*,*,#1583,.T.);
#378=ORIENTED_EDGE('',*,*,#1584,.T.);
#379=ORIENTED_EDGE('',*,*,#1585,.T.);
#380=ORIENTED_EDGE('',*,*,#1586,.F.);
#381=ORIENTED_EDGE('',*,*,#1587,.T.);
#382=ORIENTED_EDGE('',*,*,#1588,.T.);
#383=ORIENTED_EDGE('',*,*,#1589,.T.);
#384=ORIENTED_EDGE('',*,*,#1590,.F.);
#385=ORIENTED_EDGE('',*,*,#1591,.T.);
#386=ORIENTED_EDGE('',*,*,#1592,.F.);
#387=ORIENTED_EDGE('',*,*,#1593,.T.);
#388=ORIENTED_EDGE('',*,*,#1594,.F.);
#389=ORIENTED_EDGE('',*,*,#1595,.T.);
#390=ORIENTED_EDGE('',*,*,#1596,.T.);
#391=ORIENTED_EDGE('',*,*,#1597,.T.);
#392=ORIENTED_EDGE('',*,*,#1598,.T.);
#393=ORIENTED_EDGE('',*,*,#1599,.T.);
#394=ORIENTED_EDGE('',*,*,#1600,.F.);
#395=ORIENTED_EDGE('',*,*,#1601,.T.);
#396=ORIENTED_EDGE('',*,*,#1602,.T.);
#397=ORIENTED_EDGE('',*,*,#1603,.T.);
#398=ORIENTED_EDGE('',*,*,#1604,.T.);
#399=ORIENTED_EDGE('',*,*,#1605,.T.);
#400=ORIENTED_EDGE('',*,*,#1606,.F.);
#401=ORIENTED_EDGE('',*,*,#1607,.T.);
#402=ORIENTED_EDGE('',*,*,#1608,.T.);
#403=ORIENTED_EDGE('',*,*,#1609,.F.);
#404=ORIENTED_EDGE('',*,*,#1610,.T.);
#405=ORIENTED_EDGE('',*,*,#1611,.T.);
#406=ORIENTED_EDGE('',*,*,#1612,.T.);
#407=ORIENTED_EDGE('',*,*,#1613,.T.);
#408=ORIENTED_EDGE('',*,*,#1614,.T.);
#409=ORIENTED_EDGE('',*,*,#1615,.T.);
#410=ORIENTED_EDGE('',*,*,#1616,.T.);
#411=ORIENTED_EDGE('',*,*,#1617,.F.);
#412=ORIENTED_EDGE('',*,*,#1618,.T.);
#413=ORIENTED_EDGE('',*,*,#1619,.F.);
#414=ORIENTED_EDGE('',*,*,#1620,.T.);
#415=ORIENTED_EDGE('',*,*,#1621,.T.);
#416=ORIENTED_EDGE('',*,*,#1622,.T.);
#417=ORIENTED_EDGE('',*,*,#1623,.F.);
#418=ORIENTED_EDGE('',*,*,#1624,.T.);
#419=ORIENTED_EDGE('',*,*,#1625,.T.);
#420=ORIENTED_EDGE('',*,*,#1626,.T.);
#421=ORIENTED_EDGE('',*,*,#1627,.T.);
#422=ORIENTED_EDGE('',*,*,#1628,.T.);
#423=ORIENTED_EDGE('',*,*,#1629,.T.);
#424=ORIENTED_EDGE('',*,*,#1630,.T.);
#425=ORIENTED_EDGE('',*,*,#1631,.T.);
#426=ORIENTED_EDGE('',*,*,#1632,.T.);
#427=ORIENTED_EDGE('',*,*,#1633,.F.);
#428=ORIENTED_EDGE('',*,*,#1634,.T.);
#429=ORIENTED_EDGE('',*,*,#1635,.F.);
#430=ORIENTED_EDGE('',*,*,#1636,.T.);
#431=ORIENTED_EDGE('',*,*,#1637,.T.);
#432=ORIENTED_EDGE('',*,*,#1638,.T.);
#433=ORIENTED_EDGE('',*,*,#1639,.T.);
#434=ORIENTED_EDGE('',*,*,#1640,.T.);
#435=ORIENTED_EDGE('',*,*,#1641,.F.);
#436=ORIENTED_EDGE('',*,*,#1642,.T.);
#437=ORIENTED_EDGE('',*,*,#1643,.T.);
#438=ORIENTED_EDGE('',*,*,#1644,.T.);
#439=ORIENTED_EDGE('',*,*,#1645,.T.);
#440=ORIENTED_EDGE('',*,*,#1646,.T.);
#441=ORIENTED_EDGE('',*,*,#1647,.F.);
#442=ORIENTED_EDGE('',*,*,#1648,.T.);
#443=ORIENTED_EDGE('',*,*,#1649,.T.);
#444=ORIENTED_EDGE('',*,*,#1650,.T.);
#445=ORIENTED_EDGE('',*,*,#1651,.F.);
#446=ORIENTED_EDGE('',*,*,#1652,.T.);
#447=ORIENTED_EDGE('',*,*,#1653,.T.);
#448=ORIENTED_EDGE('',*,*,#1654,.T.);
#449=ORIENTED_EDGE('',*,*,#1655,.T.);
#450=ORIENTED_EDGE('',*,*,#1656,.T.);
#451=ORIENTED_EDGE('',*,*,#1657,.T.);
#452=ORIENTED_EDGE('',*,*,#1658,.T.);
#453=ORIENTED_EDGE('',*,*,#1659,.F.);
#454=ORIENTED_EDGE('',*,*,#1660,.T.);
#455=ORIENTED_EDGE('',*,*,#1661,.F.);
#456=ORIENTED_EDGE('',*,*,#1662,.T.);
#457=ORIENTED_EDGE('',*,*,#1663,.T.);
#458=ORIENTED_EDGE('',*,*,#1664,.T.);
#459=ORIENTED_EDGE('',*,*,#1665,.F.);
#460=ORIENTED_EDGE('',*,*,#1666,.T.);
#461=ORIENTED_EDGE('',*,*,#1667,.F.);
#462=ORIENTED_EDGE('',*,*,#1668,.T.);
#463=ORIENTED_EDGE('',*,*,#1669,.T.);
#464=ORIENTED_EDGE('',*,*,#1670,.T.);
#465=ORIENTED_EDGE('',*,*,#1671,.F.);
#466=ORIENTED_EDGE('',*,*,#1672,.T.);
#467=ORIENTED_EDGE('',*,*,#1673,.F.);
#468=ORIENTED_EDGE('',*,*,#1674,.T.);
#469=ORIENTED_EDGE('',*,*,#1675,.T.);
#470=ORIENTED_EDGE('',*,*,#1676,.T.);
#471=ORIENTED_EDGE('',*,*,#1677,.F.);
#472=ORIENTED_EDGE('',*,*,#1678,.T.);
#473=ORIENTED_EDGE('',*,*,#1679,.T.);
#474=ORIENTED_EDGE('',*,*,#1680,.T.);
#475=ORIENTED_EDGE('',*,*,#1681,.T.);
#476=ORIENTED_EDGE('',*,*,#1682,.T.);
#477=ORIENTED_EDGE('',*,*,#1683,.T.);
#478=ORIENTED_EDGE('',*,*,#1684,.T.);
#479=ORIENTED_EDGE('',*,*,#1685,.T.);
#480=ORIENTED_EDGE('',*,*,#1686,.T.);
#481=ORIENTED_EDGE('',*,*,#1687,.F.);
#482=ORIENTED_EDGE('',*,*,#1688,.T.);
#483=ORIENTED_EDGE('',*,*,#1689,.T.);
#484=ORIENTED_EDGE('',*,*,#1690,.T.);
#485=ORIENTED_EDGE('',*,*,#1691,.T.);
#486=ORIENTED_EDGE('',*,*,#1692,.T.);
#487=ORIENTED_EDGE('',*,*,#1693,.T.);
#488=ORIENTED_EDGE('',*,*,#1694,.T.);
#489=ORIENTED_EDGE('',*,*,#1695,.T.);
#490=ORIENTED_EDGE('',*,*,#1696,.T.);
#491=ORIENTED_EDGE('',*,*,#1697,.T.);
#492=ORIENTED_EDGE('',*,*,#1698,.T.);
#493=ORIENTED_EDGE('',*,*,#1699,.T.);
#494=ORIENTED_EDGE('',*,*,#1700,.T.);
#495=ORIENTED_EDGE('',*,*,#1701,.T.);
#496=ORIENTED_EDGE('',*,*,#1702,.T.);
#497=ORIENTED_EDGE('',*,*,#1703,.T.);
#498=ORIENTED_EDGE('',*,*,#1704,.T.);
#499=ORIENTED_EDGE('',*,*,#1705,.T.);
#500=ORIENTED_EDGE('',*,*,#1706,.F.);
#501=ORIENTED_EDGE('',*,*,#1707,.T.);
#502=ORIENTED_EDGE('',*,*,#1708,.T.);
#503=ORIENTED_EDGE('',*,*,#1709,.T.);
#504=ORIENTED_EDGE('',*,*,#1710,.F.);
#505=ORIENTED_EDGE('',*,*,#1711,.T.);
#506=ORIENTED_EDGE('',*,*,#1712,.T.);
#507=ORIENTED_EDGE('',*,*,#1713,.T.);
#508=ORIENTED_EDGE('',*,*,#1714,.T.);
#509=ORIENTED_EDGE('',*,*,#1715,.T.);
#510=ORIENTED_EDGE('',*,*,#1716,.T.);
#511=ORIENTED_EDGE('',*,*,#1717,.T.);
#512=ORIENTED_EDGE('',*,*,#1718,.T.);
#513=ORIENTED_EDGE('',*,*,#1719,.T.);
#514=ORIENTED_EDGE('',*,*,#1720,.T.);
#515=ORIENTED_EDGE('',*,*,#1721,.T.);
#516=ORIENTED_EDGE('',*,*,#1722,.F.);
#517=ORIENTED_EDGE('',*,*,#1723,.T.);
#518=ORIENTED_EDGE('',*,*,#1724,.F.);
#519=ORIENTED_EDGE('',*,*,#1725,.T.);
#520=ORIENTED_EDGE('',*,*,#1726,.T.);
#521=ORIENTED_EDGE('',*,*,#1727,.T.);
#522=ORIENTED_EDGE('',*,*,#1728,.F.);
#523=ORIENTED_EDGE('',*,*,#1729,.T.);
#524=ORIENTED_EDGE('',*,*,#1730,.F.);
#525=ORIENTED_EDGE('',*,*,#1731,.T.);
#526=ORIENTED_EDGE('',*,*,#1732,.T.);
#527=ORIENTED_EDGE('',*,*,#1733,.T.);
#528=ORIENTED_EDGE('',*,*,#1734,.F.);
#529=ORIENTED_EDGE('',*,*,#1735,.T.);
#530=ORIENTED_EDGE('',*,*,#1736,.F.);
#531=ORIENTED_EDGE('',*,*,#1737,.T.);
#532=ORIENTED_EDGE('',*,*,#1738,.F.);
#533=ORIENTED_EDGE('',*,*,#1739,.T.);
#534=ORIENTED_EDGE('',*,*,#1740,.F.);
#535=ORIENTED_EDGE('',*,*,#1741,.T.);
#536=ORIENTED_EDGE('',*,*,#1742,.F.);
#537=ORIENTED_EDGE('',*,*,#1743,.T.);
#538=ORIENTED_EDGE('',*,*,#1744,.F.);
#539=ORIENTED_EDGE('',*,*,#1745,.T.);
#540=ORIENTED_EDGE('',*,*,#1746,.F.);
#541=ORIENTED_EDGE('',*,*,#1747,.T.);
#542=ORIENTED_EDGE('',*,*,#1748,.F.);
#543=ORIENTED_EDGE('',*,*,#1749,.T.);
#544=ORIENTED_EDGE('',*,*,#1750,.T.);
#545=ORIENTED_EDGE('',*,*,#1751,.T.);
#546=ORIENTED_EDGE('',*,*,#1752,.T.);
#547=ORIENTED_EDGE('',*,*,#1753,.T.);
#548=ORIENTED_EDGE('',*,*,#1754,.F.);
#549=ORIENTED_EDGE('',*,*,#1755,.T.);
#550=ORIENTED_EDGE('',*,*,#1756,.T.);
#551=ORIENTED_EDGE('',*,*,#1757,.T.);
#552=ORIENTED_EDGE('',*,*,#1758,.T.);
#553=ORIENTED_EDGE('',*,*,#1759,.T.);
#554=ORIENTED_EDGE('',*,*,#1760,.F.);
#555=ORIENTED_EDGE('',*,*,#1761,.T.);
#556=ORIENTED_EDGE('',*,*,#1762,.F.);
#557=ORIENTED_EDGE('',*,*,#1763,.T.);
#558=ORIENTED_EDGE('',*,*,#1764,.T.);
#559=ORIENTED_EDGE('',*,*,#1765,.T.);
#560=ORIENTED_EDGE('',*,*,#1766,.T.);
#561=ORIENTED_EDGE('',*,*,#1767,.T.);
#562=ORIENTED_EDGE('',*,*,#1768,.F.);
#563=ORIENTED_EDGE('',*,*,#1769,.T.);
#564=ORIENTED_EDGE('',*,*,#1770,.F.);
#565=ORIENTED_EDGE('',*,*,#1771,.T.);
#566=ORIENTED_EDGE('',*,*,#1772,.F.);
#567=ORIENTED_EDGE('',*,*,#1773,.T.);
#568=ORIENTED_EDGE('',*,*,#1774,.T.);
#569=ORIENTED_EDGE('',*,*,#1775,.T.);
#570=ORIENTED_EDGE('',*,*,#1776,.F.);
#571=ORIENTED_EDGE('',*,*,#1777,.T.);
#572=ORIENTED_EDGE('',*,*,#1778,.T.);
#573=ORIENTED_EDGE('',*,*,#1779,.T.);
#574=ORIENTED_EDGE('',*,*,#1780,.F.);
#575=ORIENTED_EDGE('',*,*,#1781,.T.);
#576=ORIENTED_EDGE('',*,*,#1782,.F.);
#577=ORIENTED_EDGE('',*,*,#1783,.T.);
#578=ORIENTED_EDGE('',*,*,#1784,.F.);
#579=ORIENTED_EDGE('',*,*,#1785,.T.);
#580=ORIENTED_EDGE('',*,*,#1786,.F.);
#581=ORIENTED_EDGE('',*,*,#1787,.T.);
#582=ORIENTED_EDGE('',*,*,#1788,.T.);
#583=ORIENTED_EDGE('',*,*,#1789,.T.);
#584=ORIENTED_EDGE('',*,*,#1790,.F.);
#585=ORIENTED_EDGE('',*,*,#1791,.T.);
#586=ORIENTED_EDGE('',*,*,#1792,.F.);
#587=ORIENTED_EDGE('',*,*,#1793,.T.);
#588=ORIENTED_EDGE('',*,*,#1794,.F.);
#589=ORIENTED_EDGE('',*,*,#1795,.T.);
#590=ORIENTED_EDGE('',*,*,#1796,.T.);
#591=ORIENTED_EDGE('',*,*,#1797,.T.);
#592=ORIENTED_EDGE('',*,*,#1798,.T.);
#593=ORIENTED_EDGE('',*,*,#1799,.T.);
#594=ORIENTED_EDGE('',*,*,#1800,.T.);
#595=ORIENTED_EDGE('',*,*,#1801,.T.);
#596=ORIENTED_EDGE('',*,*,#1802,.T.);
#597=ORIENTED_EDGE('',*,*,#1803,.T.);
#598=ORIENTED_EDGE('',*,*,#1804,.F.);
#599=ORIENTED_EDGE('',*,*,#1805,.T.);
#600=ORIENTED_EDGE('',*,*,#1806,.F.);
#601=ORIENTED_EDGE('',*,*,#1807,.T.);
#602=ORIENTED_EDGE('',*,*,#1808,.T.);
#603=ORIENTED_EDGE('',*,*,#1809,.T.);
#604=ORIENTED_EDGE('',*,*,#1810,.F.);
#605=ORIENTED_EDGE('',*,*,#1811,.T.);
#606=ORIENTED_EDGE('',*,*,#1812,.T.);
#607=ORIENTED_EDGE('',*,*,#1813,.T.);
#608=ORIENTED_EDGE('',*,*,#1814,.T.);
#609=ORIENTED_EDGE('',*,*,#1815,.T.);
#610=ORIENTED_EDGE('',*,*,#1816,.T.);
#611=ORIENTED_EDGE('',*,*,#1817,.T.);
#612=ORIENTED_EDGE('',*,*,#1818,.T.);
#613=ORIENTED_EDGE('',*,*,#1819,.T.);
#614=ORIENTED_EDGE('',*,*,#1820,.T.);
#615=ORIENTED_EDGE('',*,*,#1821,.T.);
#616=ORIENTED_EDGE('',*,*,#1822,.T.);
#617=ORIENTED_EDGE('',*,*,#1823,.T.);
#618=ORIENTED_EDGE('',*,*,#1824,.T.);
#619=ORIENTED_EDGE('',*,*,#1825,.T.);
#620=ORIENTED_EDGE('',*,*,#1826,.F.);
#621=ORIENTED_EDGE('',*,*,#1827,.F.);
#622=ORIENTED_EDGE('',*,*,#1828,.T.);
#623=ORIENTED_EDGE('',*,*,#1829,.T.);
#624=ORIENTED_EDGE('',*,*,#1830,.F.);
#625=ORIENTED_EDGE('',*,*,#1831,.F.);
#626=ORIENTED_EDGE('',*,*,#1832,.T.);
#627=ORIENTED_EDGE('',*,*,#1833,.T.);
#628=ORIENTED_EDGE('',*,*,#1834,.F.);
#629=ORIENTED_EDGE('',*,*,#1835,.F.);
#630=ORIENTED_EDGE('',*,*,#1836,.F.);
#631=ORIENTED_EDGE('',*,*,#1837,.T.);
#632=ORIENTED_EDGE('',*,*,#1838,.T.);
#633=ORIENTED_EDGE('',*,*,#1839,.T.);
#634=ORIENTED_EDGE('',*,*,#1840,.T.);
#635=ORIENTED_EDGE('',*,*,#1841,.T.);
#636=ORIENTED_EDGE('',*,*,#1842,.F.);
#637=ORIENTED_EDGE('',*,*,#1843,.T.);
#638=ORIENTED_EDGE('',*,*,#1844,.T.);
#639=ORIENTED_EDGE('',*,*,#1845,.F.);
#640=ORIENTED_EDGE('',*,*,#1846,.F.);
#641=ORIENTED_EDGE('',*,*,#1847,.F.);
#642=ORIENTED_EDGE('',*,*,#1848,.F.);
#643=ORIENTED_EDGE('',*,*,#1849,.T.);
#644=ORIENTED_EDGE('',*,*,#1850,.T.);
#645=ORIENTED_EDGE('',*,*,#1851,.T.);
#646=ORIENTED_EDGE('',*,*,#1852,.F.);
#647=ORIENTED_EDGE('',*,*,#1853,.T.);
#648=ORIENTED_EDGE('',*,*,#1854,.T.);
#649=ORIENTED_EDGE('',*,*,#1855,.T.);
#650=ORIENTED_EDGE('',*,*,#1856,.T.);
#651=ORIENTED_EDGE('',*,*,#1857,.T.);
#652=ORIENTED_EDGE('',*,*,#1858,.F.);
#653=ORIENTED_EDGE('',*,*,#1859,.T.);
#654=ORIENTED_EDGE('',*,*,#1860,.T.);
#655=ORIENTED_EDGE('',*,*,#1861,.F.);
#656=ORIENTED_EDGE('',*,*,#1862,.T.);
#657=ORIENTED_EDGE('',*,*,#1863,.T.);
#658=ORIENTED_EDGE('',*,*,#1864,.T.);
#659=ORIENTED_EDGE('',*,*,#1865,.T.);
#660=ORIENTED_EDGE('',*,*,#1866,.T.);
#661=ORIENTED_EDGE('',*,*,#1867,.F.);
#662=ORIENTED_EDGE('',*,*,#1868,.T.);
#663=ORIENTED_EDGE('',*,*,#1869,.T.);
#664=ORIENTED_EDGE('',*,*,#1870,.T.);
#665=ORIENTED_EDGE('',*,*,#1871,.F.);
#666=ORIENTED_EDGE('',*,*,#1872,.T.);
#667=ORIENTED_EDGE('',*,*,#1873,.F.);
#668=ORIENTED_EDGE('',*,*,#1874,.T.);
#669=ORIENTED_EDGE('',*,*,#1875,.T.);
#670=ORIENTED_EDGE('',*,*,#1876,.T.);
#671=ORIENTED_EDGE('',*,*,#1877,.T.);
#672=ORIENTED_EDGE('',*,*,#1878,.T.);
#673=ORIENTED_EDGE('',*,*,#1879,.F.);
#674=ORIENTED_EDGE('',*,*,#1880,.T.);
#675=ORIENTED_EDGE('',*,*,#1881,.T.);
#676=ORIENTED_EDGE('',*,*,#1882,.T.);
#677=ORIENTED_EDGE('',*,*,#1883,.T.);
#678=ORIENTED_EDGE('',*,*,#1884,.T.);
#679=ORIENTED_EDGE('',*,*,#1885,.F.);
#680=ORIENTED_EDGE('',*,*,#1886,.T.);
#681=ORIENTED_EDGE('',*,*,#1887,.T.);
#682=ORIENTED_EDGE('',*,*,#1888,.T.);
#683=ORIENTED_EDGE('',*,*,#1889,.T.);
#684=ORIENTED_EDGE('',*,*,#1890,.T.);
#685=ORIENTED_EDGE('',*,*,#1891,.F.);
#686=ORIENTED_EDGE('',*,*,#1892,.T.);
#687=ORIENTED_EDGE('',*,*,#1893,.T.);
#688=ORIENTED_EDGE('',*,*,#1894,.F.);
#689=ORIENTED_EDGE('',*,*,#1895,.T.);
#690=ORIENTED_EDGE('',*,*,#1896,.T.);
#691=ORIENTED_EDGE('',*,*,#1897,.T.);
#692=ORIENTED_EDGE('',*,*,#1898,.T.);
#693=ORIENTED_EDGE('',*,*,#1899,.T.);
#694=ORIENTED_EDGE('',*,*,#1900,.F.);
#695=ORIENTED_EDGE('',*,*,#1901,.T.);
#696=ORIENTED_EDGE('',*,*,#1902,.T.);
#697=ORIENTED_EDGE('',*,*,#1903,.T.);
#698=ORIENTED_EDGE('',*,*,#1904,.T.);
#699=ORIENTED_EDGE('',*,*,#1905,.F.);
#700=ORIENTED_EDGE('',*,*,#1906,.T.);
#701=ORIENTED_EDGE('',*,*,#1907,.T.);
#702=ORIENTED_EDGE('',*,*,#1908,.T.);
#703=ORIENTED_EDGE('',*,*,#1909,.T.);
#704=ORIENTED_EDGE('',*,*,#1910,.T.);
#705=ORIENTED_EDGE('',*,*,#1911,.T.);
#706=ORIENTED_EDGE('',*,*,#1912,.T.);
#707=ORIENTED_EDGE('',*,*,#1913,.F.);
#708=ORIENTED_EDGE('',*,*,#1914,.T.);
#709=ORIENTED_EDGE('',*,*,#1915,.F.);
#710=ORIENTED_EDGE('',*,*,#1916,.T.);
#711=ORIENTED_EDGE('',*,*,#1917,.F.);
#712=ORIENTED_EDGE('',*,*,#1918,.T.);
#713=ORIENTED_EDGE('',*,*,#1919,.F.);
#714=ORIENTED_EDGE('',*,*,#1920,.T.);
#715=ORIENTED_EDGE('',*,*,#1921,.F.);
#716=ORIENTED_EDGE('',*,*,#1922,.T.);
#717=ORIENTED_EDGE('',*,*,#1923,.F.);
#718=ORIENTED_EDGE('',*,*,#1924,.T.);
#719=ORIENTED_EDGE('',*,*,#1925,.T.);
#720=ORIENTED_EDGE('',*,*,#1926,.T.);
#721=ORIENTED_EDGE('',*,*,#1844,.F.);
#722=ORIENTED_EDGE('',*,*,#1927,.F.);
#723=ORIENTED_EDGE('',*,*,#1582,.T.);
#724=ORIENTED_EDGE('',*,*,#1928,.T.);
#725=ORIENTED_EDGE('',*,*,#1847,.T.);
#726=ORIENTED_EDGE('',*,*,#1929,.F.);
#727=ORIENTED_EDGE('',*,*,#1583,.F.);
#728=ORIENTED_EDGE('',*,*,#1927,.T.);
#729=ORIENTED_EDGE('',*,*,#1846,.T.);
#730=ORIENTED_EDGE('',*,*,#1930,.F.);
#731=ORIENTED_EDGE('',*,*,#1584,.F.);
#732=ORIENTED_EDGE('',*,*,#1929,.T.);
#733=ORIENTED_EDGE('',*,*,#1838,.F.);
#734=ORIENTED_EDGE('',*,*,#1931,.T.);
#735=ORIENTED_EDGE('',*,*,#1574,.T.);
#736=ORIENTED_EDGE('',*,*,#1932,.T.);
#737=ORIENTED_EDGE('',*,*,#1576,.F.);
#738=ORIENTED_EDGE('',*,*,#1933,.T.);
#739=ORIENTED_EDGE('',*,*,#1836,.T.);
#740=ORIENTED_EDGE('',*,*,#1934,.T.);
#741=ORIENTED_EDGE('',*,*,#1578,.F.);
#742=ORIENTED_EDGE('',*,*,#1935,.T.);
#743=ORIENTED_EDGE('',*,*,#1842,.T.);
#744=ORIENTED_EDGE('',*,*,#1936,.T.);
#745=ORIENTED_EDGE('',*,*,#1832,.F.);
#746=ORIENTED_EDGE('',*,*,#1937,.F.);
#747=ORIENTED_EDGE('',*,*,#1570,.T.);
#748=ORIENTED_EDGE('',*,*,#1938,.T.);
#749=ORIENTED_EDGE('',*,*,#1835,.T.);
#750=ORIENTED_EDGE('',*,*,#1939,.F.);
#751=ORIENTED_EDGE('',*,*,#1571,.F.);
#752=ORIENTED_EDGE('',*,*,#1937,.T.);
#753=ORIENTED_EDGE('',*,*,#1834,.T.);
#754=ORIENTED_EDGE('',*,*,#1940,.F.);
#755=ORIENTED_EDGE('',*,*,#1572,.F.);
#756=ORIENTED_EDGE('',*,*,#1939,.T.);
#757=ORIENTED_EDGE('',*,*,#1828,.F.);
#758=ORIENTED_EDGE('',*,*,#1941,.F.);
#759=ORIENTED_EDGE('',*,*,#1566,.T.);
#760=ORIENTED_EDGE('',*,*,#1942,.T.);
#761=ORIENTED_EDGE('',*,*,#1831,.T.);
#762=ORIENTED_EDGE('',*,*,#1943,.F.);
#763=ORIENTED_EDGE('',*,*,#1567,.F.);
#764=ORIENTED_EDGE('',*,*,#1941,.T.);
#765=ORIENTED_EDGE('',*,*,#1830,.T.);
#766=ORIENTED_EDGE('',*,*,#1944,.F.);
#767=ORIENTED_EDGE('',*,*,#1568,.F.);
#768=ORIENTED_EDGE('',*,*,#1943,.T.);
#769=ORIENTED_EDGE('',*,*,#1824,.F.);
#770=ORIENTED_EDGE('',*,*,#1945,.F.);
#771=ORIENTED_EDGE('',*,*,#1562,.T.);
#772=ORIENTED_EDGE('',*,*,#1946,.T.);
#773=ORIENTED_EDGE('',*,*,#1827,.T.);
#774=ORIENTED_EDGE('',*,*,#1947,.F.);
#775=ORIENTED_EDGE('',*,*,#1563,.F.);
#776=ORIENTED_EDGE('',*,*,#1945,.T.);
#777=ORIENTED_EDGE('',*,*,#1826,.T.);
#778=ORIENTED_EDGE('',*,*,#1948,.F.);
#779=ORIENTED_EDGE('',*,*,#1564,.F.);
#780=ORIENTED_EDGE('',*,*,#1947,.T.);
#781=ORIENTED_EDGE('',*,*,#1840,.F.);
#782=ORIENTED_EDGE('',*,*,#1949,.T.);
#783=ORIENTED_EDGE('',*,*,#1580,.T.);
#784=ORIENTED_EDGE('',*,*,#1950,.T.);
#785=ORIENTED_EDGE('',*,*,#1833,.F.);
#786=ORIENTED_EDGE('',*,*,#1938,.F.);
#787=ORIENTED_EDGE('',*,*,#1573,.T.);
#788=ORIENTED_EDGE('',*,*,#1940,.T.);
#789=ORIENTED_EDGE('',*,*,#1829,.F.);
#790=ORIENTED_EDGE('',*,*,#1942,.F.);
#791=ORIENTED_EDGE('',*,*,#1569,.T.);
#792=ORIENTED_EDGE('',*,*,#1944,.T.);
#793=ORIENTED_EDGE('',*,*,#1825,.F.);
#794=ORIENTED_EDGE('',*,*,#1946,.F.);
#795=ORIENTED_EDGE('',*,*,#1565,.T.);
#796=ORIENTED_EDGE('',*,*,#1948,.T.);
#797=ORIENTED_EDGE('',*,*,#1561,.T.);
#798=ORIENTED_EDGE('',*,*,#1823,.F.);
#799=ORIENTED_EDGE('',*,*,#1560,.T.);
#800=ORIENTED_EDGE('',*,*,#1822,.F.);
#801=ORIENTED_EDGE('',*,*,#1559,.T.);
#802=ORIENTED_EDGE('',*,*,#1821,.F.);
#803=ORIENTED_EDGE('',*,*,#1558,.T.);
#804=ORIENTED_EDGE('',*,*,#1820,.F.);
#805=ORIENTED_EDGE('',*,*,#1557,.T.);
#806=ORIENTED_EDGE('',*,*,#1819,.F.);
#807=ORIENTED_EDGE('',*,*,#1556,.T.);
#808=ORIENTED_EDGE('',*,*,#1818,.F.);
#809=ORIENTED_EDGE('',*,*,#1845,.T.);
#810=ORIENTED_EDGE('',*,*,#1928,.F.);
#811=ORIENTED_EDGE('',*,*,#1585,.F.);
#812=ORIENTED_EDGE('',*,*,#1930,.T.);
#813=ORIENTED_EDGE('',*,*,#1588,.F.);
#814=ORIENTED_EDGE('',*,*,#1951,.T.);
#815=ORIENTED_EDGE('',*,*,#1810,.T.);
#816=ORIENTED_EDGE('',*,*,#1952,.T.);
#817=ORIENTED_EDGE('',*,*,#1586,.T.);
#818=ORIENTED_EDGE('',*,*,#1953,.T.);
#819=ORIENTED_EDGE('',*,*,#1812,.F.);
#820=ORIENTED_EDGE('',*,*,#1954,.T.);
#821=ORIENTED_EDGE('',*,*,#1592,.T.);
#822=ORIENTED_EDGE('',*,*,#1955,.T.);
#823=ORIENTED_EDGE('',*,*,#1814,.F.);
#824=ORIENTED_EDGE('',*,*,#1956,.T.);
#825=ORIENTED_EDGE('',*,*,#1816,.F.);
#826=ORIENTED_EDGE('',*,*,#1957,.T.);
#827=ORIENTED_EDGE('',*,*,#1590,.T.);
#828=ORIENTED_EDGE('',*,*,#1958,.T.);
#829=ORIENTED_EDGE('',*,*,#1848,.T.);
#830=ORIENTED_EDGE('',*,*,#1959,.T.);
#831=ORIENTED_EDGE('',*,*,#1596,.F.);
#832=ORIENTED_EDGE('',*,*,#1960,.T.);
#833=ORIENTED_EDGE('',*,*,#1594,.T.);
#834=ORIENTED_EDGE('',*,*,#1961,.T.);
#835=ORIENTED_EDGE('',*,*,#1850,.F.);
#836=ORIENTED_EDGE('',*,*,#1962,.T.);
#837=ORIENTED_EDGE('',*,*,#1852,.T.);
#838=ORIENTED_EDGE('',*,*,#1963,.T.);
#839=ORIENTED_EDGE('',*,*,#1598,.F.);
#840=ORIENTED_EDGE('',*,*,#1964,.T.);
#841=ORIENTED_EDGE('',*,*,#1804,.T.);
#842=ORIENTED_EDGE('',*,*,#1965,.T.);
#843=ORIENTED_EDGE('',*,*,#1604,.F.);
#844=ORIENTED_EDGE('',*,*,#1966,.T.);
#845=ORIENTED_EDGE('',*,*,#1602,.F.);
#846=ORIENTED_EDGE('',*,*,#1967,.T.);
#847=ORIENTED_EDGE('',*,*,#1806,.T.);
#848=ORIENTED_EDGE('',*,*,#1968,.T.);
#849=ORIENTED_EDGE('',*,*,#1600,.T.);
#850=ORIENTED_EDGE('',*,*,#1969,.T.);
#851=ORIENTED_EDGE('',*,*,#1808,.F.);
#852=ORIENTED_EDGE('',*,*,#1970,.T.);
#853=ORIENTED_EDGE('',*,*,#1606,.T.);
#854=ORIENTED_EDGE('',*,*,#1971,.T.);
#855=ORIENTED_EDGE('',*,*,#1856,.F.);
#856=ORIENTED_EDGE('',*,*,#1972,.T.);
#857=ORIENTED_EDGE('',*,*,#1611,.F.);
#858=ORIENTED_EDGE('',*,*,#1973,.T.);
#859=ORIENTED_EDGE('',*,*,#1858,.T.);
#860=ORIENTED_EDGE('',*,*,#1974,.T.);
#861=ORIENTED_EDGE('',*,*,#1860,.F.);
#862=ORIENTED_EDGE('',*,*,#1975,.T.);
#863=ORIENTED_EDGE('',*,*,#1609,.T.);
#864=ORIENTED_EDGE('',*,*,#1976,.T.);
#865=ORIENTED_EDGE('',*,*,#1550,.T.);
#866=ORIENTED_EDGE('',*,*,#1977,.T.);
#867=ORIENTED_EDGE('',*,*,#1802,.F.);
#868=ORIENTED_EDGE('',*,*,#1978,.T.);
#869=ORIENTED_EDGE('',*,*,#1554,.T.);
#870=ORIENTED_EDGE('',*,*,#1979,.T.);
#871=ORIENTED_EDGE('',*,*,#1798,.F.);
#872=ORIENTED_EDGE('',*,*,#1980,.T.);
#873=ORIENTED_EDGE('',*,*,#1800,.F.);
#874=ORIENTED_EDGE('',*,*,#1981,.T.);
#875=ORIENTED_EDGE('',*,*,#1552,.T.);
#876=ORIENTED_EDGE('',*,*,#1982,.T.);
#877=ORIENTED_EDGE('',*,*,#1615,.F.);
#878=ORIENTED_EDGE('',*,*,#1983,.T.);
#879=ORIENTED_EDGE('',*,*,#1792,.T.);
#880=ORIENTED_EDGE('',*,*,#1984,.T.);
#881=ORIENTED_EDGE('',*,*,#1794,.T.);
#882=ORIENTED_EDGE('',*,*,#1985,.T.);
#883=ORIENTED_EDGE('',*,*,#1613,.F.);
#884=ORIENTED_EDGE('',*,*,#1986,.T.);
#885=ORIENTED_EDGE('',*,*,#1617,.T.);
#886=ORIENTED_EDGE('',*,*,#1987,.T.);
#887=ORIENTED_EDGE('',*,*,#1796,.F.);
#888=ORIENTED_EDGE('',*,*,#1988,.T.);
#889=ORIENTED_EDGE('',*,*,#1861,.T.);
#890=ORIENTED_EDGE('',*,*,#1989,.T.);
#891=ORIENTED_EDGE('',*,*,#1621,.F.);
#892=ORIENTED_EDGE('',*,*,#1990,.T.);
#893=ORIENTED_EDGE('',*,*,#1619,.T.);
#894=ORIENTED_EDGE('',*,*,#1991,.T.);
#895=ORIENTED_EDGE('',*,*,#1863,.F.);
#896=ORIENTED_EDGE('',*,*,#1992,.T.);
#897=ORIENTED_EDGE('',*,*,#1623,.T.);
#898=ORIENTED_EDGE('',*,*,#1993,.T.);
#899=ORIENTED_EDGE('',*,*,#1865,.F.);
#900=ORIENTED_EDGE('',*,*,#1994,.T.);
#901=ORIENTED_EDGE('',*,*,#1629,.F.);
#902=ORIENTED_EDGE('',*,*,#1995,.T.);
#903=ORIENTED_EDGE('',*,*,#1782,.T.);
#904=ORIENTED_EDGE('',*,*,#1996,.T.);
#905=ORIENTED_EDGE('',*,*,#1627,.F.);
#906=ORIENTED_EDGE('',*,*,#1997,.T.);
#907=ORIENTED_EDGE('',*,*,#1784,.T.);
#908=ORIENTED_EDGE('',*,*,#1998,.T.);
#909=ORIENTED_EDGE('',*,*,#1625,.F.);
#910=ORIENTED_EDGE('',*,*,#1999,.T.);
#911=ORIENTED_EDGE('',*,*,#1786,.T.);
#912=ORIENTED_EDGE('',*,*,#2000,.T.);
#913=ORIENTED_EDGE('',*,*,#1788,.F.);
#914=ORIENTED_EDGE('',*,*,#2001,.T.);
#915=ORIENTED_EDGE('',*,*,#1633,.T.);
#916=ORIENTED_EDGE('',*,*,#2002,.T.);
#917=ORIENTED_EDGE('',*,*,#1790,.T.);
#918=ORIENTED_EDGE('',*,*,#2003,.T.);
#919=ORIENTED_EDGE('',*,*,#1631,.F.);
#920=ORIENTED_EDGE('',*,*,#2004,.T.);
#921=ORIENTED_EDGE('',*,*,#1867,.T.);
#922=ORIENTED_EDGE('',*,*,#2005,.T.);
#923=ORIENTED_EDGE('',*,*,#1637,.F.);
#924=ORIENTED_EDGE('',*,*,#2006,.T.);
#925=ORIENTED_EDGE('',*,*,#1635,.T.);
#926=ORIENTED_EDGE('',*,*,#2007,.T.);
#927=ORIENTED_EDGE('',*,*,#1869,.F.);
#928=ORIENTED_EDGE('',*,*,#2008,.T.);
#929=ORIENTED_EDGE('',*,*,#1871,.T.);
#930=ORIENTED_EDGE('',*,*,#2009,.T.);
#931=ORIENTED_EDGE('',*,*,#1639,.F.);
#932=ORIENTED_EDGE('',*,*,#2010,.T.);
#933=ORIENTED_EDGE('',*,*,#1643,.F.);
#934=ORIENTED_EDGE('',*,*,#2011,.T.);
#935=ORIENTED_EDGE('',*,*,#1776,.T.);
#936=ORIENTED_EDGE('',*,*,#2012,.T.);
#937=ORIENTED_EDGE('',*,*,#1778,.F.);
#938=ORIENTED_EDGE('',*,*,#2013,.T.);
#939=ORIENTED_EDGE('',*,*,#1641,.T.);
#940=ORIENTED_EDGE('',*,*,#2014,.T.);
#941=ORIENTED_EDGE('',*,*,#1645,.F.);
#942=ORIENTED_EDGE('',*,*,#2015,.T.);
#943=ORIENTED_EDGE('',*,*,#1780,.T.);
#944=ORIENTED_EDGE('',*,*,#2016,.T.);
#945=ORIENTED_EDGE('',*,*,#1649,.F.);
#946=ORIENTED_EDGE('',*,*,#2017,.T.);
#947=ORIENTED_EDGE('',*,*,#1873,.T.);
#948=ORIENTED_EDGE('',*,*,#2018,.T.);
#949=ORIENTED_EDGE('',*,*,#1875,.F.);
#950=ORIENTED_EDGE('',*,*,#2019,.T.);
#951=ORIENTED_EDGE('',*,*,#1647,.T.);
#952=ORIENTED_EDGE('',*,*,#2020,.T.);
#953=ORIENTED_EDGE('',*,*,#1651,.T.);
#954=ORIENTED_EDGE('',*,*,#2021,.T.);
#955=ORIENTED_EDGE('',*,*,#1877,.F.);
#956=ORIENTED_EDGE('',*,*,#2022,.T.);
#957=ORIENTED_EDGE('',*,*,#1768,.T.);
#958=ORIENTED_EDGE('',*,*,#2023,.T.);
#959=ORIENTED_EDGE('',*,*,#1657,.F.);
#960=ORIENTED_EDGE('',*,*,#2024,.T.);
#961=ORIENTED_EDGE('',*,*,#1770,.T.);
#962=ORIENTED_EDGE('',*,*,#2025,.T.);
#963=ORIENTED_EDGE('',*,*,#1655,.F.);
#964=ORIENTED_EDGE('',*,*,#2026,.T.);
#965=ORIENTED_EDGE('',*,*,#1772,.T.);
#966=ORIENTED_EDGE('',*,*,#2027,.T.);
#967=ORIENTED_EDGE('',*,*,#1653,.F.);
#968=ORIENTED_EDGE('',*,*,#2028,.T.);
#969=ORIENTED_EDGE('',*,*,#1659,.T.);
#970=ORIENTED_EDGE('',*,*,#2029,.T.);
#971=ORIENTED_EDGE('',*,*,#1774,.F.);
#972=ORIENTED_EDGE('',*,*,#2030,.T.);
#973=ORIENTED_EDGE('',*,*,#1879,.T.);
#974=ORIENTED_EDGE('',*,*,#2031,.T.);
#975=ORIENTED_EDGE('',*,*,#1663,.F.);
#976=ORIENTED_EDGE('',*,*,#2032,.T.);
#977=ORIENTED_EDGE('',*,*,#1661,.T.);
#978=ORIENTED_EDGE('',*,*,#2033,.T.);
#979=ORIENTED_EDGE('',*,*,#1881,.F.);
#980=ORIENTED_EDGE('',*,*,#2034,.T.);
#981=ORIENTED_EDGE('',*,*,#1883,.F.);
#982=ORIENTED_EDGE('',*,*,#2035,.T.);
#983=ORIENTED_EDGE('',*,*,#1665,.T.);
#984=ORIENTED_EDGE('',*,*,#2036,.T.);
#985=ORIENTED_EDGE('',*,*,#1762,.T.);
#986=ORIENTED_EDGE('',*,*,#2037,.T.);
#987=ORIENTED_EDGE('',*,*,#1669,.F.);
#988=ORIENTED_EDGE('',*,*,#2038,.T.);
#989=ORIENTED_EDGE('',*,*,#1667,.T.);
#990=ORIENTED_EDGE('',*,*,#2039,.T.);
#991=ORIENTED_EDGE('',*,*,#1764,.F.);
#992=ORIENTED_EDGE('',*,*,#2040,.T.);
#993=ORIENTED_EDGE('',*,*,#1671,.T.);
#994=ORIENTED_EDGE('',*,*,#2041,.T.);
#995=ORIENTED_EDGE('',*,*,#1766,.F.);
#996=ORIENTED_EDGE('',*,*,#2042,.T.);
#997=ORIENTED_EDGE('',*,*,#1675,.F.);
#998=ORIENTED_EDGE('',*,*,#2043,.T.);
#999=ORIENTED_EDGE('',*,*,#1885,.T.);
#1000=ORIENTED_EDGE('',*,*,#2044,.T.);
#1001=ORIENTED_EDGE('',*,*,#1673,.T.);
#1002=ORIENTED_EDGE('',*,*,#2045,.T.);
#1003=ORIENTED_EDGE('',*,*,#1887,.F.);
#1004=ORIENTED_EDGE('',*,*,#2046,.T.);
#1005=ORIENTED_EDGE('',*,*,#1889,.F.);
#1006=ORIENTED_EDGE('',*,*,#2047,.T.);
#1007=ORIENTED_EDGE('',*,*,#1677,.T.);
#1008=ORIENTED_EDGE('',*,*,#2048,.T.);
#1009=ORIENTED_EDGE('',*,*,#1542,.T.);
#1010=ORIENTED_EDGE('',*,*,#2049,.T.);
#1011=ORIENTED_EDGE('',*,*,#1756,.F.);
#1012=ORIENTED_EDGE('',*,*,#2050,.T.);
#1013=ORIENTED_EDGE('',*,*,#1548,.T.);
#1014=ORIENTED_EDGE('',*,*,#2051,.T.);
#1015=ORIENTED_EDGE('',*,*,#1758,.F.);
#1016=ORIENTED_EDGE('',*,*,#2052,.T.);
#1017=ORIENTED_EDGE('',*,*,#1546,.F.);
#1018=ORIENTED_EDGE('',*,*,#2053,.T.);
#1019=ORIENTED_EDGE('',*,*,#1760,.T.);
#1020=ORIENTED_EDGE('',*,*,#2054,.T.);
#1021=ORIENTED_EDGE('',*,*,#1754,.T.);
#1022=ORIENTED_EDGE('',*,*,#2055,.T.);
#1023=ORIENTED_EDGE('',*,*,#1544,.F.);
#1024=ORIENTED_EDGE('',*,*,#2056,.T.);
#1025=ORIENTED_EDGE('',*,*,#1536,.T.);
#1026=ORIENTED_EDGE('',*,*,#2057,.T.);
#1027=ORIENTED_EDGE('',*,*,#1750,.F.);
#1028=ORIENTED_EDGE('',*,*,#2058,.T.);
#1029=ORIENTED_EDGE('',*,*,#1540,.T.);
#1030=ORIENTED_EDGE('',*,*,#2059,.T.);
#1031=ORIENTED_EDGE('',*,*,#1752,.F.);
#1032=ORIENTED_EDGE('',*,*,#2060,.T.);
#1033=ORIENTED_EDGE('',*,*,#1748,.T.);
#1034=ORIENTED_EDGE('',*,*,#2061,.T.);
#1035=ORIENTED_EDGE('',*,*,#1538,.F.);
#1036=ORIENTED_EDGE('',*,*,#2062,.T.);
#1037=ORIENTED_EDGE('',*,*,#1683,.F.);
#1038=ORIENTED_EDGE('',*,*,#2063,.T.);
#1039=ORIENTED_EDGE('',*,*,#1740,.T.);
#1040=ORIENTED_EDGE('',*,*,#2064,.T.);
#1041=ORIENTED_EDGE('',*,*,#1681,.F.);
#1042=ORIENTED_EDGE('',*,*,#2065,.T.);
#1043=ORIENTED_EDGE('',*,*,#1742,.T.);
#1044=ORIENTED_EDGE('',*,*,#2066,.T.);
#1045=ORIENTED_EDGE('',*,*,#1744,.T.);
#1046=ORIENTED_EDGE('',*,*,#2067,.T.);
#1047=ORIENTED_EDGE('',*,*,#1679,.F.);
#1048=ORIENTED_EDGE('',*,*,#2068,.T.);
#1049=ORIENTED_EDGE('',*,*,#1685,.F.);
#1050=ORIENTED_EDGE('',*,*,#2069,.T.);
#1051=ORIENTED_EDGE('',*,*,#1746,.T.);
#1052=ORIENTED_EDGE('',*,*,#2070,.T.);
#1053=ORIENTED_EDGE('',*,*,#2071,.T.);
#1054=ORIENTED_EDGE('',*,*,#1533,.T.);
#1055=ORIENTED_EDGE('',*,*,#2072,.F.);
#1056=ORIENTED_EDGE('',*,*,#1892,.F.);
#1057=ORIENTED_EDGE('',*,*,#2072,.T.);
#1058=ORIENTED_EDGE('',*,*,#1535,.T.);
#1059=ORIENTED_EDGE('',*,*,#2073,.F.);
#1060=ORIENTED_EDGE('',*,*,#1893,.F.);
#1061=ORIENTED_EDGE('',*,*,#1891,.T.);
#1062=ORIENTED_EDGE('',*,*,#2073,.T.);
#1063=ORIENTED_EDGE('',*,*,#1534,.F.);
#1064=ORIENTED_EDGE('',*,*,#2071,.F.);
#1065=ORIENTED_EDGE('',*,*,#1896,.F.);
#1066=ORIENTED_EDGE('',*,*,#2074,.T.);
#1067=ORIENTED_EDGE('',*,*,#1527,.T.);
#1068=ORIENTED_EDGE('',*,*,#2075,.T.);
#1069=ORIENTED_EDGE('',*,*,#1898,.F.);
#1070=ORIENTED_EDGE('',*,*,#2076,.T.);
#1071=ORIENTED_EDGE('',*,*,#1531,.T.);
#1072=ORIENTED_EDGE('',*,*,#2077,.T.);
#1073=ORIENTED_EDGE('',*,*,#1529,.F.);
#1074=ORIENTED_EDGE('',*,*,#2078,.T.);
#1075=ORIENTED_EDGE('',*,*,#1894,.T.);
#1076=ORIENTED_EDGE('',*,*,#2079,.T.);
#1077=ORIENTED_EDGE('',*,*,#1689,.F.);
#1078=ORIENTED_EDGE('',*,*,#2080,.T.);
#1079=ORIENTED_EDGE('',*,*,#1900,.T.);
#1080=ORIENTED_EDGE('',*,*,#2081,.T.);
#1081=ORIENTED_EDGE('',*,*,#1902,.F.);
#1082=ORIENTED_EDGE('',*,*,#2082,.T.);
#1083=ORIENTED_EDGE('',*,*,#1687,.T.);
#1084=ORIENTED_EDGE('',*,*,#2083,.T.);
#1085=ORIENTED_EDGE('',*,*,#1905,.T.);
#1086=ORIENTED_EDGE('',*,*,#2084,.T.);
#1087=ORIENTED_EDGE('',*,*,#1691,.F.);
#1088=ORIENTED_EDGE('',*,*,#2085,.T.);
#1089=ORIENTED_EDGE('',*,*,#1698,.F.);
#1090=ORIENTED_EDGE('',*,*,#2086,.T.);
#1091=ORIENTED_EDGE('',*,*,#1734,.T.);
#1092=ORIENTED_EDGE('',*,*,#2087,.T.);
#1093=ORIENTED_EDGE('',*,*,#1696,.F.);
#1094=ORIENTED_EDGE('',*,*,#2088,.T.);
#1095=ORIENTED_EDGE('',*,*,#1736,.T.);
#1096=ORIENTED_EDGE('',*,*,#2089,.T.);
#1097=ORIENTED_EDGE('',*,*,#1738,.T.);
#1098=ORIENTED_EDGE('',*,*,#2090,.T.);
#1099=ORIENTED_EDGE('',*,*,#1694,.F.);
#1100=ORIENTED_EDGE('',*,*,#2091,.T.);
#1101=ORIENTED_EDGE('',*,*,#1521,.T.);
#1102=ORIENTED_EDGE('',*,*,#2092,.T.);
#1103=ORIENTED_EDGE('',*,*,#1911,.F.);
#1104=ORIENTED_EDGE('',*,*,#2093,.T.);
#1105=ORIENTED_EDGE('',*,*,#1907,.F.);
#1106=ORIENTED_EDGE('',*,*,#2094,.T.);
#1107=ORIENTED_EDGE('',*,*,#1525,.T.);
#1108=ORIENTED_EDGE('',*,*,#2095,.T.);
#1109=ORIENTED_EDGE('',*,*,#1523,.T.);
#1110=ORIENTED_EDGE('',*,*,#2096,.T.);
#1111=ORIENTED_EDGE('',*,*,#1909,.F.);
#1112=ORIENTED_EDGE('',*,*,#2097,.T.);
#1113=ORIENTED_EDGE('',*,*,#1913,.T.);
#1114=ORIENTED_EDGE('',*,*,#2098,.T.);
#1115=ORIENTED_EDGE('',*,*,#1704,.F.);
#1116=ORIENTED_EDGE('',*,*,#2099,.T.);
#1117=ORIENTED_EDGE('',*,*,#1702,.F.);
#1118=ORIENTED_EDGE('',*,*,#2100,.T.);
#1119=ORIENTED_EDGE('',*,*,#1915,.T.);
#1120=ORIENTED_EDGE('',*,*,#2101,.T.);
#1121=ORIENTED_EDGE('',*,*,#1700,.F.);
#1122=ORIENTED_EDGE('',*,*,#2102,.T.);
#1123=ORIENTED_EDGE('',*,*,#1917,.T.);
#1124=ORIENTED_EDGE('',*,*,#2103,.T.);
#1125=ORIENTED_EDGE('',*,*,#1724,.T.);
#1126=ORIENTED_EDGE('',*,*,#2104,.T.);
#1127=ORIENTED_EDGE('',*,*,#1708,.F.);
#1128=ORIENTED_EDGE('',*,*,#2105,.T.);
#1129=ORIENTED_EDGE('',*,*,#1726,.F.);
#1130=ORIENTED_EDGE('',*,*,#2106,.T.);
#1131=ORIENTED_EDGE('',*,*,#1706,.T.);
#1132=ORIENTED_EDGE('',*,*,#2107,.T.);
#1133=ORIENTED_EDGE('',*,*,#1714,.F.);
#1134=ORIENTED_EDGE('',*,*,#2108,.T.);
#1135=ORIENTED_EDGE('',*,*,#1728,.T.);
#1136=ORIENTED_EDGE('',*,*,#2109,.T.);
#1137=ORIENTED_EDGE('',*,*,#1712,.F.);
#1138=ORIENTED_EDGE('',*,*,#2110,.T.);
#1139=ORIENTED_EDGE('',*,*,#1730,.T.);
#1140=ORIENTED_EDGE('',*,*,#2111,.T.);
#1141=ORIENTED_EDGE('',*,*,#1732,.F.);
#1142=ORIENTED_EDGE('',*,*,#2112,.T.);
#1143=ORIENTED_EDGE('',*,*,#1710,.T.);
#1144=ORIENTED_EDGE('',*,*,#2113,.T.);
#1145=ORIENTED_EDGE('',*,*,#1919,.T.);
#1146=ORIENTED_EDGE('',*,*,#2114,.T.);
#1147=ORIENTED_EDGE('',*,*,#1720,.F.);
#1148=ORIENTED_EDGE('',*,*,#2115,.T.);
#1149=ORIENTED_EDGE('',*,*,#1718,.F.);
#1150=ORIENTED_EDGE('',*,*,#2116,.T.);
#1151=ORIENTED_EDGE('',*,*,#1921,.T.);
#1152=ORIENTED_EDGE('',*,*,#2117,.T.);
#1153=ORIENTED_EDGE('',*,*,#1716,.F.);
#1154=ORIENTED_EDGE('',*,*,#2118,.T.);
#1155=ORIENTED_EDGE('',*,*,#1923,.T.);
#1156=ORIENTED_EDGE('',*,*,#2119,.T.);
#1157=ORIENTED_EDGE('',*,*,#1722,.T.);
#1158=ORIENTED_EDGE('',*,*,#2120,.T.);
#1159=ORIENTED_EDGE('',*,*,#1925,.F.);
#1160=ORIENTED_EDGE('',*,*,#2121,.T.);
#1161=ORIENTED_EDGE('',*,*,#1753,.F.);
#1162=ORIENTED_EDGE('',*,*,#2059,.F.);
#1163=ORIENTED_EDGE('',*,*,#1539,.F.);
#1164=ORIENTED_EDGE('',*,*,#2061,.F.);
#1165=ORIENTED_EDGE('',*,*,#1751,.F.);
#1166=ORIENTED_EDGE('',*,*,#2057,.F.);
#1167=ORIENTED_EDGE('',*,*,#1541,.F.);
#1168=ORIENTED_EDGE('',*,*,#2060,.F.);
#1169=ORIENTED_EDGE('',*,*,#1749,.F.);
#1170=ORIENTED_EDGE('',*,*,#2062,.F.);
#1171=ORIENTED_EDGE('',*,*,#1537,.F.);
#1172=ORIENTED_EDGE('',*,*,#2058,.F.);
#1173=ORIENTED_EDGE('',*,*,#1761,.F.);
#1174=ORIENTED_EDGE('',*,*,#2053,.F.);
#1175=ORIENTED_EDGE('',*,*,#1545,.F.);
#1176=ORIENTED_EDGE('',*,*,#2055,.F.);
#1177=ORIENTED_EDGE('',*,*,#1759,.F.);
#1178=ORIENTED_EDGE('',*,*,#2051,.F.);
#1179=ORIENTED_EDGE('',*,*,#1547,.F.);
#1180=ORIENTED_EDGE('',*,*,#2054,.F.);
#1181=ORIENTED_EDGE('',*,*,#1757,.F.);
#1182=ORIENTED_EDGE('',*,*,#2049,.F.);
#1183=ORIENTED_EDGE('',*,*,#1549,.F.);
#1184=ORIENTED_EDGE('',*,*,#2052,.F.);
#1185=ORIENTED_EDGE('',*,*,#1755,.F.);
#1186=ORIENTED_EDGE('',*,*,#2056,.F.);
#1187=ORIENTED_EDGE('',*,*,#1543,.F.);
#1188=ORIENTED_EDGE('',*,*,#2050,.F.);
#1189=ORIENTED_EDGE('',*,*,#1743,.F.);
#1190=ORIENTED_EDGE('',*,*,#2065,.F.);
#1191=ORIENTED_EDGE('',*,*,#1680,.F.);
#1192=ORIENTED_EDGE('',*,*,#2067,.F.);
#1193=ORIENTED_EDGE('',*,*,#1741,.F.);
#1194=ORIENTED_EDGE('',*,*,#2063,.F.);
#1195=ORIENTED_EDGE('',*,*,#1682,.F.);
#1196=ORIENTED_EDGE('',*,*,#2066,.F.);
#1197=ORIENTED_EDGE('',*,*,#1747,.F.);
#1198=ORIENTED_EDGE('',*,*,#2069,.F.);
#1199=ORIENTED_EDGE('',*,*,#1684,.F.);
#1200=ORIENTED_EDGE('',*,*,#2064,.F.);
#1201=ORIENTED_EDGE('',*,*,#1745,.F.);
#1202=ORIENTED_EDGE('',*,*,#2068,.F.);
#1203=ORIENTED_EDGE('',*,*,#1686,.F.);
#1204=ORIENTED_EDGE('',*,*,#2070,.F.);
#1205=ORIENTED_EDGE('',*,*,#1575,.F.);
#1206=ORIENTED_EDGE('',*,*,#1931,.F.);
#1207=ORIENTED_EDGE('',*,*,#1837,.F.);
#1208=ORIENTED_EDGE('',*,*,#1933,.F.);
#1209=ORIENTED_EDGE('',*,*,#1577,.F.);
#1210=ORIENTED_EDGE('',*,*,#1934,.F.);
#1211=ORIENTED_EDGE('',*,*,#1843,.F.);
#1212=ORIENTED_EDGE('',*,*,#1935,.F.);
#1213=ORIENTED_EDGE('',*,*,#1581,.F.);
#1214=ORIENTED_EDGE('',*,*,#1949,.F.);
#1215=ORIENTED_EDGE('',*,*,#1839,.F.);
#1216=ORIENTED_EDGE('',*,*,#1932,.F.);
#1217=ORIENTED_EDGE('',*,*,#1579,.F.);
#1218=ORIENTED_EDGE('',*,*,#1936,.F.);
#1219=ORIENTED_EDGE('',*,*,#1841,.F.);
#1220=ORIENTED_EDGE('',*,*,#1950,.F.);
#1221=ORIENTED_EDGE('',*,*,#1926,.F.);
#1222=ORIENTED_EDGE('',*,*,#2120,.F.);
#1223=ORIENTED_EDGE('',*,*,#1721,.F.);
#1224=ORIENTED_EDGE('',*,*,#2114,.F.);
#1225=ORIENTED_EDGE('',*,*,#1924,.F.);
#1226=ORIENTED_EDGE('',*,*,#2118,.F.);
#1227=ORIENTED_EDGE('',*,*,#1723,.F.);
#1228=ORIENTED_EDGE('',*,*,#2121,.F.);
#1229=ORIENTED_EDGE('',*,*,#1922,.F.);
#1230=ORIENTED_EDGE('',*,*,#2116,.F.);
#1231=ORIENTED_EDGE('',*,*,#1717,.F.);
#1232=ORIENTED_EDGE('',*,*,#2119,.F.);
#1233=ORIENTED_EDGE('',*,*,#1888,.F.);
#1234=ORIENTED_EDGE('',*,*,#2045,.F.);
#1235=ORIENTED_EDGE('',*,*,#1678,.F.);
#1236=ORIENTED_EDGE('',*,*,#2047,.F.);
#1237=ORIENTED_EDGE('',*,*,#1886,.F.);
#1238=ORIENTED_EDGE('',*,*,#2043,.F.);
#1239=ORIENTED_EDGE('',*,*,#1674,.F.);
#1240=ORIENTED_EDGE('',*,*,#2046,.F.);
#1241=ORIENTED_EDGE('',*,*,#1890,.F.);
#1242=ORIENTED_EDGE('',*,*,#2048,.F.);
#1243=ORIENTED_EDGE('',*,*,#1676,.F.);
#1244=ORIENTED_EDGE('',*,*,#2044,.F.);
#1245=ORIENTED_EDGE('',*,*,#1920,.F.);
#1246=ORIENTED_EDGE('',*,*,#2115,.F.);
#1247=ORIENTED_EDGE('',*,*,#1719,.F.);
#1248=ORIENTED_EDGE('',*,*,#2117,.F.);
#1249=ORIENTED_EDGE('',*,*,#1815,.F.);
#1250=ORIENTED_EDGE('',*,*,#1955,.F.);
#1251=ORIENTED_EDGE('',*,*,#1591,.F.);
#1252=ORIENTED_EDGE('',*,*,#1957,.F.);
#1253=ORIENTED_EDGE('',*,*,#1813,.F.);
#1254=ORIENTED_EDGE('',*,*,#1953,.F.);
#1255=ORIENTED_EDGE('',*,*,#1593,.F.);
#1256=ORIENTED_EDGE('',*,*,#1956,.F.);
#1257=ORIENTED_EDGE('',*,*,#1811,.F.);
#1258=ORIENTED_EDGE('',*,*,#1951,.F.);
#1259=ORIENTED_EDGE('',*,*,#1587,.F.);
#1260=ORIENTED_EDGE('',*,*,#1954,.F.);
#1261=ORIENTED_EDGE('',*,*,#1817,.F.);
#1262=ORIENTED_EDGE('',*,*,#1958,.F.);
#1263=ORIENTED_EDGE('',*,*,#1589,.F.);
#1264=ORIENTED_EDGE('',*,*,#1952,.F.);
#1265=ORIENTED_EDGE('',*,*,#1918,.F.);
#1266=ORIENTED_EDGE('',*,*,#2102,.F.);
#1267=ORIENTED_EDGE('',*,*,#1705,.F.);
#1268=ORIENTED_EDGE('',*,*,#2098,.F.);
#1269=ORIENTED_EDGE('',*,*,#1916,.F.);
#1270=ORIENTED_EDGE('',*,*,#2100,.F.);
#1271=ORIENTED_EDGE('',*,*,#1701,.F.);
#1272=ORIENTED_EDGE('',*,*,#2103,.F.);
#1273=ORIENTED_EDGE('',*,*,#1914,.F.);
#1274=ORIENTED_EDGE('',*,*,#2099,.F.);
#1275=ORIENTED_EDGE('',*,*,#1703,.F.);
#1276=ORIENTED_EDGE('',*,*,#2101,.F.);
#1277=ORIENTED_EDGE('',*,*,#1912,.F.);
#1278=ORIENTED_EDGE('',*,*,#2092,.F.);
#1279=ORIENTED_EDGE('',*,*,#1526,.F.);
#1280=ORIENTED_EDGE('',*,*,#2094,.F.);
#1281=ORIENTED_EDGE('',*,*,#1910,.F.);
#1282=ORIENTED_EDGE('',*,*,#2096,.F.);
#1283=ORIENTED_EDGE('',*,*,#1522,.F.);
#1284=ORIENTED_EDGE('',*,*,#2093,.F.);
#1285=ORIENTED_EDGE('',*,*,#1731,.F.);
#1286=ORIENTED_EDGE('',*,*,#2110,.F.);
#1287=ORIENTED_EDGE('',*,*,#1711,.F.);
#1288=ORIENTED_EDGE('',*,*,#2112,.F.);
#1289=ORIENTED_EDGE('',*,*,#1729,.F.);
#1290=ORIENTED_EDGE('',*,*,#2108,.F.);
#1291=ORIENTED_EDGE('',*,*,#1713,.F.);
#1292=ORIENTED_EDGE('',*,*,#2111,.F.);
#1293=ORIENTED_EDGE('',*,*,#1733,.F.);
#1294=ORIENTED_EDGE('',*,*,#2113,.F.);
#1295=ORIENTED_EDGE('',*,*,#1709,.F.);
#1296=ORIENTED_EDGE('',*,*,#2104,.F.);
#1297=ORIENTED_EDGE('',*,*,#1725,.F.);
#1298=ORIENTED_EDGE('',*,*,#2105,.F.);
#1299=ORIENTED_EDGE('',*,*,#1707,.F.);
#1300=ORIENTED_EDGE('',*,*,#2106,.F.);
#1301=ORIENTED_EDGE('',*,*,#1727,.F.);
#1302=ORIENTED_EDGE('',*,*,#2107,.F.);
#1303=ORIENTED_EDGE('',*,*,#1715,.F.);
#1304=ORIENTED_EDGE('',*,*,#2109,.F.);
#1305=ORIENTED_EDGE('',*,*,#1908,.F.);
#1306=ORIENTED_EDGE('',*,*,#2095,.F.);
#1307=ORIENTED_EDGE('',*,*,#1524,.F.);
#1308=ORIENTED_EDGE('',*,*,#2097,.F.);
#1309=ORIENTED_EDGE('',*,*,#1769,.F.);
#1310=ORIENTED_EDGE('',*,*,#2024,.F.);
#1311=ORIENTED_EDGE('',*,*,#1656,.F.);
#1312=ORIENTED_EDGE('',*,*,#2025,.F.);
#1313=ORIENTED_EDGE('',*,*,#1771,.F.);
#1314=ORIENTED_EDGE('',*,*,#2026,.F.);
#1315=ORIENTED_EDGE('',*,*,#1654,.F.);
#1316=ORIENTED_EDGE('',*,*,#2027,.F.);
#1317=ORIENTED_EDGE('',*,*,#1773,.F.);
#1318=ORIENTED_EDGE('',*,*,#2028,.F.);
#1319=ORIENTED_EDGE('',*,*,#1660,.F.);
#1320=ORIENTED_EDGE('',*,*,#2030,.F.);
#1321=ORIENTED_EDGE('',*,*,#1767,.F.);
#1322=ORIENTED_EDGE('',*,*,#2041,.F.);
#1323=ORIENTED_EDGE('',*,*,#1670,.F.);
#1324=ORIENTED_EDGE('',*,*,#2037,.F.);
#1325=ORIENTED_EDGE('',*,*,#1765,.F.);
#1326=ORIENTED_EDGE('',*,*,#2039,.F.);
#1327=ORIENTED_EDGE('',*,*,#1672,.F.);
#1328=ORIENTED_EDGE('',*,*,#2042,.F.);
#1329=ORIENTED_EDGE('',*,*,#1763,.F.);
#1330=ORIENTED_EDGE('',*,*,#2038,.F.);
#1331=ORIENTED_EDGE('',*,*,#1668,.F.);
#1332=ORIENTED_EDGE('',*,*,#2040,.F.);
#1333=ORIENTED_EDGE('',*,*,#1874,.F.);
#1334=ORIENTED_EDGE('',*,*,#2017,.F.);
#1335=ORIENTED_EDGE('',*,*,#1648,.F.);
#1336=ORIENTED_EDGE('',*,*,#2019,.F.);
#1337=ORIENTED_EDGE('',*,*,#1878,.F.);
#1338=ORIENTED_EDGE('',*,*,#2021,.F.);
#1339=ORIENTED_EDGE('',*,*,#1650,.F.);
#1340=ORIENTED_EDGE('',*,*,#2018,.F.);
#1341=ORIENTED_EDGE('',*,*,#1876,.F.);
#1342=ORIENTED_EDGE('',*,*,#2020,.F.);
#1343=ORIENTED_EDGE('',*,*,#1652,.F.);
#1344=ORIENTED_EDGE('',*,*,#2022,.F.);
#1345=ORIENTED_EDGE('',*,*,#1895,.F.);
#1346=ORIENTED_EDGE('',*,*,#2078,.F.);
#1347=ORIENTED_EDGE('',*,*,#1528,.F.);
#1348=ORIENTED_EDGE('',*,*,#2074,.F.);
#1349=ORIENTED_EDGE('',*,*,#1897,.F.);
#1350=ORIENTED_EDGE('',*,*,#2075,.F.);
#1351=ORIENTED_EDGE('',*,*,#1532,.F.);
#1352=ORIENTED_EDGE('',*,*,#2076,.F.);
#1353=ORIENTED_EDGE('',*,*,#1899,.F.);
#1354=ORIENTED_EDGE('',*,*,#2077,.F.);
#1355=ORIENTED_EDGE('',*,*,#1530,.F.);
#1356=ORIENTED_EDGE('',*,*,#2079,.F.);
#1357=ORIENTED_EDGE('',*,*,#1901,.F.);
#1358=ORIENTED_EDGE('',*,*,#2080,.F.);
#1359=ORIENTED_EDGE('',*,*,#1688,.F.);
#1360=ORIENTED_EDGE('',*,*,#2082,.F.);
#1361=ORIENTED_EDGE('',*,*,#2084,.F.);
#1362=ORIENTED_EDGE('',*,*,#1904,.F.);
#1363=ORIENTED_EDGE('',*,*,#2122,.F.);
#1364=ORIENTED_EDGE('',*,*,#1692,.F.);
#1365=ORIENTED_EDGE('',*,*,#1903,.F.);
#1366=ORIENTED_EDGE('',*,*,#2083,.F.);
#1367=ORIENTED_EDGE('',*,*,#1693,.F.);
#1368=ORIENTED_EDGE('',*,*,#2122,.T.);
#1369=ORIENTED_EDGE('',*,*,#1906,.F.);
#1370=ORIENTED_EDGE('',*,*,#2085,.F.);
#1371=ORIENTED_EDGE('',*,*,#1690,.F.);
#1372=ORIENTED_EDGE('',*,*,#2081,.F.);
#1373=ORIENTED_EDGE('',*,*,#1882,.F.);
#1374=ORIENTED_EDGE('',*,*,#2033,.F.);
#1375=ORIENTED_EDGE('',*,*,#1666,.F.);
#1376=ORIENTED_EDGE('',*,*,#2035,.F.);
#1377=ORIENTED_EDGE('',*,*,#1884,.F.);
#1378=ORIENTED_EDGE('',*,*,#2036,.F.);
#1379=ORIENTED_EDGE('',*,*,#1664,.F.);
#1380=ORIENTED_EDGE('',*,*,#2031,.F.);
#1381=ORIENTED_EDGE('',*,*,#1880,.F.);
#1382=ORIENTED_EDGE('',*,*,#2032,.F.);
#1383=ORIENTED_EDGE('',*,*,#1662,.F.);
#1384=ORIENTED_EDGE('',*,*,#2034,.F.);
#1385=ORIENTED_EDGE('',*,*,#1787,.F.);
#1386=ORIENTED_EDGE('',*,*,#1999,.F.);
#1387=ORIENTED_EDGE('',*,*,#1634,.F.);
#1388=ORIENTED_EDGE('',*,*,#2001,.F.);
#1389=ORIENTED_EDGE('',*,*,#1785,.F.);
#1390=ORIENTED_EDGE('',*,*,#1997,.F.);
#1391=ORIENTED_EDGE('',*,*,#1626,.F.);
#1392=ORIENTED_EDGE('',*,*,#2000,.F.);
#1393=ORIENTED_EDGE('',*,*,#1783,.F.);
#1394=ORIENTED_EDGE('',*,*,#1995,.F.);
#1395=ORIENTED_EDGE('',*,*,#1628,.F.);
#1396=ORIENTED_EDGE('',*,*,#1998,.F.);
#1397=ORIENTED_EDGE('',*,*,#1789,.F.);
#1398=ORIENTED_EDGE('',*,*,#2002,.F.);
#1399=ORIENTED_EDGE('',*,*,#1632,.F.);
#1400=ORIENTED_EDGE('',*,*,#2003,.F.);
#1401=ORIENTED_EDGE('',*,*,#1791,.F.);
#1402=ORIENTED_EDGE('',*,*,#2004,.F.);
#1403=ORIENTED_EDGE('',*,*,#1630,.F.);
#1404=ORIENTED_EDGE('',*,*,#1996,.F.);
#1405=ORIENTED_EDGE('',*,*,#1793,.F.);
#1406=ORIENTED_EDGE('',*,*,#1983,.F.);
#1407=ORIENTED_EDGE('',*,*,#1614,.F.);
#1408=ORIENTED_EDGE('',*,*,#1985,.F.);
#1409=ORIENTED_EDGE('',*,*,#1797,.F.);
#1410=ORIENTED_EDGE('',*,*,#1987,.F.);
#1411=ORIENTED_EDGE('',*,*,#1616,.F.);
#1412=ORIENTED_EDGE('',*,*,#1984,.F.);
#1413=ORIENTED_EDGE('',*,*,#1795,.F.);
#1414=ORIENTED_EDGE('',*,*,#1986,.F.);
#1415=ORIENTED_EDGE('',*,*,#1618,.F.);
#1416=ORIENTED_EDGE('',*,*,#1988,.F.);
#1417=ORIENTED_EDGE('',*,*,#1866,.F.);
#1418=ORIENTED_EDGE('',*,*,#1993,.F.);
#1419=ORIENTED_EDGE('',*,*,#1622,.F.);
#1420=ORIENTED_EDGE('',*,*,#1989,.F.);
#1421=ORIENTED_EDGE('',*,*,#1864,.F.);
#1422=ORIENTED_EDGE('',*,*,#1991,.F.);
#1423=ORIENTED_EDGE('',*,*,#1624,.F.);
#1424=ORIENTED_EDGE('',*,*,#1994,.F.);
#1425=ORIENTED_EDGE('',*,*,#1862,.F.);
#1426=ORIENTED_EDGE('',*,*,#1990,.F.);
#1427=ORIENTED_EDGE('',*,*,#1620,.F.);
#1428=ORIENTED_EDGE('',*,*,#1992,.F.);
#1429=ORIENTED_EDGE('',*,*,#1737,.F.);
#1430=ORIENTED_EDGE('',*,*,#2088,.F.);
#1431=ORIENTED_EDGE('',*,*,#1695,.F.);
#1432=ORIENTED_EDGE('',*,*,#2090,.F.);
#1433=ORIENTED_EDGE('',*,*,#1735,.F.);
#1434=ORIENTED_EDGE('',*,*,#2086,.F.);
#1435=ORIENTED_EDGE('',*,*,#1697,.F.);
#1436=ORIENTED_EDGE('',*,*,#2089,.F.);
#1437=ORIENTED_EDGE('',*,*,#1739,.F.);
#1438=ORIENTED_EDGE('',*,*,#2091,.F.);
#1439=ORIENTED_EDGE('',*,*,#1699,.F.);
#1440=ORIENTED_EDGE('',*,*,#2087,.F.);
#1441=ORIENTED_EDGE('',*,*,#1777,.F.);
#1442=ORIENTED_EDGE('',*,*,#2011,.F.);
#1443=ORIENTED_EDGE('',*,*,#1642,.F.);
#1444=ORIENTED_EDGE('',*,*,#2013,.F.);
#1445=ORIENTED_EDGE('',*,*,#1781,.F.);
#1446=ORIENTED_EDGE('',*,*,#2015,.F.);
#1447=ORIENTED_EDGE('',*,*,#1644,.F.);
#1448=ORIENTED_EDGE('',*,*,#2012,.F.);
#1449=ORIENTED_EDGE('',*,*,#1779,.F.);
#1450=ORIENTED_EDGE('',*,*,#2014,.F.);
#1451=ORIENTED_EDGE('',*,*,#1646,.F.);
#1452=ORIENTED_EDGE('',*,*,#2016,.F.);
#1453=ORIENTED_EDGE('',*,*,#1799,.F.);
#1454=ORIENTED_EDGE('',*,*,#1979,.F.);
#1455=ORIENTED_EDGE('',*,*,#1553,.F.);
#1456=ORIENTED_EDGE('',*,*,#1981,.F.);
#1457=ORIENTED_EDGE('',*,*,#1803,.F.);
#1458=ORIENTED_EDGE('',*,*,#1977,.F.);
#1459=ORIENTED_EDGE('',*,*,#1555,.F.);
#1460=ORIENTED_EDGE('',*,*,#1980,.F.);
#1461=ORIENTED_EDGE('',*,*,#1801,.F.);
#1462=ORIENTED_EDGE('',*,*,#1982,.F.);
#1463=ORIENTED_EDGE('',*,*,#1551,.F.);
#1464=ORIENTED_EDGE('',*,*,#1978,.F.);
#1465=ORIENTED_EDGE('',*,*,#1870,.F.);
#1466=ORIENTED_EDGE('',*,*,#2007,.F.);
#1467=ORIENTED_EDGE('',*,*,#1640,.F.);
#1468=ORIENTED_EDGE('',*,*,#2009,.F.);
#1469=ORIENTED_EDGE('',*,*,#1872,.F.);
#1470=ORIENTED_EDGE('',*,*,#2010,.F.);
#1471=ORIENTED_EDGE('',*,*,#1638,.F.);
#1472=ORIENTED_EDGE('',*,*,#2005,.F.);
#1473=ORIENTED_EDGE('',*,*,#1868,.F.);
#1474=ORIENTED_EDGE('',*,*,#2006,.F.);
#1475=ORIENTED_EDGE('',*,*,#1636,.F.);
#1476=ORIENTED_EDGE('',*,*,#2008,.F.);
#1477=ORIENTED_EDGE('',*,*,#1851,.F.);
#1478=ORIENTED_EDGE('',*,*,#1961,.F.);
#1479=ORIENTED_EDGE('',*,*,#1599,.F.);
#1480=ORIENTED_EDGE('',*,*,#1963,.F.);
#1481=ORIENTED_EDGE('',*,*,#1853,.F.);
#1482=ORIENTED_EDGE('',*,*,#1964,.F.);
#1483=ORIENTED_EDGE('',*,*,#1597,.F.);
#1484=ORIENTED_EDGE('',*,*,#1959,.F.);
#1485=ORIENTED_EDGE('',*,*,#1849,.F.);
#1486=ORIENTED_EDGE('',*,*,#1960,.F.);
#1487=ORIENTED_EDGE('',*,*,#1595,.F.);
#1488=ORIENTED_EDGE('',*,*,#1962,.F.);
#1489=ORIENTED_EDGE('',*,*,#1809,.F.);
#1490=ORIENTED_EDGE('',*,*,#1969,.F.);
#1491=ORIENTED_EDGE('',*,*,#1605,.F.);
#1492=ORIENTED_EDGE('',*,*,#1965,.F.);
#1493=ORIENTED_EDGE('',*,*,#1807,.F.);
#1494=ORIENTED_EDGE('',*,*,#1967,.F.);
#1495=ORIENTED_EDGE('',*,*,#1601,.F.);
#1496=ORIENTED_EDGE('',*,*,#1970,.F.);
#1497=ORIENTED_EDGE('',*,*,#1859,.F.);
#1498=ORIENTED_EDGE('',*,*,#1973,.F.);
#1499=ORIENTED_EDGE('',*,*,#1610,.F.);
#1500=ORIENTED_EDGE('',*,*,#1975,.F.);
#1501=ORIENTED_EDGE('',*,*,#1857,.F.);
#1502=ORIENTED_EDGE('',*,*,#1971,.F.);
#1503=ORIENTED_EDGE('',*,*,#1612,.F.);
#1504=ORIENTED_EDGE('',*,*,#1974,.F.);
#1505=ORIENTED_EDGE('',*,*,#1972,.F.);
#1506=ORIENTED_EDGE('',*,*,#1855,.F.);
#1507=ORIENTED_EDGE('',*,*,#2123,.F.);
#1508=ORIENTED_EDGE('',*,*,#1607,.F.);
#1509=ORIENTED_EDGE('',*,*,#1854,.F.);
#1510=ORIENTED_EDGE('',*,*,#1976,.F.);
#1511=ORIENTED_EDGE('',*,*,#1608,.F.);
#1512=ORIENTED_EDGE('',*,*,#2123,.T.);
#1513=ORIENTED_EDGE('',*,*,#1805,.F.);
#1514=ORIENTED_EDGE('',*,*,#1966,.F.);
#1515=ORIENTED_EDGE('',*,*,#1603,.F.);
#1516=ORIENTED_EDGE('',*,*,#1968,.F.);
#1517=ORIENTED_EDGE('',*,*,#1775,.F.);
#1518=ORIENTED_EDGE('',*,*,#2029,.F.);
#1519=ORIENTED_EDGE('',*,*,#1658,.F.);
#1520=ORIENTED_EDGE('',*,*,#2023,.F.);
#1521=EDGE_CURVE('',#2124,#2125,#2530,.T.);
#1522=EDGE_CURVE('',#2124,#2126,#113,.F.);
#1523=EDGE_CURVE('',#2127,#2126,#2531,.T.);
#1524=EDGE_CURVE('',#2127,#2128,#114,.F.);
#1525=EDGE_CURVE('',#2129,#2128,#2532,.T.);
#1526=EDGE_CURVE('',#2129,#2125,#115,.F.);
#1527=EDGE_CURVE('',#2130,#2131,#2533,.T.);
#1528=EDGE_CURVE('',#2130,#2132,#116,.F.);
#1529=EDGE_CURVE('',#2132,#2133,#2534,.T.);
#1530=EDGE_CURVE('',#2133,#2134,#117,.F.);
#1531=EDGE_CURVE('',#2135,#2134,#2535,.T.);
#1532=EDGE_CURVE('',#2135,#2131,#118,.F.);
#1533=EDGE_CURVE('',#2136,#2137,#2536,.T.);
#1534=EDGE_CURVE('',#2136,#2138,#2537,.T.);
#1535=EDGE_CURVE('',#2137,#2138,#2538,.T.);
#1536=EDGE_CURVE('',#2139,#2140,#2539,.T.);
#1537=EDGE_CURVE('',#2139,#2141,#119,.F.);
#1538=EDGE_CURVE('',#2141,#2142,#2540,.T.);
#1539=EDGE_CURVE('',#2142,#2143,#120,.F.);
#1540=EDGE_CURVE('',#2144,#2143,#2541,.T.);
#1541=EDGE_CURVE('',#2144,#2140,#121,.F.);
#1542=EDGE_CURVE('',#2145,#2146,#2542,.T.);
#1543=EDGE_CURVE('',#2145,#2147,#122,.F.);
#1544=EDGE_CURVE('',#2147,#2148,#2543,.T.);
#1545=EDGE_CURVE('',#2148,#2149,#123,.F.);
#1546=EDGE_CURVE('',#2149,#2150,#2544,.T.);
#1547=EDGE_CURVE('',#2150,#2151,#124,.F.);
#1548=EDGE_CURVE('',#2152,#2151,#2545,.T.);
#1549=EDGE_CURVE('',#2152,#2146,#125,.F.);
#1550=EDGE_CURVE('',#2153,#2154,#2546,.T.);
#1551=EDGE_CURVE('',#2153,#2155,#126,.F.);
#1552=EDGE_CURVE('',#2156,#2155,#2547,.T.);
#1553=EDGE_CURVE('',#2156,#2157,#127,.F.);
#1554=EDGE_CURVE('',#2158,#2157,#2548,.T.);
#1555=EDGE_CURVE('',#2158,#2154,#128,.F.);
#1556=EDGE_CURVE('',#2159,#2159,#129,.T.);
#1557=EDGE_CURVE('',#2160,#2160,#130,.T.);
#1558=EDGE_CURVE('',#2161,#2161,#131,.T.);
#1559=EDGE_CURVE('',#2162,#2162,#132,.T.);
#1560=EDGE_CURVE('',#2163,#2163,#133,.T.);
#1561=EDGE_CURVE('',#2164,#2164,#134,.T.);
#1562=EDGE_CURVE('',#2165,#2166,#2549,.T.);
#1563=EDGE_CURVE('',#2165,#2167,#2550,.T.);
#1564=EDGE_CURVE('',#2167,#2168,#2551,.T.);
#1565=EDGE_CURVE('',#2166,#2168,#2552,.T.);
#1566=EDGE_CURVE('',#2169,#2170,#2553,.T.);
#1567=EDGE_CURVE('',#2169,#2171,#2554,.T.);
#1568=EDGE_CURVE('',#2171,#2172,#2555,.T.);
#1569=EDGE_CURVE('',#2170,#2172,#2556,.T.);
#1570=EDGE_CURVE('',#2173,#2174,#2557,.T.);
#1571=EDGE_CURVE('',#2173,#2175,#2558,.T.);
#1572=EDGE_CURVE('',#2175,#2176,#2559,.T.);
#1573=EDGE_CURVE('',#2174,#2176,#2560,.T.);
#1574=EDGE_CURVE('',#2177,#2178,#2561,.T.);
#1575=EDGE_CURVE('',#2177,#2179,#135,.F.);
#1576=EDGE_CURVE('',#2179,#2180,#2562,.T.);
#1577=EDGE_CURVE('',#2180,#2181,#136,.F.);
#1578=EDGE_CURVE('',#2181,#2182,#2563,.T.);
#1579=EDGE_CURVE('',#2182,#2183,#137,.F.);
#1580=EDGE_CURVE('',#2184,#2183,#2564,.T.);
#1581=EDGE_CURVE('',#2184,#2178,#138,.F.);
#1582=EDGE_CURVE('',#2185,#2186,#2565,.T.);
#1583=EDGE_CURVE('',#2185,#2187,#2566,.T.);
#1584=EDGE_CURVE('',#2187,#2188,#2567,.T.);
#1585=EDGE_CURVE('',#2188,#2186,#2568,.T.);
#1586=EDGE_CURVE('',#2189,#2190,#2569,.T.);
#1587=EDGE_CURVE('',#2189,#2191,#139,.F.);
#1588=EDGE_CURVE('',#2191,#2192,#2570,.T.);
#1589=EDGE_CURVE('',#2192,#2193,#140,.F.);
#1590=EDGE_CURVE('',#2194,#2193,#2571,.T.);
#1591=EDGE_CURVE('',#2194,#2195,#141,.F.);
#1592=EDGE_CURVE('',#2196,#2195,#2572,.T.);
#1593=EDGE_CURVE('',#2196,#2190,#142,.F.);
#1594=EDGE_CURVE('',#2197,#2198,#2573,.T.);
#1595=EDGE_CURVE('',#2197,#2199,#143,.F.);
#1596=EDGE_CURVE('',#2199,#2200,#2574,.T.);
#1597=EDGE_CURVE('',#2200,#2201,#144,.F.);
#1598=EDGE_CURVE('',#2201,#2202,#2575,.T.);
#1599=EDGE_CURVE('',#2202,#2198,#145,.F.);
#1600=EDGE_CURVE('',#2203,#2204,#2576,.T.);
#1601=EDGE_CURVE('',#2203,#2205,#146,.F.);
#1602=EDGE_CURVE('',#2205,#2206,#2577,.T.);
#1603=EDGE_CURVE('',#2206,#2207,#147,.F.);
#1604=EDGE_CURVE('',#2207,#2208,#2578,.T.);
#1605=EDGE_CURVE('',#2208,#2204,#148,.F.);
#1606=EDGE_CURVE('',#2209,#2210,#2579,.T.);
#1607=EDGE_CURVE('',#2209,#2211,#149,.F.);
#1608=EDGE_CURVE('',#2211,#2212,#150,.F.);
#1609=EDGE_CURVE('',#2213,#2212,#2580,.T.);
#1610=EDGE_CURVE('',#2213,#2214,#151,.F.);
#1611=EDGE_CURVE('',#2214,#2215,#2581,.T.);
#1612=EDGE_CURVE('',#2215,#2210,#152,.F.);
#1613=EDGE_CURVE('',#2216,#2217,#2582,.T.);
#1614=EDGE_CURVE('',#2217,#2218,#153,.F.);
#1615=EDGE_CURVE('',#2218,#2219,#2583,.T.);
#1616=EDGE_CURVE('',#2219,#2220,#154,.F.);
#1617=EDGE_CURVE('',#2221,#2220,#2584,.T.);
#1618=EDGE_CURVE('',#2221,#2216,#155,.F.);
#1619=EDGE_CURVE('',#2222,#2223,#2585,.T.);
#1620=EDGE_CURVE('',#2222,#2224,#156,.F.);
#1621=EDGE_CURVE('',#2224,#2225,#2586,.T.);
#1622=EDGE_CURVE('',#2225,#2226,#157,.F.);
#1623=EDGE_CURVE('',#2227,#2226,#2587,.T.);
#1624=EDGE_CURVE('',#2227,#2223,#158,.F.);
#1625=EDGE_CURVE('',#2228,#2229,#2588,.T.);
#1626=EDGE_CURVE('',#2229,#2230,#159,.F.);
#1627=EDGE_CURVE('',#2230,#2231,#160,.T.);
#1628=EDGE_CURVE('',#2231,#2232,#161,.F.);
#1629=EDGE_CURVE('',#2232,#2233,#2589,.T.);
#1630=EDGE_CURVE('',#2233,#2234,#162,.F.);
#1631=EDGE_CURVE('',#2234,#2235,#163,.T.);
#1632=EDGE_CURVE('',#2235,#2236,#164,.F.);
#1633=EDGE_CURVE('',#2237,#2236,#2590,.T.);
#1634=EDGE_CURVE('',#2237,#2228,#165,.F.);
#1635=EDGE_CURVE('',#2238,#2239,#2591,.T.);
#1636=EDGE_CURVE('',#2238,#2240,#166,.F.);
#1637=EDGE_CURVE('',#2240,#2241,#2592,.T.);
#1638=EDGE_CURVE('',#2241,#2242,#167,.F.);
#1639=EDGE_CURVE('',#2242,#2243,#2593,.T.);
#1640=EDGE_CURVE('',#2243,#2239,#168,.F.);
#1641=EDGE_CURVE('',#2244,#2245,#2594,.T.);
#1642=EDGE_CURVE('',#2244,#2246,#169,.F.);
#1643=EDGE_CURVE('',#2246,#2247,#2595,.T.);
#1644=EDGE_CURVE('',#2247,#2248,#170,.F.);
#1645=EDGE_CURVE('',#2248,#2249,#2596,.T.);
#1646=EDGE_CURVE('',#2249,#2245,#171,.F.);
#1647=EDGE_CURVE('',#2250,#2251,#2597,.T.);
#1648=EDGE_CURVE('',#2250,#2252,#172,.F.);
#1649=EDGE_CURVE('',#2252,#2253,#2598,.T.);
#1650=EDGE_CURVE('',#2253,#2254,#173,.F.);
#1651=EDGE_CURVE('',#2255,#2254,#2599,.T.);
#1652=EDGE_CURVE('',#2255,#2251,#174,.F.);
#1653=EDGE_CURVE('',#2256,#2257,#2600,.T.);
#1654=EDGE_CURVE('',#2257,#2258,#175,.F.);
#1655=EDGE_CURVE('',#2258,#2259,#176,.T.);
#1656=EDGE_CURVE('',#2259,#2260,#177,.F.);
#1657=EDGE_CURVE('',#2260,#2261,#2601,.T.);
#1658=EDGE_CURVE('',#2261,#2262,#178,.F.);
#1659=EDGE_CURVE('',#2263,#2262,#2602,.T.);
#1660=EDGE_CURVE('',#2263,#2256,#179,.F.);
#1661=EDGE_CURVE('',#2264,#2265,#2603,.T.);
#1662=EDGE_CURVE('',#2264,#2266,#180,.F.);
#1663=EDGE_CURVE('',#2266,#2267,#2604,.T.);
#1664=EDGE_CURVE('',#2267,#2268,#181,.F.);
#1665=EDGE_CURVE('',#2269,#2268,#2605,.T.);
#1666=EDGE_CURVE('',#2269,#2265,#182,.F.);
#1667=EDGE_CURVE('',#2270,#2271,#2606,.T.);
#1668=EDGE_CURVE('',#2270,#2272,#183,.F.);
#1669=EDGE_CURVE('',#2272,#2273,#2607,.T.);
#1670=EDGE_CURVE('',#2273,#2274,#184,.F.);
#1671=EDGE_CURVE('',#2275,#2274,#2608,.T.);
#1672=EDGE_CURVE('',#2275,#2271,#185,.F.);
#1673=EDGE_CURVE('',#2276,#2277,#2609,.T.);
#1674=EDGE_CURVE('',#2276,#2278,#186,.F.);
#1675=EDGE_CURVE('',#2278,#2279,#2610,.T.);
#1676=EDGE_CURVE('',#2279,#2280,#187,.F.);
#1677=EDGE_CURVE('',#2281,#2280,#2611,.T.);
#1678=EDGE_CURVE('',#2281,#2277,#188,.F.);
#1679=EDGE_CURVE('',#2282,#2283,#2612,.T.);
#1680=EDGE_CURVE('',#2283,#2284,#189,.F.);
#1681=EDGE_CURVE('',#2284,#2285,#190,.T.);
#1682=EDGE_CURVE('',#2285,#2286,#191,.F.);
#1683=EDGE_CURVE('',#2286,#2287,#2613,.T.);
#1684=EDGE_CURVE('',#2287,#2288,#192,.F.);
#1685=EDGE_CURVE('',#2288,#2289,#2614,.T.);
#1686=EDGE_CURVE('',#2289,#2282,#193,.F.);
#1687=EDGE_CURVE('',#2290,#2291,#2615,.T.);
#1688=EDGE_CURVE('',#2290,#2292,#194,.F.);
#1689=EDGE_CURVE('',#2292,#2293,#2616,.T.);
#1690=EDGE_CURVE('',#2293,#2294,#195,.F.);
#1691=EDGE_CURVE('',#2294,#2295,#2617,.T.);
#1692=EDGE_CURVE('',#2295,#2296,#196,.F.);
#1693=EDGE_CURVE('',#2296,#2291,#197,.F.);
#1694=EDGE_CURVE('',#2297,#2298,#2618,.T.);
#1695=EDGE_CURVE('',#2298,#2299,#198,.F.);
#1696=EDGE_CURVE('',#2299,#2300,#2619,.T.);
#1697=EDGE_CURVE('',#2300,#2301,#199,.F.);
#1698=EDGE_CURVE('',#2301,#2302,#2620,.T.);
#1699=EDGE_CURVE('',#2302,#2297,#200,.F.);
#1700=EDGE_CURVE('',#2303,#2304,#2621,.T.);
#1701=EDGE_CURVE('',#2304,#2305,#201,.F.);
#1702=EDGE_CURVE('',#2305,#2306,#2622,.T.);
#1703=EDGE_CURVE('',#2306,#2307,#202,.F.);
#1704=EDGE_CURVE('',#2307,#2308,#2623,.T.);
#1705=EDGE_CURVE('',#2308,#2303,#203,.F.);
#1706=EDGE_CURVE('',#2309,#2310,#2624,.T.);
#1707=EDGE_CURVE('',#2309,#2311,#204,.F.);
#1708=EDGE_CURVE('',#2311,#2312,#205,.T.);
#1709=EDGE_CURVE('',#2312,#2313,#206,.F.);
#1710=EDGE_CURVE('',#2314,#2313,#2625,.T.);
#1711=EDGE_CURVE('',#2314,#2315,#207,.F.);
#1712=EDGE_CURVE('',#2315,#2316,#2626,.T.);
#1713=EDGE_CURVE('',#2316,#2317,#208,.F.);
#1714=EDGE_CURVE('',#2317,#2318,#2627,.T.);
#1715=EDGE_CURVE('',#2318,#2310,#209,.F.);
#1716=EDGE_CURVE('',#2319,#2320,#2628,.T.);
#1717=EDGE_CURVE('',#2320,#2321,#210,.F.);
#1718=EDGE_CURVE('',#2321,#2322,#2629,.T.);
#1719=EDGE_CURVE('',#2322,#2323,#211,.F.);
#1720=EDGE_CURVE('',#2323,#2324,#2630,.T.);
#1721=EDGE_CURVE('',#2324,#2325,#212,.F.);
#1722=EDGE_CURVE('',#2326,#2325,#2631,.T.);
#1723=EDGE_CURVE('',#2326,#2319,#213,.F.);
#1724=EDGE_CURVE('',#2327,#2328,#214,.T.);
#1725=EDGE_CURVE('',#2327,#2329,#215,.T.);
#1726=EDGE_CURVE('',#2329,#2330,#2632,.T.);
#1727=EDGE_CURVE('',#2330,#2331,#216,.T.);
#1728=EDGE_CURVE('',#2332,#2331,#2633,.T.);
#1729=EDGE_CURVE('',#2332,#2333,#217,.T.);
#1730=EDGE_CURVE('',#2334,#2333,#2634,.T.);
#1731=EDGE_CURVE('',#2334,#2335,#218,.T.);
#1732=EDGE_CURVE('',#2335,#2336,#2635,.T.);
#1733=EDGE_CURVE('',#2336,#2328,#219,.T.);
#1734=EDGE_CURVE('',#2337,#2338,#2636,.T.);
#1735=EDGE_CURVE('',#2337,#2339,#220,.T.);
#1736=EDGE_CURVE('',#2340,#2339,#2637,.T.);
#1737=EDGE_CURVE('',#2340,#2341,#221,.T.);
#1738=EDGE_CURVE('',#2342,#2341,#2638,.T.);
#1739=EDGE_CURVE('',#2342,#2338,#222,.T.);
#1740=EDGE_CURVE('',#2343,#2344,#2639,.T.);
#1741=EDGE_CURVE('',#2343,#2345,#223,.T.);
#1742=EDGE_CURVE('',#2346,#2345,#224,.T.);
#1743=EDGE_CURVE('',#2346,#2347,#225,.T.);
#1744=EDGE_CURVE('',#2348,#2347,#2640,.T.);
#1745=EDGE_CURVE('',#2348,#2349,#226,.T.);
#1746=EDGE_CURVE('',#2350,#2349,#2641,.T.);
#1747=EDGE_CURVE('',#2350,#2344,#227,.T.);
#1748=EDGE_CURVE('',#2351,#2352,#2642,.T.);
#1749=EDGE_CURVE('',#2351,#2353,#228,.T.);
#1750=EDGE_CURVE('',#2353,#2354,#2643,.T.);
#1751=EDGE_CURVE('',#2354,#2355,#229,.T.);
#1752=EDGE_CURVE('',#2355,#2356,#2644,.T.);
#1753=EDGE_CURVE('',#2356,#2352,#230,.T.);
#1754=EDGE_CURVE('',#2357,#2358,#2645,.T.);
#1755=EDGE_CURVE('',#2357,#2359,#231,.T.);
#1756=EDGE_CURVE('',#2359,#2360,#2646,.T.);
#1757=EDGE_CURVE('',#2360,#2361,#232,.T.);
#1758=EDGE_CURVE('',#2361,#2362,#2647,.T.);
#1759=EDGE_CURVE('',#2362,#2363,#233,.T.);
#1760=EDGE_CURVE('',#2364,#2363,#2648,.T.);
#1761=EDGE_CURVE('',#2364,#2358,#234,.T.);
#1762=EDGE_CURVE('',#2365,#2366,#2649,.T.);
#1763=EDGE_CURVE('',#2365,#2367,#235,.T.);
#1764=EDGE_CURVE('',#2367,#2368,#2650,.T.);
#1765=EDGE_CURVE('',#2368,#2369,#236,.T.);
#1766=EDGE_CURVE('',#2369,#2370,#2651,.T.);
#1767=EDGE_CURVE('',#2370,#2366,#237,.T.);
#1768=EDGE_CURVE('',#2371,#2372,#2652,.T.);
#1769=EDGE_CURVE('',#2371,#2373,#238,.T.);
#1770=EDGE_CURVE('',#2374,#2373,#239,.T.);
#1771=EDGE_CURVE('',#2374,#2375,#240,.T.);
#1772=EDGE_CURVE('',#2376,#2375,#2653,.T.);
#1773=EDGE_CURVE('',#2376,#2377,#241,.T.);
#1774=EDGE_CURVE('',#2377,#2378,#2654,.T.);
#1775=EDGE_CURVE('',#2378,#2372,#242,.T.);
#1776=EDGE_CURVE('',#2379,#2380,#2655,.T.);
#1777=EDGE_CURVE('',#2379,#2381,#243,.T.);
#1778=EDGE_CURVE('',#2381,#2382,#2656,.T.);
#1779=EDGE_CURVE('',#2382,#2383,#244,.T.);
#1780=EDGE_CURVE('',#2384,#2383,#2657,.T.);
#1781=EDGE_CURVE('',#2384,#2380,#245,.T.);
#1782=EDGE_CURVE('',#2385,#2386,#2658,.T.);
#1783=EDGE_CURVE('',#2385,#2387,#246,.T.);
#1784=EDGE_CURVE('',#2388,#2387,#247,.T.);
#1785=EDGE_CURVE('',#2388,#2389,#248,.T.);
#1786=EDGE_CURVE('',#2390,#2389,#2659,.T.);
#1787=EDGE_CURVE('',#2390,#2391,#249,.T.);
#1788=EDGE_CURVE('',#2391,#2392,#2660,.T.);
#1789=EDGE_CURVE('',#2392,#2393,#250,.T.);
#1790=EDGE_CURVE('',#2394,#2393,#251,.T.);
#1791=EDGE_CURVE('',#2394,#2386,#252,.T.);
#1792=EDGE_CURVE('',#2395,#2396,#2661,.T.);
#1793=EDGE_CURVE('',#2395,#2397,#253,.T.);
#1794=EDGE_CURVE('',#2398,#2397,#2662,.T.);
#1795=EDGE_CURVE('',#2398,#2399,#254,.T.);
#1796=EDGE_CURVE('',#2399,#2400,#2663,.T.);
#1797=EDGE_CURVE('',#2400,#2396,#255,.T.);
#1798=EDGE_CURVE('',#2401,#2402,#2664,.T.);
#1799=EDGE_CURVE('',#2402,#2403,#256,.T.);
#1800=EDGE_CURVE('',#2403,#2404,#2665,.T.);
#1801=EDGE_CURVE('',#2404,#2405,#257,.T.);
#1802=EDGE_CURVE('',#2405,#2406,#2666,.T.);
#1803=EDGE_CURVE('',#2406,#2401,#258,.T.);
#1804=EDGE_CURVE('',#2407,#2408,#2667,.T.);
#1805=EDGE_CURVE('',#2407,#2409,#259,.T.);
#1806=EDGE_CURVE('',#2410,#2409,#2668,.T.);
#1807=EDGE_CURVE('',#2410,#2411,#260,.T.);
#1808=EDGE_CURVE('',#2411,#2412,#2669,.T.);
#1809=EDGE_CURVE('',#2412,#2408,#261,.T.);
#1810=EDGE_CURVE('',#2413,#2414,#2670,.T.);
#1811=EDGE_CURVE('',#2413,#2415,#262,.T.);
#1812=EDGE_CURVE('',#2415,#2416,#2671,.T.);
#1813=EDGE_CURVE('',#2416,#2417,#263,.T.);
#1814=EDGE_CURVE('',#2417,#2418,#2672,.T.);
#1815=EDGE_CURVE('',#2418,#2419,#264,.T.);
#1816=EDGE_CURVE('',#2419,#2420,#2673,.T.);
#1817=EDGE_CURVE('',#2420,#2414,#265,.T.);
#1818=EDGE_CURVE('',#2421,#2421,#266,.T.);
#1819=EDGE_CURVE('',#2422,#2422,#267,.T.);
#1820=EDGE_CURVE('',#2423,#2423,#268,.T.);
#1821=EDGE_CURVE('',#2424,#2424,#269,.T.);
#1822=EDGE_CURVE('',#2425,#2425,#270,.T.);
#1823=EDGE_CURVE('',#2426,#2426,#271,.T.);
#1824=EDGE_CURVE('',#2427,#2428,#2674,.T.);
#1825=EDGE_CURVE('',#2428,#2429,#2675,.T.);
#1826=EDGE_CURVE('',#2430,#2429,#2676,.T.);
#1827=EDGE_CURVE('',#2427,#2430,#2677,.T.);
#1828=EDGE_CURVE('',#2431,#2432,#2678,.T.);
#1829=EDGE_CURVE('',#2432,#2433,#2679,.T.);
#1830=EDGE_CURVE('',#2434,#2433,#2680,.T.);
#1831=EDGE_CURVE('',#2431,#2434,#2681,.T.);
#1832=EDGE_CURVE('',#2435,#2436,#2682,.T.);
#1833=EDGE_CURVE('',#2436,#2437,#2683,.T.);
#1834=EDGE_CURVE('',#2438,#2437,#2684,.T.);
#1835=EDGE_CURVE('',#2435,#2438,#2685,.T.);
#1836=EDGE_CURVE('',#2439,#2440,#2686,.T.);
#1837=EDGE_CURVE('',#2439,#2441,#272,.T.);
#1838=EDGE_CURVE('',#2441,#2442,#2687,.T.);
#1839=EDGE_CURVE('',#2442,#2443,#273,.T.);
#1840=EDGE_CURVE('',#2443,#2444,#2688,.T.);
#1841=EDGE_CURVE('',#2444,#2445,#274,.T.);
#1842=EDGE_CURVE('',#2446,#2445,#2689,.T.);
#1843=EDGE_CURVE('',#2446,#2440,#275,.T.);
#1844=EDGE_CURVE('',#2447,#2448,#2690,.T.);
#1845=EDGE_CURVE('',#2449,#2448,#2691,.T.);
#1846=EDGE_CURVE('',#2450,#2449,#2692,.T.);
#1847=EDGE_CURVE('',#2447,#2450,#2693,.T.);
#1848=EDGE_CURVE('',#2451,#2452,#2694,.T.);
#1849=EDGE_CURVE('',#2451,#2453,#276,.T.);
#1850=EDGE_CURVE('',#2453,#2454,#2695,.T.);
#1851=EDGE_CURVE('',#2454,#2455,#277,.T.);
#1852=EDGE_CURVE('',#2456,#2455,#2696,.T.);
#1853=EDGE_CURVE('',#2456,#2452,#278,.T.);
#1854=EDGE_CURVE('',#2457,#2458,#279,.T.);
#1855=EDGE_CURVE('',#2458,#2459,#280,.T.);
#1856=EDGE_CURVE('',#2459,#2460,#2697,.T.);
#1857=EDGE_CURVE('',#2460,#2461,#281,.T.);
#1858=EDGE_CURVE('',#2462,#2461,#2698,.T.);
#1859=EDGE_CURVE('',#2462,#2463,#282,.T.);
#1860=EDGE_CURVE('',#2463,#2457,#2699,.T.);
#1861=EDGE_CURVE('',#2464,#2465,#2700,.T.);
#1862=EDGE_CURVE('',#2464,#2466,#283,.T.);
#1863=EDGE_CURVE('',#2466,#2467,#2701,.T.);
#1864=EDGE_CURVE('',#2467,#2468,#284,.T.);
#1865=EDGE_CURVE('',#2468,#2469,#2702,.T.);
#1866=EDGE_CURVE('',#2469,#2465,#285,.T.);
#1867=EDGE_CURVE('',#2470,#2471,#2703,.T.);
#1868=EDGE_CURVE('',#2470,#2472,#286,.T.);
#1869=EDGE_CURVE('',#2472,#2473,#2704,.T.);
#1870=EDGE_CURVE('',#2473,#2474,#287,.T.);
#1871=EDGE_CURVE('',#2475,#2474,#2705,.T.);
#1872=EDGE_CURVE('',#2475,#2471,#288,.T.);
#1873=EDGE_CURVE('',#2476,#2477,#2706,.T.);
#1874=EDGE_CURVE('',#2476,#2478,#289,.T.);
#1875=EDGE_CURVE('',#2478,#2479,#2707,.T.);
#1876=EDGE_CURVE('',#2479,#2480,#290,.T.);
#1877=EDGE_CURVE('',#2480,#2481,#2708,.T.);
#1878=EDGE_CURVE('',#2481,#2477,#291,.T.);
#1879=EDGE_CURVE('',#2482,#2483,#2709,.T.);
#1880=EDGE_CURVE('',#2482,#2484,#292,.T.);
#1881=EDGE_CURVE('',#2484,#2485,#2710,.T.);
#1882=EDGE_CURVE('',#2485,#2486,#293,.T.);
#1883=EDGE_CURVE('',#2486,#2487,#2711,.T.);
#1884=EDGE_CURVE('',#2487,#2483,#294,.T.);
#1885=EDGE_CURVE('',#2488,#2489,#2712,.T.);
#1886=EDGE_CURVE('',#2488,#2490,#295,.T.);
#1887=EDGE_CURVE('',#2490,#2491,#2713,.T.);
#1888=EDGE_CURVE('',#2491,#2492,#296,.T.);
#1889=EDGE_CURVE('',#2492,#2493,#2714,.T.);
#1890=EDGE_CURVE('',#2493,#2489,#297,.T.);
#1891=EDGE_CURVE('',#2494,#2495,#2715,.T.);
#1892=EDGE_CURVE('',#2494,#2496,#2716,.T.);
#1893=EDGE_CURVE('',#2496,#2495,#2717,.T.);
#1894=EDGE_CURVE('',#2497,#2498,#2718,.T.);
#1895=EDGE_CURVE('',#2497,#2499,#298,.T.);
#1896=EDGE_CURVE('',#2499,#2500,#2719,.T.);
#1897=EDGE_CURVE('',#2500,#2501,#299,.T.);
#1898=EDGE_CURVE('',#2501,#2502,#2720,.T.);
#1899=EDGE_CURVE('',#2502,#2498,#300,.T.);
#1900=EDGE_CURVE('',#2503,#2504,#2721,.T.);
#1901=EDGE_CURVE('',#2503,#2505,#301,.T.);
#1902=EDGE_CURVE('',#2505,#2506,#2722,.T.);
#1903=EDGE_CURVE('',#2506,#2507,#302,.T.);
#1904=EDGE_CURVE('',#2507,#2508,#303,.T.);
#1905=EDGE_CURVE('',#2509,#2508,#2723,.T.);
#1906=EDGE_CURVE('',#2509,#2504,#304,.T.);
#1907=EDGE_CURVE('',#2510,#2511,#2724,.T.);
#1908=EDGE_CURVE('',#2511,#2512,#305,.T.);
#1909=EDGE_CURVE('',#2512,#2513,#2725,.T.);
#1910=EDGE_CURVE('',#2513,#2514,#306,.T.);
#1911=EDGE_CURVE('',#2514,#2515,#2726,.T.);
#1912=EDGE_CURVE('',#2515,#2510,#307,.T.);
#1913=EDGE_CURVE('',#2516,#2517,#2727,.T.);
#1914=EDGE_CURVE('',#2516,#2518,#308,.T.);
#1915=EDGE_CURVE('',#2519,#2518,#2728,.T.);
#1916=EDGE_CURVE('',#2519,#2520,#309,.T.);
#1917=EDGE_CURVE('',#2521,#2520,#2729,.T.);
#1918=EDGE_CURVE('',#2521,#2517,#310,.T.);
#1919=EDGE_CURVE('',#2522,#2523,#2730,.T.);
#1920=EDGE_CURVE('',#2522,#2524,#311,.T.);
#1921=EDGE_CURVE('',#2525,#2524,#2731,.T.);
#1922=EDGE_CURVE('',#2525,#2526,#312,.T.);
#1923=EDGE_CURVE('',#2527,#2526,#2732,.T.);
#1924=EDGE_CURVE('',#2527,#2528,#313,.T.);
#1925=EDGE_CURVE('',#2528,#2529,#2733,.T.);
#1926=EDGE_CURVE('',#2529,#2523,#314,.T.);
#1927=EDGE_CURVE('',#2185,#2447,#2734,.T.);
#1928=EDGE_CURVE('',#2186,#2448,#2735,.T.);
#1929=EDGE_CURVE('',#2187,#2450,#2736,.T.);
#1930=EDGE_CURVE('',#2188,#2449,#2737,.T.);
#1931=EDGE_CURVE('',#2441,#2177,#2738,.F.);
#1932=EDGE_CURVE('',#2178,#2442,#2739,.T.);
#1933=EDGE_CURVE('',#2179,#2439,#2740,.T.);
#1934=EDGE_CURVE('',#2440,#2180,#2741,.F.);
#1935=EDGE_CURVE('',#2181,#2446,#2742,.T.);
#1936=EDGE_CURVE('',#2445,#2182,#2743,.F.);
#1937=EDGE_CURVE('',#2173,#2435,#2744,.T.);
#1938=EDGE_CURVE('',#2174,#2436,#2745,.T.);
#1939=EDGE_CURVE('',#2175,#2438,#2746,.T.);
#1940=EDGE_CURVE('',#2176,#2437,#2747,.T.);
#1941=EDGE_CURVE('',#2169,#2431,#2748,.T.);
#1942=EDGE_CURVE('',#2170,#2432,#2749,.T.);
#1943=EDGE_CURVE('',#2171,#2434,#2750,.T.);
#1944=EDGE_CURVE('',#2172,#2433,#2751,.T.);
#1945=EDGE_CURVE('',#2165,#2427,#2752,.T.);
#1946=EDGE_CURVE('',#2166,#2428,#2753,.T.);
#1947=EDGE_CURVE('',#2167,#2430,#2754,.T.);
#1948=EDGE_CURVE('',#2168,#2429,#2755,.T.);
#1949=EDGE_CURVE('',#2443,#2184,#2756,.F.);
#1950=EDGE_CURVE('',#2183,#2444,#2757,.T.);
#1951=EDGE_CURVE('',#2191,#2413,#2758,.F.);
#1952=EDGE_CURVE('',#2414,#2192,#2759,.T.);
#1953=EDGE_CURVE('',#2190,#2416,#2760,.F.);
#1954=EDGE_CURVE('',#2415,#2189,#2761,.T.);
#1955=EDGE_CURVE('',#2195,#2418,#2762,.F.);
#1956=EDGE_CURVE('',#2417,#2196,#2763,.T.);
#1957=EDGE_CURVE('',#2419,#2194,#2764,.T.);
#1958=EDGE_CURVE('',#2193,#2420,#2765,.F.);
#1959=EDGE_CURVE('',#2452,#2200,#2766,.T.);
#1960=EDGE_CURVE('',#2199,#2451,#2767,.F.);
#1961=EDGE_CURVE('',#2198,#2454,#2768,.F.);
#1962=EDGE_CURVE('',#2453,#2197,#2769,.T.);
#1963=EDGE_CURVE('',#2455,#2202,#2770,.T.);
#1964=EDGE_CURVE('',#2201,#2456,#2771,.F.);
#1965=EDGE_CURVE('',#2408,#2208,#2772,.T.);
#1966=EDGE_CURVE('',#2207,#2407,#2773,.F.);
#1967=EDGE_CURVE('',#2205,#2410,#2774,.F.);
#1968=EDGE_CURVE('',#2409,#2206,#2775,.T.);
#1969=EDGE_CURVE('',#2204,#2412,#2776,.F.);
#1970=EDGE_CURVE('',#2411,#2203,#2777,.T.);
#1971=EDGE_CURVE('',#2210,#2460,#2778,.F.);
#1972=EDGE_CURVE('',#2459,#2209,#2779,.T.);
#1973=EDGE_CURVE('',#2214,#2462,#2780,.F.);
#1974=EDGE_CURVE('',#2461,#2215,#2781,.T.);
#1975=EDGE_CURVE('',#2463,#2213,#2782,.T.);
#1976=EDGE_CURVE('',#2212,#2457,#2783,.F.);
#1977=EDGE_CURVE('',#2154,#2406,#2784,.F.);
#1978=EDGE_CURVE('',#2405,#2153,#2785,.T.);
#1979=EDGE_CURVE('',#2157,#2402,#2786,.F.);
#1980=EDGE_CURVE('',#2401,#2158,#2787,.T.);
#1981=EDGE_CURVE('',#2403,#2156,#2788,.T.);
#1982=EDGE_CURVE('',#2155,#2404,#2789,.F.);
#1983=EDGE_CURVE('',#2218,#2395,#2790,.F.);
#1984=EDGE_CURVE('',#2396,#2219,#2791,.T.);
#1985=EDGE_CURVE('',#2397,#2217,#2792,.T.);
#1986=EDGE_CURVE('',#2216,#2398,#2793,.F.);
#1987=EDGE_CURVE('',#2220,#2400,#2794,.F.);
#1988=EDGE_CURVE('',#2399,#2221,#2795,.T.);
#1989=EDGE_CURVE('',#2465,#2225,#2796,.T.);
#1990=EDGE_CURVE('',#2224,#2464,#2797,.F.);
#1991=EDGE_CURVE('',#2223,#2467,#2798,.F.);
#1992=EDGE_CURVE('',#2466,#2222,#2799,.T.);
#1993=EDGE_CURVE('',#2226,#2469,#2800,.F.);
#1994=EDGE_CURVE('',#2468,#2227,#2801,.T.);
#1995=EDGE_CURVE('',#2232,#2385,#2802,.T.);
#1996=EDGE_CURVE('',#2386,#2233,#2803,.F.);
#1997=EDGE_CURVE('',#2230,#2388,#2804,.F.);
#1998=EDGE_CURVE('',#2387,#2231,#2805,.T.);
#1999=EDGE_CURVE('',#2228,#2390,#2806,.F.);
#2000=EDGE_CURVE('',#2389,#2229,#2807,.F.);
#2001=EDGE_CURVE('',#2391,#2237,#2808,.T.);
#2002=EDGE_CURVE('',#2236,#2392,#2809,.F.);
#2003=EDGE_CURVE('',#2393,#2235,#2810,.T.);
#2004=EDGE_CURVE('',#2234,#2394,#2811,.F.);
#2005=EDGE_CURVE('',#2471,#2241,#2812,.T.);
#2006=EDGE_CURVE('',#2240,#2470,#2813,.F.);
#2007=EDGE_CURVE('',#2239,#2473,#2814,.F.);
#2008=EDGE_CURVE('',#2472,#2238,#2815,.T.);
#2009=EDGE_CURVE('',#2474,#2243,#2816,.T.);
#2010=EDGE_CURVE('',#2242,#2475,#2817,.F.);
#2011=EDGE_CURVE('',#2246,#2379,#2818,.F.);
#2012=EDGE_CURVE('',#2380,#2247,#2819,.T.);
#2013=EDGE_CURVE('',#2381,#2244,#2820,.T.);
#2014=EDGE_CURVE('',#2245,#2382,#2821,.F.);
#2015=EDGE_CURVE('',#2248,#2384,#2822,.F.);
#2016=EDGE_CURVE('',#2383,#2249,#2823,.T.);
#2017=EDGE_CURVE('',#2252,#2476,#2824,.F.);
#2018=EDGE_CURVE('',#2477,#2253,#2825,.T.);
#2019=EDGE_CURVE('',#2478,#2250,#2826,.T.);
#2020=EDGE_CURVE('',#2251,#2479,#2827,.F.);
#2021=EDGE_CURVE('',#2254,#2481,#2828,.F.);
#2022=EDGE_CURVE('',#2480,#2255,#2829,.T.);
#2023=EDGE_CURVE('',#2372,#2261,#2830,.T.);
#2024=EDGE_CURVE('',#2260,#2371,#2831,.T.);
#2025=EDGE_CURVE('',#2373,#2259,#2832,.T.);
#2026=EDGE_CURVE('',#2258,#2374,#2833,.F.);
#2027=EDGE_CURVE('',#2375,#2257,#2834,.F.);
#2028=EDGE_CURVE('',#2256,#2376,#2835,.F.);
#2029=EDGE_CURVE('',#2262,#2378,#2836,.F.);
#2030=EDGE_CURVE('',#2377,#2263,#2837,.T.);
#2031=EDGE_CURVE('',#2483,#2267,#2838,.T.);
#2032=EDGE_CURVE('',#2266,#2482,#2839,.F.);
#2033=EDGE_CURVE('',#2265,#2485,#2840,.F.);
#2034=EDGE_CURVE('',#2484,#2264,#2841,.T.);
#2035=EDGE_CURVE('',#2486,#2269,#2842,.T.);
#2036=EDGE_CURVE('',#2268,#2487,#2843,.F.);
#2037=EDGE_CURVE('',#2366,#2273,#2844,.T.);
#2038=EDGE_CURVE('',#2272,#2365,#2845,.F.);
#2039=EDGE_CURVE('',#2271,#2368,#2846,.F.);
#2040=EDGE_CURVE('',#2367,#2270,#2847,.T.);
#2041=EDGE_CURVE('',#2274,#2370,#2848,.F.);
#2042=EDGE_CURVE('',#2369,#2275,#2849,.T.);
#2043=EDGE_CURVE('',#2278,#2488,#2850,.F.);
#2044=EDGE_CURVE('',#2489,#2279,#2851,.T.);
#2045=EDGE_CURVE('',#2277,#2491,#2852,.F.);
#2046=EDGE_CURVE('',#2490,#2276,#2853,.T.);
#2047=EDGE_CURVE('',#2492,#2281,#2854,.T.);
#2048=EDGE_CURVE('',#2280,#2493,#2855,.F.);
#2049=EDGE_CURVE('',#2146,#2360,#2856,.F.);
#2050=EDGE_CURVE('',#2359,#2145,#2857,.T.);
#2051=EDGE_CURVE('',#2151,#2362,#2858,.F.);
#2052=EDGE_CURVE('',#2361,#2152,#2859,.T.);
#2053=EDGE_CURVE('',#2149,#2364,#2860,.F.);
#2054=EDGE_CURVE('',#2363,#2150,#2861,.T.);
#2055=EDGE_CURVE('',#2358,#2148,#2862,.T.);
#2056=EDGE_CURVE('',#2147,#2357,#2863,.F.);
#2057=EDGE_CURVE('',#2140,#2354,#2864,.F.);
#2058=EDGE_CURVE('',#2353,#2139,#2865,.T.);
#2059=EDGE_CURVE('',#2143,#2356,#2866,.F.);
#2060=EDGE_CURVE('',#2355,#2144,#2867,.T.);
#2061=EDGE_CURVE('',#2352,#2142,#2868,.T.);
#2062=EDGE_CURVE('',#2141,#2351,#2869,.F.);
#2063=EDGE_CURVE('',#2286,#2343,#2870,.T.);
#2064=EDGE_CURVE('',#2344,#2287,#2871,.T.);
#2065=EDGE_CURVE('',#2284,#2346,#2872,.F.);
#2066=EDGE_CURVE('',#2345,#2285,#2873,.T.);
#2067=EDGE_CURVE('',#2347,#2283,#2874,.F.);
#2068=EDGE_CURVE('',#2282,#2348,#2875,.F.);
#2069=EDGE_CURVE('',#2288,#2350,#2876,.F.);
#2070=EDGE_CURVE('',#2349,#2289,#2877,.T.);
#2071=EDGE_CURVE('',#2494,#2136,#2878,.T.);
#2072=EDGE_CURVE('',#2496,#2137,#2879,.T.);
#2073=EDGE_CURVE('',#2495,#2138,#2880,.T.);
#2074=EDGE_CURVE('',#2499,#2130,#2881,.T.);
#2075=EDGE_CURVE('',#2131,#2500,#2882,.F.);
#2076=EDGE_CURVE('',#2501,#2135,#2883,.T.);
#2077=EDGE_CURVE('',#2134,#2502,#2884,.F.);
#2078=EDGE_CURVE('',#2132,#2497,#2885,.F.);
#2079=EDGE_CURVE('',#2498,#2133,#2886,.T.);
#2080=EDGE_CURVE('',#2292,#2503,#2887,.F.);
#2081=EDGE_CURVE('',#2504,#2293,#2888,.T.);
#2082=EDGE_CURVE('',#2505,#2290,#2889,.T.);
#2083=EDGE_CURVE('',#2291,#2506,#2890,.F.);
#2084=EDGE_CURVE('',#2508,#2295,#2891,.F.);
#2085=EDGE_CURVE('',#2294,#2509,#2892,.F.);
#2086=EDGE_CURVE('',#2301,#2337,#2893,.F.);
#2087=EDGE_CURVE('',#2338,#2302,#2894,.T.);
#2088=EDGE_CURVE('',#2299,#2340,#2895,.F.);
#2089=EDGE_CURVE('',#2339,#2300,#2896,.T.);
#2090=EDGE_CURVE('',#2341,#2298,#2897,.T.);
#2091=EDGE_CURVE('',#2297,#2342,#2898,.F.);
#2092=EDGE_CURVE('',#2125,#2515,#2899,.F.);
#2093=EDGE_CURVE('',#2514,#2124,#2900,.T.);
#2094=EDGE_CURVE('',#2510,#2129,#2901,.T.);
#2095=EDGE_CURVE('',#2128,#2511,#2902,.F.);
#2096=EDGE_CURVE('',#2126,#2513,#2903,.F.);
#2097=EDGE_CURVE('',#2512,#2127,#2904,.T.);
#2098=EDGE_CURVE('',#2517,#2308,#2905,.T.);
#2099=EDGE_CURVE('',#2307,#2516,#2906,.F.);
#2100=EDGE_CURVE('',#2305,#2519,#2907,.F.);
#2101=EDGE_CURVE('',#2518,#2306,#2908,.T.);
#2102=EDGE_CURVE('',#2303,#2521,#2909,.F.);
#2103=EDGE_CURVE('',#2520,#2304,#2910,.T.);
#2104=EDGE_CURVE('',#2328,#2312,#2911,.T.);
#2105=EDGE_CURVE('',#2311,#2327,#2912,.F.);
#2106=EDGE_CURVE('',#2329,#2309,#2913,.T.);
#2107=EDGE_CURVE('',#2310,#2330,#2914,.F.);
#2108=EDGE_CURVE('',#2317,#2332,#2915,.F.);
#2109=EDGE_CURVE('',#2331,#2318,#2916,.T.);
#2110=EDGE_CURVE('',#2315,#2334,#2917,.F.);
#2111=EDGE_CURVE('',#2333,#2316,#2918,.T.);
#2112=EDGE_CURVE('',#2335,#2314,#2919,.T.);
#2113=EDGE_CURVE('',#2313,#2336,#2920,.F.);
#2114=EDGE_CURVE('',#2523,#2324,#2921,.T.);
#2115=EDGE_CURVE('',#2323,#2522,#2922,.F.);
#2116=EDGE_CURVE('',#2321,#2525,#2923,.F.);
#2117=EDGE_CURVE('',#2524,#2322,#2924,.T.);
#2118=EDGE_CURVE('',#2319,#2527,#2925,.F.);
#2119=EDGE_CURVE('',#2526,#2320,#2926,.T.);
#2120=EDGE_CURVE('',#2325,#2529,#2927,.F.);
#2121=EDGE_CURVE('',#2528,#2326,#2928,.T.);
#2122=EDGE_CURVE('',#2296,#2507,#2929,.F.);
#2123=EDGE_CURVE('',#2211,#2458,#2930,.F.);
#2124=VERTEX_POINT('',#5847);
#2125=VERTEX_POINT('',#5848);
#2126=VERTEX_POINT('',#5850);
#2127=VERTEX_POINT('',#5852);
#2128=VERTEX_POINT('',#5854);
#2129=VERTEX_POINT('',#5856);
#2130=VERTEX_POINT('',#5859);
#2131=VERTEX_POINT('',#5860);
#2132=VERTEX_POINT('',#5862);
#2133=VERTEX_POINT('',#5864);
#2134=VERTEX_POINT('',#5866);
#2135=VERTEX_POINT('',#5868);
#2136=VERTEX_POINT('',#5871);
#2137=VERTEX_POINT('',#5872);
#2138=VERTEX_POINT('',#5874);
#2139=VERTEX_POINT('',#5877);
#2140=VERTEX_POINT('',#5878);
#2141=VERTEX_POINT('',#5880);
#2142=VERTEX_POINT('',#5882);
#2143=VERTEX_POINT('',#5884);
#2144=VERTEX_POINT('',#5886);
#2145=VERTEX_POINT('',#5889);
#2146=VERTEX_POINT('',#5890);
#2147=VERTEX_POINT('',#5892);
#2148=VERTEX_POINT('',#5894);
#2149=VERTEX_POINT('',#5896);
#2150=VERTEX_POINT('',#5898);
#2151=VERTEX_POINT('',#5900);
#2152=VERTEX_POINT('',#5902);
#2153=VERTEX_POINT('',#5905);
#2154=VERTEX_POINT('',#5906);
#2155=VERTEX_POINT('',#5908);
#2156=VERTEX_POINT('',#5910);
#2157=VERTEX_POINT('',#5912);
#2158=VERTEX_POINT('',#5914);
#2159=VERTEX_POINT('',#5917);
#2160=VERTEX_POINT('',#5919);
#2161=VERTEX_POINT('',#5921);
#2162=VERTEX_POINT('',#5923);
#2163=VERTEX_POINT('',#5925);
#2164=VERTEX_POINT('',#5927);
#2165=VERTEX_POINT('',#5929);
#2166=VERTEX_POINT('',#5930);
#2167=VERTEX_POINT('',#5932);
#2168=VERTEX_POINT('',#5934);
#2169=VERTEX_POINT('',#5937);
#2170=VERTEX_POINT('',#5938);
#2171=VERTEX_POINT('',#5940);
#2172=VERTEX_POINT('',#5942);
#2173=VERTEX_POINT('',#5945);
#2174=VERTEX_POINT('',#5946);
#2175=VERTEX_POINT('',#5948);
#2176=VERTEX_POINT('',#5950);
#2177=VERTEX_POINT('',#5953);
#2178=VERTEX_POINT('',#5954);
#2179=VERTEX_POINT('',#5956);
#2180=VERTEX_POINT('',#5958);
#2181=VERTEX_POINT('',#5960);
#2182=VERTEX_POINT('',#5962);
#2183=VERTEX_POINT('',#5964);
#2184=VERTEX_POINT('',#5966);
#2185=VERTEX_POINT('',#5969);
#2186=VERTEX_POINT('',#5970);
#2187=VERTEX_POINT('',#5972);
#2188=VERTEX_POINT('',#5974);
#2189=VERTEX_POINT('',#5977);
#2190=VERTEX_POINT('',#5978);
#2191=VERTEX_POINT('',#5980);
#2192=VERTEX_POINT('',#5982);
#2193=VERTEX_POINT('',#5984);
#2194=VERTEX_POINT('',#5986);
#2195=VERTEX_POINT('',#5988);
#2196=VERTEX_POINT('',#5990);
#2197=VERTEX_POINT('',#5993);
#2198=VERTEX_POINT('',#5994);
#2199=VERTEX_POINT('',#5996);
#2200=VERTEX_POINT('',#5998);
#2201=VERTEX_POINT('',#6000);
#2202=VERTEX_POINT('',#6002);
#2203=VERTEX_POINT('',#6005);
#2204=VERTEX_POINT('',#6006);
#2205=VERTEX_POINT('',#6008);
#2206=VERTEX_POINT('',#6010);
#2207=VERTEX_POINT('',#6012);
#2208=VERTEX_POINT('',#6014);
#2209=VERTEX_POINT('',#6017);
#2210=VERTEX_POINT('',#6018);
#2211=VERTEX_POINT('',#6020);
#2212=VERTEX_POINT('',#6022);
#2213=VERTEX_POINT('',#6024);
#2214=VERTEX_POINT('',#6026);
#2215=VERTEX_POINT('',#6028);
#2216=VERTEX_POINT('',#6031);
#2217=VERTEX_POINT('',#6032);
#2218=VERTEX_POINT('',#6034);
#2219=VERTEX_POINT('',#6036);
#2220=VERTEX_POINT('',#6038);
#2221=VERTEX_POINT('',#6040);
#2222=VERTEX_POINT('',#6043);
#2223=VERTEX_POINT('',#6044);
#2224=VERTEX_POINT('',#6046);
#2225=VERTEX_POINT('',#6048);
#2226=VERTEX_POINT('',#6050);
#2227=VERTEX_POINT('',#6052);
#2228=VERTEX_POINT('',#6055);
#2229=VERTEX_POINT('',#6056);
#2230=VERTEX_POINT('',#6058);
#2231=VERTEX_POINT('',#6060);
#2232=VERTEX_POINT('',#6062);
#2233=VERTEX_POINT('',#6064);
#2234=VERTEX_POINT('',#6066);
#2235=VERTEX_POINT('',#6068);
#2236=VERTEX_POINT('',#6070);
#2237=VERTEX_POINT('',#6072);
#2238=VERTEX_POINT('',#6075);
#2239=VERTEX_POINT('',#6076);
#2240=VERTEX_POINT('',#6078);
#2241=VERTEX_POINT('',#6080);
#2242=VERTEX_POINT('',#6082);
#2243=VERTEX_POINT('',#6084);
#2244=VERTEX_POINT('',#6087);
#2245=VERTEX_POINT('',#6088);
#2246=VERTEX_POINT('',#6090);
#2247=VERTEX_POINT('',#6092);
#2248=VERTEX_POINT('',#6094);
#2249=VERTEX_POINT('',#6096);
#2250=VERTEX_POINT('',#6099);
#2251=VERTEX_POINT('',#6100);
#2252=VERTEX_POINT('',#6102);
#2253=VERTEX_POINT('',#6104);
#2254=VERTEX_POINT('',#6106);
#2255=VERTEX_POINT('',#6108);
#2256=VERTEX_POINT('',#6111);
#2257=VERTEX_POINT('',#6112);
#2258=VERTEX_POINT('',#6114);
#2259=VERTEX_POINT('',#6116);
#2260=VERTEX_POINT('',#6118);
#2261=VERTEX_POINT('',#6120);
#2262=VERTEX_POINT('',#6122);
#2263=VERTEX_POINT('',#6124);
#2264=VERTEX_POINT('',#6127);
#2265=VERTEX_POINT('',#6128);
#2266=VERTEX_POINT('',#6130);
#2267=VERTEX_POINT('',#6132);
#2268=VERTEX_POINT('',#6134);
#2269=VERTEX_POINT('',#6136);
#2270=VERTEX_POINT('',#6139);
#2271=VERTEX_POINT('',#6140);
#2272=VERTEX_POINT('',#6142);
#2273=VERTEX_POINT('',#6144);
#2274=VERTEX_POINT('',#6146);
#2275=VERTEX_POINT('',#6148);
#2276=VERTEX_POINT('',#6151);
#2277=VERTEX_POINT('',#6152);
#2278=VERTEX_POINT('',#6154);
#2279=VERTEX_POINT('',#6156);
#2280=VERTEX_POINT('',#6158);
#2281=VERTEX_POINT('',#6160);
#2282=VERTEX_POINT('',#6163);
#2283=VERTEX_POINT('',#6164);
#2284=VERTEX_POINT('',#6166);
#2285=VERTEX_POINT('',#6168);
#2286=VERTEX_POINT('',#6170);
#2287=VERTEX_POINT('',#6172);
#2288=VERTEX_POINT('',#6174);
#2289=VERTEX_POINT('',#6176);
#2290=VERTEX_POINT('',#6179);
#2291=VERTEX_POINT('',#6180);
#2292=VERTEX_POINT('',#6182);
#2293=VERTEX_POINT('',#6184);
#2294=VERTEX_POINT('',#6186);
#2295=VERTEX_POINT('',#6188);
#2296=VERTEX_POINT('',#6190);
#2297=VERTEX_POINT('',#6193);
#2298=VERTEX_POINT('',#6194);
#2299=VERTEX_POINT('',#6196);
#2300=VERTEX_POINT('',#6198);
#2301=VERTEX_POINT('',#6200);
#2302=VERTEX_POINT('',#6202);
#2303=VERTEX_POINT('',#6205);
#2304=VERTEX_POINT('',#6206);
#2305=VERTEX_POINT('',#6208);
#2306=VERTEX_POINT('',#6210);
#2307=VERTEX_POINT('',#6212);
#2308=VERTEX_POINT('',#6214);
#2309=VERTEX_POINT('',#6217);
#2310=VERTEX_POINT('',#6218);
#2311=VERTEX_POINT('',#6220);
#2312=VERTEX_POINT('',#6222);
#2313=VERTEX_POINT('',#6224);
#2314=VERTEX_POINT('',#6226);
#2315=VERTEX_POINT('',#6228);
#2316=VERTEX_POINT('',#6230);
#2317=VERTEX_POINT('',#6232);
#2318=VERTEX_POINT('',#6234);
#2319=VERTEX_POINT('',#6237);
#2320=VERTEX_POINT('',#6238);
#2321=VERTEX_POINT('',#6240);
#2322=VERTEX_POINT('',#6242);
#2323=VERTEX_POINT('',#6244);
#2324=VERTEX_POINT('',#6246);
#2325=VERTEX_POINT('',#6248);
#2326=VERTEX_POINT('',#6250);
#2327=VERTEX_POINT('',#6254);
#2328=VERTEX_POINT('',#6255);
#2329=VERTEX_POINT('',#6257);
#2330=VERTEX_POINT('',#6259);
#2331=VERTEX_POINT('',#6261);
#2332=VERTEX_POINT('',#6263);
#2333=VERTEX_POINT('',#6265);
#2334=VERTEX_POINT('',#6267);
#2335=VERTEX_POINT('',#6269);
#2336=VERTEX_POINT('',#6271);
#2337=VERTEX_POINT('',#6274);
#2338=VERTEX_POINT('',#6275);
#2339=VERTEX_POINT('',#6277);
#2340=VERTEX_POINT('',#6279);
#2341=VERTEX_POINT('',#6281);
#2342=VERTEX_POINT('',#6283);
#2343=VERTEX_POINT('',#6286);
#2344=VERTEX_POINT('',#6287);
#2345=VERTEX_POINT('',#6289);
#2346=VERTEX_POINT('',#6291);
#2347=VERTEX_POINT('',#6293);
#2348=VERTEX_POINT('',#6295);
#2349=VERTEX_POINT('',#6297);
#2350=VERTEX_POINT('',#6299);
#2351=VERTEX_POINT('',#6302);
#2352=VERTEX_POINT('',#6303);
#2353=VERTEX_POINT('',#6305);
#2354=VERTEX_POINT('',#6307);
#2355=VERTEX_POINT('',#6309);
#2356=VERTEX_POINT('',#6311);
#2357=VERTEX_POINT('',#6314);
#2358=VERTEX_POINT('',#6315);
#2359=VERTEX_POINT('',#6317);
#2360=VERTEX_POINT('',#6319);
#2361=VERTEX_POINT('',#6321);
#2362=VERTEX_POINT('',#6323);
#2363=VERTEX_POINT('',#6325);
#2364=VERTEX_POINT('',#6327);
#2365=VERTEX_POINT('',#6330);
#2366=VERTEX_POINT('',#6331);
#2367=VERTEX_POINT('',#6333);
#2368=VERTEX_POINT('',#6335);
#2369=VERTEX_POINT('',#6337);
#2370=VERTEX_POINT('',#6339);
#2371=VERTEX_POINT('',#6342);
#2372=VERTEX_POINT('',#6343);
#2373=VERTEX_POINT('',#6345);
#2374=VERTEX_POINT('',#6347);
#2375=VERTEX_POINT('',#6349);
#2376=VERTEX_POINT('',#6351);
#2377=VERTEX_POINT('',#6353);
#2378=VERTEX_POINT('',#6355);
#2379=VERTEX_POINT('',#6358);
#2380=VERTEX_POINT('',#6359);
#2381=VERTEX_POINT('',#6361);
#2382=VERTEX_POINT('',#6363);
#2383=VERTEX_POINT('',#6365);
#2384=VERTEX_POINT('',#6367);
#2385=VERTEX_POINT('',#6370);
#2386=VERTEX_POINT('',#6371);
#2387=VERTEX_POINT('',#6373);
#2388=VERTEX_POINT('',#6375);
#2389=VERTEX_POINT('',#6377);
#2390=VERTEX_POINT('',#6379);
#2391=VERTEX_POINT('',#6381);
#2392=VERTEX_POINT('',#6383);
#2393=VERTEX_POINT('',#6385);
#2394=VERTEX_POINT('',#6387);
#2395=VERTEX_POINT('',#6390);
#2396=VERTEX_POINT('',#6391);
#2397=VERTEX_POINT('',#6393);
#2398=VERTEX_POINT('',#6395);
#2399=VERTEX_POINT('',#6397);
#2400=VERTEX_POINT('',#6399);
#2401=VERTEX_POINT('',#6402);
#2402=VERTEX_POINT('',#6403);
#2403=VERTEX_POINT('',#6405);
#2404=VERTEX_POINT('',#6407);
#2405=VERTEX_POINT('',#6409);
#2406=VERTEX_POINT('',#6411);
#2407=VERTEX_POINT('',#6414);
#2408=VERTEX_POINT('',#6415);
#2409=VERTEX_POINT('',#6417);
#2410=VERTEX_POINT('',#6419);
#2411=VERTEX_POINT('',#6421);
#2412=VERTEX_POINT('',#6423);
#2413=VERTEX_POINT('',#6426);
#2414=VERTEX_POINT('',#6427);
#2415=VERTEX_POINT('',#6429);
#2416=VERTEX_POINT('',#6431);
#2417=VERTEX_POINT('',#6433);
#2418=VERTEX_POINT('',#6435);
#2419=VERTEX_POINT('',#6437);
#2420=VERTEX_POINT('',#6439);
#2421=VERTEX_POINT('',#6442);
#2422=VERTEX_POINT('',#6444);
#2423=VERTEX_POINT('',#6446);
#2424=VERTEX_POINT('',#6448);
#2425=VERTEX_POINT('',#6450);
#2426=VERTEX_POINT('',#6452);
#2427=VERTEX_POINT('',#6454);
#2428=VERTEX_POINT('',#6455);
#2429=VERTEX_POINT('',#6457);
#2430=VERTEX_POINT('',#6459);
#2431=VERTEX_POINT('',#6462);
#2432=VERTEX_POINT('',#6463);
#2433=VERTEX_POINT('',#6465);
#2434=VERTEX_POINT('',#6467);
#2435=VERTEX_POINT('',#6470);
#2436=VERTEX_POINT('',#6471);
#2437=VERTEX_POINT('',#6473);
#2438=VERTEX_POINT('',#6475);
#2439=VERTEX_POINT('',#6478);
#2440=VERTEX_POINT('',#6479);
#2441=VERTEX_POINT('',#6481);
#2442=VERTEX_POINT('',#6483);
#2443=VERTEX_POINT('',#6485);
#2444=VERTEX_POINT('',#6487);
#2445=VERTEX_POINT('',#6489);
#2446=VERTEX_POINT('',#6491);
#2447=VERTEX_POINT('',#6494);
#2448=VERTEX_POINT('',#6495);
#2449=VERTEX_POINT('',#6497);
#2450=VERTEX_POINT('',#6499);
#2451=VERTEX_POINT('',#6502);
#2452=VERTEX_POINT('',#6503);
#2453=VERTEX_POINT('',#6505);
#2454=VERTEX_POINT('',#6507);
#2455=VERTEX_POINT('',#6509);
#2456=VERTEX_POINT('',#6511);
#2457=VERTEX_POINT('',#6514);
#2458=VERTEX_POINT('',#6515);
#2459=VERTEX_POINT('',#6517);
#2460=VERTEX_POINT('',#6519);
#2461=VERTEX_POINT('',#6521);
#2462=VERTEX_POINT('',#6523);
#2463=VERTEX_POINT('',#6525);
#2464=VERTEX_POINT('',#6528);
#2465=VERTEX_POINT('',#6529);
#2466=VERTEX_POINT('',#6531);
#2467=VERTEX_POINT('',#6533);
#2468=VERTEX_POINT('',#6535);
#2469=VERTEX_POINT('',#6537);
#2470=VERTEX_POINT('',#6540);
#2471=VERTEX_POINT('',#6541);
#2472=VERTEX_POINT('',#6543);
#2473=VERTEX_POINT('',#6545);
#2474=VERTEX_POINT('',#6547);
#2475=VERTEX_POINT('',#6549);
#2476=VERTEX_POINT('',#6552);
#2477=VERTEX_POINT('',#6553);
#2478=VERTEX_POINT('',#6555);
#2479=VERTEX_POINT('',#6557);
#2480=VERTEX_POINT('',#6559);
#2481=VERTEX_POINT('',#6561);
#2482=VERTEX_POINT('',#6564);
#2483=VERTEX_POINT('',#6565);
#2484=VERTEX_POINT('',#6567);
#2485=VERTEX_POINT('',#6569);
#2486=VERTEX_POINT('',#6571);
#2487=VERTEX_POINT('',#6573);
#2488=VERTEX_POINT('',#6576);
#2489=VERTEX_POINT('',#6577);
#2490=VERTEX_POINT('',#6579);
#2491=VERTEX_POINT('',#6581);
#2492=VERTEX_POINT('',#6583);
#2493=VERTEX_POINT('',#6585);
#2494=VERTEX_POINT('',#6588);
#2495=VERTEX_POINT('',#6589);
#2496=VERTEX_POINT('',#6591);
#2497=VERTEX_POINT('',#6594);
#2498=VERTEX_POINT('',#6595);
#2499=VERTEX_POINT('',#6597);
#2500=VERTEX_POINT('',#6599);
#2501=VERTEX_POINT('',#6601);
#2502=VERTEX_POINT('',#6603);
#2503=VERTEX_POINT('',#6606);
#2504=VERTEX_POINT('',#6607);
#2505=VERTEX_POINT('',#6609);
#2506=VERTEX_POINT('',#6611);
#2507=VERTEX_POINT('',#6613);
#2508=VERTEX_POINT('',#6615);
#2509=VERTEX_POINT('',#6617);
#2510=VERTEX_POINT('',#6620);
#2511=VERTEX_POINT('',#6621);
#2512=VERTEX_POINT('',#6623);
#2513=VERTEX_POINT('',#6625);
#2514=VERTEX_POINT('',#6627);
#2515=VERTEX_POINT('',#6629);
#2516=VERTEX_POINT('',#6632);
#2517=VERTEX_POINT('',#6633);
#2518=VERTEX_POINT('',#6635);
#2519=VERTEX_POINT('',#6637);
#2520=VERTEX_POINT('',#6639);
#2521=VERTEX_POINT('',#6641);
#2522=VERTEX_POINT('',#6644);
#2523=VERTEX_POINT('',#6645);
#2524=VERTEX_POINT('',#6647);
#2525=VERTEX_POINT('',#6649);
#2526=VERTEX_POINT('',#6651);
#2527=VERTEX_POINT('',#6653);
#2528=VERTEX_POINT('',#6655);
#2529=VERTEX_POINT('',#6657);
#2530=LINE('',#5846,#2931);
#2531=LINE('',#5851,#2932);
#2532=LINE('',#5855,#2933);
#2533=LINE('',#5858,#2934);
#2534=LINE('',#5863,#2935);
#2535=LINE('',#5867,#2936);
#2536=LINE('',#5870,#2937);
#2537=LINE('',#5873,#2938);
#2538=LINE('',#5875,#2939);
#2539=LINE('',#5876,#2940);
#2540=LINE('',#5881,#2941);
#2541=LINE('',#5885,#2942);
#2542=LINE('',#5888,#2943);
#2543=LINE('',#5893,#2944);
#2544=LINE('',#5897,#2945);
#2545=LINE('',#5901,#2946);
#2546=LINE('',#5904,#2947);
#2547=LINE('',#5909,#2948);
#2548=LINE('',#5913,#2949);
#2549=LINE('',#5928,#2950);
#2550=LINE('',#5931,#2951);
#2551=LINE('',#5933,#2952);
#2552=LINE('',#5935,#2953);
#2553=LINE('',#5936,#2954);
#2554=LINE('',#5939,#2955);
#2555=LINE('',#5941,#2956);
#2556=LINE('',#5943,#2957);
#2557=LINE('',#5944,#2958);
#2558=LINE('',#5947,#2959);
#2559=LINE('',#5949,#2960);
#2560=LINE('',#5951,#2961);
#2561=LINE('',#5952,#2962);
#2562=LINE('',#5957,#2963);
#2563=LINE('',#5961,#2964);
#2564=LINE('',#5965,#2965);
#2565=LINE('',#5968,#2966);
#2566=LINE('',#5971,#2967);
#2567=LINE('',#5973,#2968);
#2568=LINE('',#5975,#2969);
#2569=LINE('',#5976,#2970);
#2570=LINE('',#5981,#2971);
#2571=LINE('',#5985,#2972);
#2572=LINE('',#5989,#2973);
#2573=LINE('',#5992,#2974);
#2574=LINE('',#5997,#2975);
#2575=LINE('',#6001,#2976);
#2576=LINE('',#6004,#2977);
#2577=LINE('',#6009,#2978);
#2578=LINE('',#6013,#2979);
#2579=LINE('',#6016,#2980);
#2580=LINE('',#6023,#2981);
#2581=LINE('',#6027,#2982);
#2582=LINE('',#6030,#2983);
#2583=LINE('',#6035,#2984);
#2584=LINE('',#6039,#2985);
#2585=LINE('',#6042,#2986);
#2586=LINE('',#6047,#2987);
#2587=LINE('',#6051,#2988);
#2588=LINE('',#6054,#2989);
#2589=LINE('',#6063,#2990);
#2590=LINE('',#6071,#2991);
#2591=LINE('',#6074,#2992);
#2592=LINE('',#6079,#2993);
#2593=LINE('',#6083,#2994);
#2594=LINE('',#6086,#2995);
#2595=LINE('',#6091,#2996);
#2596=LINE('',#6095,#2997);
#2597=LINE('',#6098,#2998);
#2598=LINE('',#6103,#2999);
#2599=LINE('',#6107,#3000);
#2600=LINE('',#6110,#3001);
#2601=LINE('',#6119,#3002);
#2602=LINE('',#6123,#3003);
#2603=LINE('',#6126,#3004);
#2604=LINE('',#6131,#3005);
#2605=LINE('',#6135,#3006);
#2606=LINE('',#6138,#3007);
#2607=LINE('',#6143,#3008);
#2608=LINE('',#6147,#3009);
#2609=LINE('',#6150,#3010);
#2610=LINE('',#6155,#3011);
#2611=LINE('',#6159,#3012);
#2612=LINE('',#6162,#3013);
#2613=LINE('',#6171,#3014);
#2614=LINE('',#6175,#3015);
#2615=LINE('',#6178,#3016);
#2616=LINE('',#6183,#3017);
#2617=LINE('',#6187,#3018);
#2618=LINE('',#6192,#3019);
#2619=LINE('',#6197,#3020);
#2620=LINE('',#6201,#3021);
#2621=LINE('',#6204,#3022);
#2622=LINE('',#6209,#3023);
#2623=LINE('',#6213,#3024);
#2624=LINE('',#6216,#3025);
#2625=LINE('',#6225,#3026);
#2626=LINE('',#6229,#3027);
#2627=LINE('',#6233,#3028);
#2628=LINE('',#6236,#3029);
#2629=LINE('',#6241,#3030);
#2630=LINE('',#6245,#3031);
#2631=LINE('',#6249,#3032);
#2632=LINE('',#6258,#3033);
#2633=LINE('',#6262,#3034);
#2634=LINE('',#6266,#3035);
#2635=LINE('',#6270,#3036);
#2636=LINE('',#6273,#3037);
#2637=LINE('',#6278,#3038);
#2638=LINE('',#6282,#3039);
#2639=LINE('',#6285,#3040);
#2640=LINE('',#6294,#3041);
#2641=LINE('',#6298,#3042);
#2642=LINE('',#6301,#3043);
#2643=LINE('',#6306,#3044);
#2644=LINE('',#6310,#3045);
#2645=LINE('',#6313,#3046);
#2646=LINE('',#6318,#3047);
#2647=LINE('',#6322,#3048);
#2648=LINE('',#6326,#3049);
#2649=LINE('',#6329,#3050);
#2650=LINE('',#6334,#3051);
#2651=LINE('',#6338,#3052);
#2652=LINE('',#6341,#3053);
#2653=LINE('',#6350,#3054);
#2654=LINE('',#6354,#3055);
#2655=LINE('',#6357,#3056);
#2656=LINE('',#6362,#3057);
#2657=LINE('',#6366,#3058);
#2658=LINE('',#6369,#3059);
#2659=LINE('',#6378,#3060);
#2660=LINE('',#6382,#3061);
#2661=LINE('',#6389,#3062);
#2662=LINE('',#6394,#3063);
#2663=LINE('',#6398,#3064);
#2664=LINE('',#6401,#3065);
#2665=LINE('',#6406,#3066);
#2666=LINE('',#6410,#3067);
#2667=LINE('',#6413,#3068);
#2668=LINE('',#6418,#3069);
#2669=LINE('',#6422,#3070);
#2670=LINE('',#6425,#3071);
#2671=LINE('',#6430,#3072);
#2672=LINE('',#6434,#3073);
#2673=LINE('',#6438,#3074);
#2674=LINE('',#6453,#3075);
#2675=LINE('',#6456,#3076);
#2676=LINE('',#6458,#3077);
#2677=LINE('',#6460,#3078);
#2678=LINE('',#6461,#3079);
#2679=LINE('',#6464,#3080);
#2680=LINE('',#6466,#3081);
#2681=LINE('',#6468,#3082);
#2682=LINE('',#6469,#3083);
#2683=LINE('',#6472,#3084);
#2684=LINE('',#6474,#3085);
#2685=LINE('',#6476,#3086);
#2686=LINE('',#6477,#3087);
#2687=LINE('',#6482,#3088);
#2688=LINE('',#6486,#3089);
#2689=LINE('',#6490,#3090);
#2690=LINE('',#6493,#3091);
#2691=LINE('',#6496,#3092);
#2692=LINE('',#6498,#3093);
#2693=LINE('',#6500,#3094);
#2694=LINE('',#6501,#3095);
#2695=LINE('',#6506,#3096);
#2696=LINE('',#6510,#3097);
#2697=LINE('',#6518,#3098);
#2698=LINE('',#6522,#3099);
#2699=LINE('',#6526,#3100);
#2700=LINE('',#6527,#3101);
#2701=LINE('',#6532,#3102);
#2702=LINE('',#6536,#3103);
#2703=LINE('',#6539,#3104);
#2704=LINE('',#6544,#3105);
#2705=LINE('',#6548,#3106);
#2706=LINE('',#6551,#3107);
#2707=LINE('',#6556,#3108);
#2708=LINE('',#6560,#3109);
#2709=LINE('',#6563,#3110);
#2710=LINE('',#6568,#3111);
#2711=LINE('',#6572,#3112);
#2712=LINE('',#6575,#3113);
#2713=LINE('',#6580,#3114);
#2714=LINE('',#6584,#3115);
#2715=LINE('',#6587,#3116);
#2716=LINE('',#6590,#3117);
#2717=LINE('',#6592,#3118);
#2718=LINE('',#6593,#3119);
#2719=LINE('',#6598,#3120);
#2720=LINE('',#6602,#3121);
#2721=LINE('',#6605,#3122);
#2722=LINE('',#6610,#3123);
#2723=LINE('',#6616,#3124);
#2724=LINE('',#6619,#3125);
#2725=LINE('',#6624,#3126);
#2726=LINE('',#6628,#3127);
#2727=LINE('',#6631,#3128);
#2728=LINE('',#6636,#3129);
#2729=LINE('',#6640,#3130);
#2730=LINE('',#6643,#3131);
#2731=LINE('',#6648,#3132);
#2732=LINE('',#6652,#3133);
#2733=LINE('',#6656,#3134);
#2734=LINE('',#6660,#3135);
#2735=LINE('',#6661,#3136);
#2736=LINE('',#6663,#3137);
#2737=LINE('',#6665,#3138);
#2738=LINE('',#6667,#3139);
#2739=LINE('',#6668,#3140);
#2740=LINE('',#6670,#3141);
#2741=LINE('',#6671,#3142);
#2742=LINE('',#6673,#3143);
#2743=LINE('',#6674,#3144);
#2744=LINE('',#6676,#3145);
#2745=LINE('',#6677,#3146);
#2746=LINE('',#6679,#3147);
#2747=LINE('',#6681,#3148);
#2748=LINE('',#6683,#3149);
#2749=LINE('',#6684,#3150);
#2750=LINE('',#6686,#3151);
#2751=LINE('',#6688,#3152);
#2752=LINE('',#6690,#3153);
#2753=LINE('',#6691,#3154);
#2754=LINE('',#6693,#3155);
#2755=LINE('',#6695,#3156);
#2756=LINE('',#6697,#3157);
#2757=LINE('',#6698,#3158);
#2758=LINE('',#6710,#3159);
#2759=LINE('',#6711,#3160);
#2760=LINE('',#6713,#3161);
#2761=LINE('',#6714,#3162);
#2762=LINE('',#6716,#3163);
#2763=LINE('',#6717,#3164);
#2764=LINE('',#6719,#3165);
#2765=LINE('',#6720,#3166);
#2766=LINE('',#6722,#3167);
#2767=LINE('',#6723,#3168);
#2768=LINE('',#6725,#3169);
#2769=LINE('',#6726,#3170);
#2770=LINE('',#6728,#3171);
#2771=LINE('',#6729,#3172);
#2772=LINE('',#6731,#3173);
#2773=LINE('',#6732,#3174);
#2774=LINE('',#6734,#3175);
#2775=LINE('',#6735,#3176);
#2776=LINE('',#6737,#3177);
#2777=LINE('',#6738,#3178);
#2778=LINE('',#6740,#3179);
#2779=LINE('',#6741,#3180);
#2780=LINE('',#6743,#3181);
#2781=LINE('',#6744,#3182);
#2782=LINE('',#6746,#3183);
#2783=LINE('',#6747,#3184);
#2784=LINE('',#6749,#3185);
#2785=LINE('',#6750,#3186);
#2786=LINE('',#6752,#3187);
#2787=LINE('',#6753,#3188);
#2788=LINE('',#6755,#3189);
#2789=LINE('',#6756,#3190);
#2790=LINE('',#6758,#3191);
#2791=LINE('',#6759,#3192);
#2792=LINE('',#6761,#3193);
#2793=LINE('',#6762,#3194);
#2794=LINE('',#6764,#3195);
#2795=LINE('',#6765,#3196);
#2796=LINE('',#6767,#3197);
#2797=LINE('',#6768,#3198);
#2798=LINE('',#6770,#3199);
#2799=LINE('',#6771,#3200);
#2800=LINE('',#6773,#3201);
#2801=LINE('',#6774,#3202);
#2802=LINE('',#6776,#3203);
#2803=LINE('',#6777,#3204);
#2804=LINE('',#6779,#3205);
#2805=LINE('',#6780,#3206);
#2806=LINE('',#6782,#3207);
#2807=LINE('',#6783,#3208);
#2808=LINE('',#6785,#3209);
#2809=LINE('',#6786,#3210);
#2810=LINE('',#6788,#3211);
#2811=LINE('',#6789,#3212);
#2812=LINE('',#6791,#3213);
#2813=LINE('',#6792,#3214);
#2814=LINE('',#6794,#3215);
#2815=LINE('',#6795,#3216);
#2816=LINE('',#6797,#3217);
#2817=LINE('',#6798,#3218);
#2818=LINE('',#6800,#3219);
#2819=LINE('',#6801,#3220);
#2820=LINE('',#6803,#3221);
#2821=LINE('',#6804,#3222);
#2822=LINE('',#6806,#3223);
#2823=LINE('',#6807,#3224);
#2824=LINE('',#6809,#3225);
#2825=LINE('',#6810,#3226);
#2826=LINE('',#6812,#3227);
#2827=LINE('',#6813,#3228);
#2828=LINE('',#6815,#3229);
#2829=LINE('',#6816,#3230);
#2830=LINE('',#6818,#3231);
#2831=LINE('',#6819,#3232);
#2832=LINE('',#6821,#3233);
#2833=LINE('',#6822,#3234);
#2834=LINE('',#6824,#3235);
#2835=LINE('',#6825,#3236);
#2836=LINE('',#6827,#3237);
#2837=LINE('',#6828,#3238);
#2838=LINE('',#6830,#3239);
#2839=LINE('',#6831,#3240);
#2840=LINE('',#6833,#3241);
#2841=LINE('',#6834,#3242);
#2842=LINE('',#6836,#3243);
#2843=LINE('',#6837,#3244);
#2844=LINE('',#6839,#3245);
#2845=LINE('',#6840,#3246);
#2846=LINE('',#6842,#3247);
#2847=LINE('',#6843,#3248);
#2848=LINE('',#6845,#3249);
#2849=LINE('',#6846,#3250);
#2850=LINE('',#6848,#3251);
#2851=LINE('',#6849,#3252);
#2852=LINE('',#6851,#3253);
#2853=LINE('',#6852,#3254);
#2854=LINE('',#6854,#3255);
#2855=LINE('',#6855,#3256);
#2856=LINE('',#6857,#3257);
#2857=LINE('',#6858,#3258);
#2858=LINE('',#6860,#3259);
#2859=LINE('',#6861,#3260);
#2860=LINE('',#6863,#3261);
#2861=LINE('',#6864,#3262);
#2862=LINE('',#6866,#3263);
#2863=LINE('',#6867,#3264);
#2864=LINE('',#6869,#3265);
#2865=LINE('',#6870,#3266);
#2866=LINE('',#6872,#3267);
#2867=LINE('',#6873,#3268);
#2868=LINE('',#6875,#3269);
#2869=LINE('',#6876,#3270);
#2870=LINE('',#6878,#3271);
#2871=LINE('',#6879,#3272);
#2872=LINE('',#6881,#3273);
#2873=LINE('',#6882,#3274);
#2874=LINE('',#6884,#3275);
#2875=LINE('',#6885,#3276);
#2876=LINE('',#6887,#3277);
#2877=LINE('',#6888,#3278);
#2878=LINE('',#6890,#3279);
#2879=LINE('',#6891,#3280);
#2880=LINE('',#6893,#3281);
#2881=LINE('',#6896,#3282);
#2882=LINE('',#6897,#3283);
#2883=LINE('',#6899,#3284);
#2884=LINE('',#6900,#3285);
#2885=LINE('',#6902,#3286);
#2886=LINE('',#6903,#3287);
#2887=LINE('',#6905,#3288);
#2888=LINE('',#6906,#3289);
#2889=LINE('',#6908,#3290);
#2890=LINE('',#6909,#3291);
#2891=LINE('',#6911,#3292);
#2892=LINE('',#6912,#3293);
#2893=LINE('',#6914,#3294);
#2894=LINE('',#6915,#3295);
#2895=LINE('',#6917,#3296);
#2896=LINE('',#6918,#3297);
#2897=LINE('',#6920,#3298);
#2898=LINE('',#6921,#3299);
#2899=LINE('',#6923,#3300);
#2900=LINE('',#6924,#3301);
#2901=LINE('',#6926,#3302);
#2902=LINE('',#6927,#3303);
#2903=LINE('',#6929,#3304);
#2904=LINE('',#6930,#3305);
#2905=LINE('',#6932,#3306);
#2906=LINE('',#6933,#3307);
#2907=LINE('',#6935,#3308);
#2908=LINE('',#6936,#3309);
#2909=LINE('',#6938,#3310);
#2910=LINE('',#6939,#3311);
#2911=LINE('',#6941,#3312);
#2912=LINE('',#6942,#3313);
#2913=LINE('',#6944,#3314);
#2914=LINE('',#6945,#3315);
#2915=LINE('',#6947,#3316);
#2916=LINE('',#6948,#3317);
#2917=LINE('',#6950,#3318);
#2918=LINE('',#6951,#3319);
#2919=LINE('',#6953,#3320);
#2920=LINE('',#6954,#3321);
#2921=LINE('',#6956,#3322);
#2922=LINE('',#6957,#3323);
#2923=LINE('',#6959,#3324);
#2924=LINE('',#6960,#3325);
#2925=LINE('',#6962,#3326);
#2926=LINE('',#6963,#3327);
#2927=LINE('',#6965,#3328);
#2928=LINE('',#6966,#3329);
#2929=LINE('',#7018,#3330);
#2930=LINE('',#7055,#3331);
#2931=VECTOR('',#4631,1.);
#2932=VECTOR('',#4634,1.);
#2933=VECTOR('',#4637,1.);
#2934=VECTOR('',#4640,1.);
#2935=VECTOR('',#4643,1.);
#2936=VECTOR('',#4646,1.);
#2937=VECTOR('',#4649,1.);
#2938=VECTOR('',#4650,1.);
#2939=VECTOR('',#4651,1.);
#2940=VECTOR('',#4652,1.);
#2941=VECTOR('',#4655,1.);
#2942=VECTOR('',#4658,1.);
#2943=VECTOR('',#4661,1.);
#2944=VECTOR('',#4664,1.);
#2945=VECTOR('',#4667,1.);
#2946=VECTOR('',#4670,1.);
#2947=VECTOR('',#4673,1.);
#2948=VECTOR('',#4676,1.);
#2949=VECTOR('',#4679,1.);
#2950=VECTOR('',#4694,1.);
#2951=VECTOR('',#4695,1.);
#2952=VECTOR('',#4696,1.);
#2953=VECTOR('',#4697,1.);
#2954=VECTOR('',#4698,1.);
#2955=VECTOR('',#4699,1.);
#2956=VECTOR('',#4700,1.);
#2957=VECTOR('',#4701,1.);
#2958=VECTOR('',#4702,1.);
#2959=VECTOR('',#4703,1.);
#2960=VECTOR('',#4704,1.);
#2961=VECTOR('',#4705,1.);
#2962=VECTOR('',#4706,1.);
#2963=VECTOR('',#4709,1.);
#2964=VECTOR('',#4712,1.);
#2965=VECTOR('',#4715,1.);
#2966=VECTOR('',#4718,1.);
#2967=VECTOR('',#4719,1.);
#2968=VECTOR('',#4720,1.);
#2969=VECTOR('',#4721,1.);
#2970=VECTOR('',#4722,1.);
#2971=VECTOR('',#4725,1.);
#2972=VECTOR('',#4728,1.);
#2973=VECTOR('',#4731,1.);
#2974=VECTOR('',#4734,1.);
#2975=VECTOR('',#4737,1.);
#2976=VECTOR('',#4740,1.);
#2977=VECTOR('',#4743,1.);
#2978=VECTOR('',#4746,1.);
#2979=VECTOR('',#4749,1.);
#2980=VECTOR('',#4752,1.);
#2981=VECTOR('',#4757,1.);
#2982=VECTOR('',#4760,1.);
#2983=VECTOR('',#4763,1.);
#2984=VECTOR('',#4766,1.);
#2985=VECTOR('',#4769,1.);
#2986=VECTOR('',#4772,1.);
#2987=VECTOR('',#4775,1.);
#2988=VECTOR('',#4778,1.);
#2989=VECTOR('',#4781,1.);
#2990=VECTOR('',#4788,1.);
#2991=VECTOR('',#4795,1.);
#2992=VECTOR('',#4798,1.);
#2993=VECTOR('',#4801,1.);
#2994=VECTOR('',#4804,1.);
#2995=VECTOR('',#4807,1.);
#2996=VECTOR('',#4810,1.);
#2997=VECTOR('',#4813,1.);
#2998=VECTOR('',#4816,1.);
#2999=VECTOR('',#4819,1.);
#3000=VECTOR('',#4822,1.);
#3001=VECTOR('',#4825,1.);
#3002=VECTOR('',#4832,1.);
#3003=VECTOR('',#4835,1.);
#3004=VECTOR('',#4838,1.);
#3005=VECTOR('',#4841,1.);
#3006=VECTOR('',#4844,1.);
#3007=VECTOR('',#4847,1.);
#3008=VECTOR('',#4850,1.);
#3009=VECTOR('',#4853,1.);
#3010=VECTOR('',#4856,1.);
#3011=VECTOR('',#4859,1.);
#3012=VECTOR('',#4862,1.);
#3013=VECTOR('',#4865,1.);
#3014=VECTOR('',#4872,1.);
#3015=VECTOR('',#4875,1.);
#3016=VECTOR('',#4878,1.);
#3017=VECTOR('',#4881,1.);
#3018=VECTOR('',#4884,1.);
#3019=VECTOR('',#4889,1.);
#3020=VECTOR('',#4892,1.);
#3021=VECTOR('',#4895,1.);
#3022=VECTOR('',#4898,1.);
#3023=VECTOR('',#4901,1.);
#3024=VECTOR('',#4904,1.);
#3025=VECTOR('',#4907,1.);
#3026=VECTOR('',#4914,1.);
#3027=VECTOR('',#4917,1.);
#3028=VECTOR('',#4920,1.);
#3029=VECTOR('',#4923,1.);
#3030=VECTOR('',#4926,1.);
#3031=VECTOR('',#4929,1.);
#3032=VECTOR('',#4932,1.);
#3033=VECTOR('',#4941,1.);
#3034=VECTOR('',#4944,1.);
#3035=VECTOR('',#4947,1.);
#3036=VECTOR('',#4950,1.);
#3037=VECTOR('',#4953,1.);
#3038=VECTOR('',#4956,1.);
#3039=VECTOR('',#4959,1.);
#3040=VECTOR('',#4962,1.);
#3041=VECTOR('',#4969,1.);
#3042=VECTOR('',#4972,1.);
#3043=VECTOR('',#4975,1.);
#3044=VECTOR('',#4978,1.);
#3045=VECTOR('',#4981,1.);
#3046=VECTOR('',#4984,1.);
#3047=VECTOR('',#4987,1.);
#3048=VECTOR('',#4990,1.);
#3049=VECTOR('',#4993,1.);
#3050=VECTOR('',#4996,1.);
#3051=VECTOR('',#4999,1.);
#3052=VECTOR('',#5002,1.);
#3053=VECTOR('',#5005,1.);
#3054=VECTOR('',#5012,1.);
#3055=VECTOR('',#5015,1.);
#3056=VECTOR('',#5018,1.);
#3057=VECTOR('',#5021,1.);
#3058=VECTOR('',#5024,1.);
#3059=VECTOR('',#5027,1.);
#3060=VECTOR('',#5034,1.);
#3061=VECTOR('',#5037,1.);
#3062=VECTOR('',#5044,1.);
#3063=VECTOR('',#5047,1.);
#3064=VECTOR('',#5050,1.);
#3065=VECTOR('',#5053,1.);
#3066=VECTOR('',#5056,1.);
#3067=VECTOR('',#5059,1.);
#3068=VECTOR('',#5062,1.);
#3069=VECTOR('',#5065,1.);
#3070=VECTOR('',#5068,1.);
#3071=VECTOR('',#5071,1.);
#3072=VECTOR('',#5074,1.);
#3073=VECTOR('',#5077,1.);
#3074=VECTOR('',#5080,1.);
#3075=VECTOR('',#5095,1.);
#3076=VECTOR('',#5096,1.);
#3077=VECTOR('',#5097,1.);
#3078=VECTOR('',#5098,1.);
#3079=VECTOR('',#5099,1.);
#3080=VECTOR('',#5100,1.);
#3081=VECTOR('',#5101,1.);
#3082=VECTOR('',#5102,1.);
#3083=VECTOR('',#5103,1.);
#3084=VECTOR('',#5104,1.);
#3085=VECTOR('',#5105,1.);
#3086=VECTOR('',#5106,1.);
#3087=VECTOR('',#5107,1.);
#3088=VECTOR('',#5110,1.);
#3089=VECTOR('',#5113,1.);
#3090=VECTOR('',#5116,1.);
#3091=VECTOR('',#5119,1.);
#3092=VECTOR('',#5120,1.);
#3093=VECTOR('',#5121,1.);
#3094=VECTOR('',#5122,1.);
#3095=VECTOR('',#5123,1.);
#3096=VECTOR('',#5126,1.);
#3097=VECTOR('',#5129,1.);
#3098=VECTOR('',#5136,1.);
#3099=VECTOR('',#5139,1.);
#3100=VECTOR('',#5142,1.);
#3101=VECTOR('',#5143,1.);
#3102=VECTOR('',#5146,1.);
#3103=VECTOR('',#5149,1.);
#3104=VECTOR('',#5152,1.);
#3105=VECTOR('',#5155,1.);
#3106=VECTOR('',#5158,1.);
#3107=VECTOR('',#5161,1.);
#3108=VECTOR('',#5164,1.);
#3109=VECTOR('',#5167,1.);
#3110=VECTOR('',#5170,1.);
#3111=VECTOR('',#5173,1.);
#3112=VECTOR('',#5176,1.);
#3113=VECTOR('',#5179,1.);
#3114=VECTOR('',#5182,1.);
#3115=VECTOR('',#5185,1.);
#3116=VECTOR('',#5188,1.);
#3117=VECTOR('',#5189,1.);
#3118=VECTOR('',#5190,1.);
#3119=VECTOR('',#5191,1.);
#3120=VECTOR('',#5194,1.);
#3121=VECTOR('',#5197,1.);
#3122=VECTOR('',#5200,1.);
#3123=VECTOR('',#5203,1.);
#3124=VECTOR('',#5208,1.);
#3125=VECTOR('',#5211,1.);
#3126=VECTOR('',#5214,1.);
#3127=VECTOR('',#5217,1.);
#3128=VECTOR('',#5220,1.);
#3129=VECTOR('',#5223,1.);
#3130=VECTOR('',#5226,1.);
#3131=VECTOR('',#5229,1.);
#3132=VECTOR('',#5232,1.);
#3133=VECTOR('',#5235,1.);
#3134=VECTOR('',#5238,1.);
#3135=VECTOR('',#5243,1.);
#3136=VECTOR('',#5244,1.);
#3137=VECTOR('',#5247,1.);
#3138=VECTOR('',#5250,1.);
#3139=VECTOR('',#5253,1.);
#3140=VECTOR('',#5254,1.);
#3141=VECTOR('',#5257,1.);
#3142=VECTOR('',#5258,1.);
#3143=VECTOR('',#5261,1.);
#3144=VECTOR('',#5262,1.);
#3145=VECTOR('',#5265,1.);
#3146=VECTOR('',#5266,1.);
#3147=VECTOR('',#5269,1.);
#3148=VECTOR('',#5272,1.);
#3149=VECTOR('',#5275,1.);
#3150=VECTOR('',#5276,1.);
#3151=VECTOR('',#5279,1.);
#3152=VECTOR('',#5282,1.);
#3153=VECTOR('',#5285,1.);
#3154=VECTOR('',#5286,1.);
#3155=VECTOR('',#5289,1.);
#3156=VECTOR('',#5292,1.);
#3157=VECTOR('',#5295,1.);
#3158=VECTOR('',#5296,1.);
#3159=VECTOR('',#5319,1.);
#3160=VECTOR('',#5320,1.);
#3161=VECTOR('',#5323,1.);
#3162=VECTOR('',#5324,1.);
#3163=VECTOR('',#5327,1.);
#3164=VECTOR('',#5328,1.);
#3165=VECTOR('',#5331,1.);
#3166=VECTOR('',#5332,1.);
#3167=VECTOR('',#5335,1.);
#3168=VECTOR('',#5336,1.);
#3169=VECTOR('',#5339,1.);
#3170=VECTOR('',#5340,1.);
#3171=VECTOR('',#5343,1.);
#3172=VECTOR('',#5344,1.);
#3173=VECTOR('',#5347,1.);
#3174=VECTOR('',#5348,1.);
#3175=VECTOR('',#5351,1.);
#3176=VECTOR('',#5352,1.);
#3177=VECTOR('',#5355,1.);
#3178=VECTOR('',#5356,1.);
#3179=VECTOR('',#5359,1.);
#3180=VECTOR('',#5360,1.);
#3181=VECTOR('',#5363,1.);
#3182=VECTOR('',#5364,1.);
#3183=VECTOR('',#5367,1.);
#3184=VECTOR('',#5368,1.);
#3185=VECTOR('',#5371,1.);
#3186=VECTOR('',#5372,1.);
#3187=VECTOR('',#5375,1.);
#3188=VECTOR('',#5376,1.);
#3189=VECTOR('',#5379,1.);
#3190=VECTOR('',#5380,1.);
#3191=VECTOR('',#5383,1.);
#3192=VECTOR('',#5384,1.);
#3193=VECTOR('',#5387,1.);
#3194=VECTOR('',#5388,1.);
#3195=VECTOR('',#5391,1.);
#3196=VECTOR('',#5392,1.);
#3197=VECTOR('',#5395,1.);
#3198=VECTOR('',#5396,1.);
#3199=VECTOR('',#5399,1.);
#3200=VECTOR('',#5400,1.);
#3201=VECTOR('',#5403,1.);
#3202=VECTOR('',#5404,1.);
#3203=VECTOR('',#5407,1.);
#3204=VECTOR('',#5408,1.);
#3205=VECTOR('',#5411,1.);
#3206=VECTOR('',#5412,1.);
#3207=VECTOR('',#5415,1.);
#3208=VECTOR('',#5416,1.);
#3209=VECTOR('',#5419,1.);
#3210=VECTOR('',#5420,1.);
#3211=VECTOR('',#5423,1.);
#3212=VECTOR('',#5424,1.);
#3213=VECTOR('',#5427,1.);
#3214=VECTOR('',#5428,1.);
#3215=VECTOR('',#5431,1.);
#3216=VECTOR('',#5432,1.);
#3217=VECTOR('',#5435,1.);
#3218=VECTOR('',#5436,1.);
#3219=VECTOR('',#5439,1.);
#3220=VECTOR('',#5440,1.);
#3221=VECTOR('',#5443,1.);
#3222=VECTOR('',#5444,1.);
#3223=VECTOR('',#5447,1.);
#3224=VECTOR('',#5448,1.);
#3225=VECTOR('',#5451,1.);
#3226=VECTOR('',#5452,1.);
#3227=VECTOR('',#5455,1.);
#3228=VECTOR('',#5456,1.);
#3229=VECTOR('',#5459,1.);
#3230=VECTOR('',#5460,1.);
#3231=VECTOR('',#5463,1.);
#3232=VECTOR('',#5464,1.);
#3233=VECTOR('',#5467,1.);
#3234=VECTOR('',#5468,1.);
#3235=VECTOR('',#5471,1.);
#3236=VECTOR('',#5472,1.);
#3237=VECTOR('',#5475,1.);
#3238=VECTOR('',#5476,1.);
#3239=VECTOR('',#5479,1.);
#3240=VECTOR('',#5480,1.);
#3241=VECTOR('',#5483,1.);
#3242=VECTOR('',#5484,1.);
#3243=VECTOR('',#5487,1.);
#3244=VECTOR('',#5488,1.);
#3245=VECTOR('',#5491,1.);
#3246=VECTOR('',#5492,1.);
#3247=VECTOR('',#5495,1.);
#3248=VECTOR('',#5496,1.);
#3249=VECTOR('',#5499,1.);
#3250=VECTOR('',#5500,1.);
#3251=VECTOR('',#5503,1.);
#3252=VECTOR('',#5504,1.);
#3253=VECTOR('',#5507,1.);
#3254=VECTOR('',#5508,1.);
#3255=VECTOR('',#5511,1.);
#3256=VECTOR('',#5512,1.);
#3257=VECTOR('',#5515,1.);
#3258=VECTOR('',#5516,1.);
#3259=VECTOR('',#5519,1.);
#3260=VECTOR('',#5520,1.);
#3261=VECTOR('',#5523,1.);
#3262=VECTOR('',#5524,1.);
#3263=VECTOR('',#5527,1.);
#3264=VECTOR('',#5528,1.);
#3265=VECTOR('',#5531,1.);
#3266=VECTOR('',#5532,1.);
#3267=VECTOR('',#5535,1.);
#3268=VECTOR('',#5536,1.);
#3269=VECTOR('',#5539,1.);
#3270=VECTOR('',#5540,1.);
#3271=VECTOR('',#5543,1.);
#3272=VECTOR('',#5544,1.);
#3273=VECTOR('',#5547,1.);
#3274=VECTOR('',#5548,1.);
#3275=VECTOR('',#5551,1.);
#3276=VECTOR('',#5552,1.);
#3277=VECTOR('',#5555,1.);
#3278=VECTOR('',#5556,1.);
#3279=VECTOR('',#5559,1.);
#3280=VECTOR('',#5560,1.);
#3281=VECTOR('',#5563,1.);
#3282=VECTOR('',#5568,1.);
#3283=VECTOR('',#5569,1.);
#3284=VECTOR('',#5572,1.);
#3285=VECTOR('',#5573,1.);
#3286=VECTOR('',#5576,1.);
#3287=VECTOR('',#5577,1.);
#3288=VECTOR('',#5580,1.);
#3289=VECTOR('',#5581,1.);
#3290=VECTOR('',#5584,1.);
#3291=VECTOR('',#5585,1.);
#3292=VECTOR('',#5588,1.);
#3293=VECTOR('',#5589,1.);
#3294=VECTOR('',#5592,1.);
#3295=VECTOR('',#5593,1.);
#3296=VECTOR('',#5596,1.);
#3297=VECTOR('',#5597,1.);
#3298=VECTOR('',#5600,1.);
#3299=VECTOR('',#5601,1.);
#3300=VECTOR('',#5604,1.);
#3301=VECTOR('',#5605,1.);
#3302=VECTOR('',#5608,1.);
#3303=VECTOR('',#5609,1.);
#3304=VECTOR('',#5612,1.);
#3305=VECTOR('',#5613,1.);
#3306=VECTOR('',#5616,1.);
#3307=VECTOR('',#5617,1.);
#3308=VECTOR('',#5620,1.);
#3309=VECTOR('',#5621,1.);
#3310=VECTOR('',#5624,1.);
#3311=VECTOR('',#5625,1.);
#3312=VECTOR('',#5628,1.);
#3313=VECTOR('',#5629,1.);
#3314=VECTOR('',#5632,1.);
#3315=VECTOR('',#5633,1.);
#3316=VECTOR('',#5636,1.);
#3317=VECTOR('',#5637,1.);
#3318=VECTOR('',#5640,1.);
#3319=VECTOR('',#5641,1.);
#3320=VECTOR('',#5644,1.);
#3321=VECTOR('',#5645,1.);
#3322=VECTOR('',#5648,1.);
#3323=VECTOR('',#5649,1.);
#3324=VECTOR('',#5652,1.);
#3325=VECTOR('',#5653,1.);
#3326=VECTOR('',#5656,1.);
#3327=VECTOR('',#5657,1.);
#3328=VECTOR('',#5660,1.);
#3329=VECTOR('',#5661,1.);
#3330=VECTOR('',#5764,1.);
#3331=VECTOR('',#5837,1.);
#3332=EDGE_LOOP('',(#315,#316,#317,#318,#319,#320));
#3333=EDGE_LOOP('',(#321,#322,#323,#324,#325,#326));
#3334=EDGE_LOOP('',(#327,#328,#329));
#3335=EDGE_LOOP('',(#330,#331,#332,#333,#334,#335));
#3336=EDGE_LOOP('',(#336,#337,#338,#339,#340,#341,#342,#343));
#3337=EDGE_LOOP('',(#344,#345,#346,#347,#348,#349));
#3338=EDGE_LOOP('',(#350));
#3339=EDGE_LOOP('',(#351));
#3340=EDGE_LOOP('',(#352));
#3341=EDGE_LOOP('',(#353));
#3342=EDGE_LOOP('',(#354));
#3343=EDGE_LOOP('',(#355));
#3344=EDGE_LOOP('',(#356,#357,#358,#359));
#3345=EDGE_LOOP('',(#360,#361,#362,#363));
#3346=EDGE_LOOP('',(#364,#365,#366,#367));
#3347=EDGE_LOOP('',(#368,#369,#370,#371,#372,#373,#374,#375));
#3348=EDGE_LOOP('',(#376,#377,#378,#379));
#3349=EDGE_LOOP('',(#380,#381,#382,#383,#384,#385,#386,#387));
#3350=EDGE_LOOP('',(#388,#389,#390,#391,#392,#393));
#3351=EDGE_LOOP('',(#394,#395,#396,#397,#398,#399));
#3352=EDGE_LOOP('',(#400,#401,#402,#403,#404,#405,#406));
#3353=EDGE_LOOP('',(#407,#408,#409,#410,#411,#412));
#3354=EDGE_LOOP('',(#413,#414,#415,#416,#417,#418));
#3355=EDGE_LOOP('',(#419,#420,#421,#422,#423,#424,#425,#426,#427,#428));
#3356=EDGE_LOOP('',(#429,#430,#431,#432,#433,#434));
#3357=EDGE_LOOP('',(#435,#436,#437,#438,#439,#440));
#3358=EDGE_LOOP('',(#441,#442,#443,#444,#445,#446));
#3359=EDGE_LOOP('',(#447,#448,#449,#450,#451,#452,#453,#454));
#3360=EDGE_LOOP('',(#455,#456,#457,#458,#459,#460));
#3361=EDGE_LOOP('',(#461,#462,#463,#464,#465,#466));
#3362=EDGE_LOOP('',(#467,#468,#469,#470,#471,#472));
#3363=EDGE_LOOP('',(#473,#474,#475,#476,#477,#478,#479,#480));
#3364=EDGE_LOOP('',(#481,#482,#483,#484,#485,#486,#487));
#3365=EDGE_LOOP('',(#488,#489,#490,#491,#492,#493));
#3366=EDGE_LOOP('',(#494,#495,#496,#497,#498,#499));
#3367=EDGE_LOOP('',(#500,#501,#502,#503,#504,#505,#506,#507,#508,#509));
#3368=EDGE_LOOP('',(#510,#511,#512,#513,#514,#515,#516,#517));
#3369=EDGE_LOOP('',(#518,#519,#520,#521,#522,#523,#524,#525,#526,#527));
#3370=EDGE_LOOP('',(#528,#529,#530,#531,#532,#533));
#3371=EDGE_LOOP('',(#534,#535,#536,#537,#538,#539,#540,#541));
#3372=EDGE_LOOP('',(#542,#543,#544,#545,#546,#547));
#3373=EDGE_LOOP('',(#548,#549,#550,#551,#552,#553,#554,#555));
#3374=EDGE_LOOP('',(#556,#557,#558,#559,#560,#561));
#3375=EDGE_LOOP('',(#562,#563,#564,#565,#566,#567,#568,#569));
#3376=EDGE_LOOP('',(#570,#571,#572,#573,#574,#575));
#3377=EDGE_LOOP('',(#576,#577,#578,#579,#580,#581,#582,#583,#584,#585));
#3378=EDGE_LOOP('',(#586,#587,#588,#589,#590,#591));
#3379=EDGE_LOOP('',(#592,#593,#594,#595,#596,#597));
#3380=EDGE_LOOP('',(#598,#599,#600,#601,#602,#603));
#3381=EDGE_LOOP('',(#604,#605,#606,#607,#608,#609,#610,#611));
#3382=EDGE_LOOP('',(#612));
#3383=EDGE_LOOP('',(#613));
#3384=EDGE_LOOP('',(#614));
#3385=EDGE_LOOP('',(#615));
#3386=EDGE_LOOP('',(#616));
#3387=EDGE_LOOP('',(#617));
#3388=EDGE_LOOP('',(#618,#619,#620,#621));
#3389=EDGE_LOOP('',(#622,#623,#624,#625));
#3390=EDGE_LOOP('',(#626,#627,#628,#629));
#3391=EDGE_LOOP('',(#630,#631,#632,#633,#634,#635,#636,#637));
#3392=EDGE_LOOP('',(#638,#639,#640,#641));
#3393=EDGE_LOOP('',(#642,#643,#644,#645,#646,#647));
#3394=EDGE_LOOP('',(#648,#649,#650,#651,#652,#653,#654));
#3395=EDGE_LOOP('',(#655,#656,#657,#658,#659,#660));
#3396=EDGE_LOOP('',(#661,#662,#663,#664,#665,#666));
#3397=EDGE_LOOP('',(#667,#668,#669,#670,#671,#672));
#3398=EDGE_LOOP('',(#673,#674,#675,#676,#677,#678));
#3399=EDGE_LOOP('',(#679,#680,#681,#682,#683,#684));
#3400=EDGE_LOOP('',(#685,#686,#687));
#3401=EDGE_LOOP('',(#688,#689,#690,#691,#692,#693));
#3402=EDGE_LOOP('',(#694,#695,#696,#697,#698,#699,#700));
#3403=EDGE_LOOP('',(#701,#702,#703,#704,#705,#706));
#3404=EDGE_LOOP('',(#707,#708,#709,#710,#711,#712));
#3405=EDGE_LOOP('',(#713,#714,#715,#716,#717,#718,#719,#720));
#3406=EDGE_LOOP('',(#721,#722,#723,#724));
#3407=EDGE_LOOP('',(#725,#726,#727,#728));
#3408=EDGE_LOOP('',(#729,#730,#731,#732));
#3409=EDGE_LOOP('',(#733,#734,#735,#736));
#3410=EDGE_LOOP('',(#737,#738,#739,#740));
#3411=EDGE_LOOP('',(#741,#742,#743,#744));
#3412=EDGE_LOOP('',(#745,#746,#747,#748));
#3413=EDGE_LOOP('',(#749,#750,#751,#752));
#3414=EDGE_LOOP('',(#753,#754,#755,#756));
#3415=EDGE_LOOP('',(#757,#758,#759,#760));
#3416=EDGE_LOOP('',(#761,#762,#763,#764));
#3417=EDGE_LOOP('',(#765,#766,#767,#768));
#3418=EDGE_LOOP('',(#769,#770,#771,#772));
#3419=EDGE_LOOP('',(#773,#774,#775,#776));
#3420=EDGE_LOOP('',(#777,#778,#779,#780));
#3421=EDGE_LOOP('',(#781,#782,#783,#784));
#3422=EDGE_LOOP('',(#785,#786,#787,#788));
#3423=EDGE_LOOP('',(#789,#790,#791,#792));
#3424=EDGE_LOOP('',(#793,#794,#795,#796));
#3425=EDGE_LOOP('',(#797));
#3426=EDGE_LOOP('',(#798));
#3427=EDGE_LOOP('',(#799));
#3428=EDGE_LOOP('',(#800));
#3429=EDGE_LOOP('',(#801));
#3430=EDGE_LOOP('',(#802));
#3431=EDGE_LOOP('',(#803));
#3432=EDGE_LOOP('',(#804));
#3433=EDGE_LOOP('',(#805));
#3434=EDGE_LOOP('',(#806));
#3435=EDGE_LOOP('',(#807));
#3436=EDGE_LOOP('',(#808));
#3437=EDGE_LOOP('',(#809,#810,#811,#812));
#3438=EDGE_LOOP('',(#813,#814,#815,#816));
#3439=EDGE_LOOP('',(#817,#818,#819,#820));
#3440=EDGE_LOOP('',(#821,#822,#823,#824));
#3441=EDGE_LOOP('',(#825,#826,#827,#828));
#3442=EDGE_LOOP('',(#829,#830,#831,#832));
#3443=EDGE_LOOP('',(#833,#834,#835,#836));
#3444=EDGE_LOOP('',(#837,#838,#839,#840));
#3445=EDGE_LOOP('',(#841,#842,#843,#844));
#3446=EDGE_LOOP('',(#845,#846,#847,#848));
#3447=EDGE_LOOP('',(#849,#850,#851,#852));
#3448=EDGE_LOOP('',(#853,#854,#855,#856));
#3449=EDGE_LOOP('',(#857,#858,#859,#860));
#3450=EDGE_LOOP('',(#861,#862,#863,#864));
#3451=EDGE_LOOP('',(#865,#866,#867,#868));
#3452=EDGE_LOOP('',(#869,#870,#871,#872));
#3453=EDGE_LOOP('',(#873,#874,#875,#876));
#3454=EDGE_LOOP('',(#877,#878,#879,#880));
#3455=EDGE_LOOP('',(#881,#882,#883,#884));
#3456=EDGE_LOOP('',(#885,#886,#887,#888));
#3457=EDGE_LOOP('',(#889,#890,#891,#892));
#3458=EDGE_LOOP('',(#893,#894,#895,#896));
#3459=EDGE_LOOP('',(#897,#898,#899,#900));
#3460=EDGE_LOOP('',(#901,#902,#903,#904));
#3461=EDGE_LOOP('',(#905,#906,#907,#908));
#3462=EDGE_LOOP('',(#909,#910,#911,#912));
#3463=EDGE_LOOP('',(#913,#914,#915,#916));
#3464=EDGE_LOOP('',(#917,#918,#919,#920));
#3465=EDGE_LOOP('',(#921,#922,#923,#924));
#3466=EDGE_LOOP('',(#925,#926,#927,#928));
#3467=EDGE_LOOP('',(#929,#930,#931,#932));
#3468=EDGE_LOOP('',(#933,#934,#935,#936));
#3469=EDGE_LOOP('',(#937,#938,#939,#940));
#3470=EDGE_LOOP('',(#941,#942,#943,#944));
#3471=EDGE_LOOP('',(#945,#946,#947,#948));
#3472=EDGE_LOOP('',(#949,#950,#951,#952));
#3473=EDGE_LOOP('',(#953,#954,#955,#956));
#3474=EDGE_LOOP('',(#957,#958,#959,#960));
#3475=EDGE_LOOP('',(#961,#962,#963,#964));
#3476=EDGE_LOOP('',(#965,#966,#967,#968));
#3477=EDGE_LOOP('',(#969,#970,#971,#972));
#3478=EDGE_LOOP('',(#973,#974,#975,#976));
#3479=EDGE_LOOP('',(#977,#978,#979,#980));
#3480=EDGE_LOOP('',(#981,#982,#983,#984));
#3481=EDGE_LOOP('',(#985,#986,#987,#988));
#3482=EDGE_LOOP('',(#989,#990,#991,#992));
#3483=EDGE_LOOP('',(#993,#994,#995,#996));
#3484=EDGE_LOOP('',(#997,#998,#999,#1000));
#3485=EDGE_LOOP('',(#1001,#1002,#1003,#1004));
#3486=EDGE_LOOP('',(#1005,#1006,#1007,#1008));
#3487=EDGE_LOOP('',(#1009,#1010,#1011,#1012));
#3488=EDGE_LOOP('',(#1013,#1014,#1015,#1016));
#3489=EDGE_LOOP('',(#1017,#1018,#1019,#1020));
#3490=EDGE_LOOP('',(#1021,#1022,#1023,#1024));
#3491=EDGE_LOOP('',(#1025,#1026,#1027,#1028));
#3492=EDGE_LOOP('',(#1029,#1030,#1031,#1032));
#3493=EDGE_LOOP('',(#1033,#1034,#1035,#1036));
#3494=EDGE_LOOP('',(#1037,#1038,#1039,#1040));
#3495=EDGE_LOOP('',(#1041,#1042,#1043,#1044));
#3496=EDGE_LOOP('',(#1045,#1046,#1047,#1048));
#3497=EDGE_LOOP('',(#1049,#1050,#1051,#1052));
#3498=EDGE_LOOP('',(#1053,#1054,#1055,#1056));
#3499=EDGE_LOOP('',(#1057,#1058,#1059,#1060));
#3500=EDGE_LOOP('',(#1061,#1062,#1063,#1064));
#3501=EDGE_LOOP('',(#1065,#1066,#1067,#1068));
#3502=EDGE_LOOP('',(#1069,#1070,#1071,#1072));
#3503=EDGE_LOOP('',(#1073,#1074,#1075,#1076));
#3504=EDGE_LOOP('',(#1077,#1078,#1079,#1080));
#3505=EDGE_LOOP('',(#1081,#1082,#1083,#1084));
#3506=EDGE_LOOP('',(#1085,#1086,#1087,#1088));
#3507=EDGE_LOOP('',(#1089,#1090,#1091,#1092));
#3508=EDGE_LOOP('',(#1093,#1094,#1095,#1096));
#3509=EDGE_LOOP('',(#1097,#1098,#1099,#1100));
#3510=EDGE_LOOP('',(#1101,#1102,#1103,#1104));
#3511=EDGE_LOOP('',(#1105,#1106,#1107,#1108));
#3512=EDGE_LOOP('',(#1109,#1110,#1111,#1112));
#3513=EDGE_LOOP('',(#1113,#1114,#1115,#1116));
#3514=EDGE_LOOP('',(#1117,#1118,#1119,#1120));
#3515=EDGE_LOOP('',(#1121,#1122,#1123,#1124));
#3516=EDGE_LOOP('',(#1125,#1126,#1127,#1128));
#3517=EDGE_LOOP('',(#1129,#1130,#1131,#1132));
#3518=EDGE_LOOP('',(#1133,#1134,#1135,#1136));
#3519=EDGE_LOOP('',(#1137,#1138,#1139,#1140));
#3520=EDGE_LOOP('',(#1141,#1142,#1143,#1144));
#3521=EDGE_LOOP('',(#1145,#1146,#1147,#1148));
#3522=EDGE_LOOP('',(#1149,#1150,#1151,#1152));
#3523=EDGE_LOOP('',(#1153,#1154,#1155,#1156));
#3524=EDGE_LOOP('',(#1157,#1158,#1159,#1160));
#3525=EDGE_LOOP('',(#1161,#1162,#1163,#1164));
#3526=EDGE_LOOP('',(#1165,#1166,#1167,#1168));
#3527=EDGE_LOOP('',(#1169,#1170,#1171,#1172));
#3528=EDGE_LOOP('',(#1173,#1174,#1175,#1176));
#3529=EDGE_LOOP('',(#1177,#1178,#1179,#1180));
#3530=EDGE_LOOP('',(#1181,#1182,#1183,#1184));
#3531=EDGE_LOOP('',(#1185,#1186,#1187,#1188));
#3532=EDGE_LOOP('',(#1189,#1190,#1191,#1192));
#3533=EDGE_LOOP('',(#1193,#1194,#1195,#1196));
#3534=EDGE_LOOP('',(#1197,#1198,#1199,#1200));
#3535=EDGE_LOOP('',(#1201,#1202,#1203,#1204));
#3536=EDGE_LOOP('',(#1205,#1206,#1207,#1208));
#3537=EDGE_LOOP('',(#1209,#1210,#1211,#1212));
#3538=EDGE_LOOP('',(#1213,#1214,#1215,#1216));
#3539=EDGE_LOOP('',(#1217,#1218,#1219,#1220));
#3540=EDGE_LOOP('',(#1221,#1222,#1223,#1224));
#3541=EDGE_LOOP('',(#1225,#1226,#1227,#1228));
#3542=EDGE_LOOP('',(#1229,#1230,#1231,#1232));
#3543=EDGE_LOOP('',(#1233,#1234,#1235,#1236));
#3544=EDGE_LOOP('',(#1237,#1238,#1239,#1240));
#3545=EDGE_LOOP('',(#1241,#1242,#1243,#1244));
#3546=EDGE_LOOP('',(#1245,#1246,#1247,#1248));
#3547=EDGE_LOOP('',(#1249,#1250,#1251,#1252));
#3548=EDGE_LOOP('',(#1253,#1254,#1255,#1256));
#3549=EDGE_LOOP('',(#1257,#1258,#1259,#1260));
#3550=EDGE_LOOP('',(#1261,#1262,#1263,#1264));
#3551=EDGE_LOOP('',(#1265,#1266,#1267,#1268));
#3552=EDGE_LOOP('',(#1269,#1270,#1271,#1272));
#3553=EDGE_LOOP('',(#1273,#1274,#1275,#1276));
#3554=EDGE_LOOP('',(#1277,#1278,#1279,#1280));
#3555=EDGE_LOOP('',(#1281,#1282,#1283,#1284));
#3556=EDGE_LOOP('',(#1285,#1286,#1287,#1288));
#3557=EDGE_LOOP('',(#1289,#1290,#1291,#1292));
#3558=EDGE_LOOP('',(#1293,#1294,#1295,#1296));
#3559=EDGE_LOOP('',(#1297,#1298,#1299,#1300));
#3560=EDGE_LOOP('',(#1301,#1302,#1303,#1304));
#3561=EDGE_LOOP('',(#1305,#1306,#1307,#1308));
#3562=EDGE_LOOP('',(#1309,#1310,#1311,#1312));
#3563=EDGE_LOOP('',(#1313,#1314,#1315,#1316));
#3564=EDGE_LOOP('',(#1317,#1318,#1319,#1320));
#3565=EDGE_LOOP('',(#1321,#1322,#1323,#1324));
#3566=EDGE_LOOP('',(#1325,#1326,#1327,#1328));
#3567=EDGE_LOOP('',(#1329,#1330,#1331,#1332));
#3568=EDGE_LOOP('',(#1333,#1334,#1335,#1336));
#3569=EDGE_LOOP('',(#1337,#1338,#1339,#1340));
#3570=EDGE_LOOP('',(#1341,#1342,#1343,#1344));
#3571=EDGE_LOOP('',(#1345,#1346,#1347,#1348));
#3572=EDGE_LOOP('',(#1349,#1350,#1351,#1352));
#3573=EDGE_LOOP('',(#1353,#1354,#1355,#1356));
#3574=EDGE_LOOP('',(#1357,#1358,#1359,#1360));
#3575=EDGE_LOOP('',(#1361,#1362,#1363,#1364));
#3576=EDGE_LOOP('',(#1365,#1366,#1367,#1368));
#3577=EDGE_LOOP('',(#1369,#1370,#1371,#1372));
#3578=EDGE_LOOP('',(#1373,#1374,#1375,#1376));
#3579=EDGE_LOOP('',(#1377,#1378,#1379,#1380));
#3580=EDGE_LOOP('',(#1381,#1382,#1383,#1384));
#3581=EDGE_LOOP('',(#1385,#1386,#1387,#1388));
#3582=EDGE_LOOP('',(#1389,#1390,#1391,#1392));
#3583=EDGE_LOOP('',(#1393,#1394,#1395,#1396));
#3584=EDGE_LOOP('',(#1397,#1398,#1399,#1400));
#3585=EDGE_LOOP('',(#1401,#1402,#1403,#1404));
#3586=EDGE_LOOP('',(#1405,#1406,#1407,#1408));
#3587=EDGE_LOOP('',(#1409,#1410,#1411,#1412));
#3588=EDGE_LOOP('',(#1413,#1414,#1415,#1416));
#3589=EDGE_LOOP('',(#1417,#1418,#1419,#1420));
#3590=EDGE_LOOP('',(#1421,#1422,#1423,#1424));
#3591=EDGE_LOOP('',(#1425,#1426,#1427,#1428));
#3592=EDGE_LOOP('',(#1429,#1430,#1431,#1432));
#3593=EDGE_LOOP('',(#1433,#1434,#1435,#1436));
#3594=EDGE_LOOP('',(#1437,#1438,#1439,#1440));
#3595=EDGE_LOOP('',(#1441,#1442,#1443,#1444));
#3596=EDGE_LOOP('',(#1445,#1446,#1447,#1448));
#3597=EDGE_LOOP('',(#1449,#1450,#1451,#1452));
#3598=EDGE_LOOP('',(#1453,#1454,#1455,#1456));
#3599=EDGE_LOOP('',(#1457,#1458,#1459,#1460));
#3600=EDGE_LOOP('',(#1461,#1462,#1463,#1464));
#3601=EDGE_LOOP('',(#1465,#1466,#1467,#1468));
#3602=EDGE_LOOP('',(#1469,#1470,#1471,#1472));
#3603=EDGE_LOOP('',(#1473,#1474,#1475,#1476));
#3604=EDGE_LOOP('',(#1477,#1478,#1479,#1480));
#3605=EDGE_LOOP('',(#1481,#1482,#1483,#1484));
#3606=EDGE_LOOP('',(#1485,#1486,#1487,#1488));
#3607=EDGE_LOOP('',(#1489,#1490,#1491,#1492));
#3608=EDGE_LOOP('',(#1493,#1494,#1495,#1496));
#3609=EDGE_LOOP('',(#1497,#1498,#1499,#1500));
#3610=EDGE_LOOP('',(#1501,#1502,#1503,#1504));
#3611=EDGE_LOOP('',(#1505,#1506,#1507,#1508));
#3612=EDGE_LOOP('',(#1509,#1510,#1511,#1512));
#3613=EDGE_LOOP('',(#1513,#1514,#1515,#1516));
#3614=EDGE_LOOP('',(#1517,#1518,#1519,#1520));
#3615=FACE_BOUND('',#3332,.T.);
#3616=FACE_BOUND('',#3333,.T.);
#3617=FACE_BOUND('',#3334,.T.);
#3618=FACE_BOUND('',#3335,.T.);
#3619=FACE_BOUND('',#3336,.T.);
#3620=FACE_BOUND('',#3337,.T.);
#3621=FACE_BOUND('',#3338,.T.);
#3622=FACE_BOUND('',#3339,.T.);
#3623=FACE_BOUND('',#3340,.T.);
#3624=FACE_BOUND('',#3341,.T.);
#3625=FACE_BOUND('',#3342,.T.);
#3626=FACE_BOUND('',#3343,.T.);
#3627=FACE_BOUND('',#3344,.T.);
#3628=FACE_BOUND('',#3345,.T.);
#3629=FACE_BOUND('',#3346,.T.);
#3630=FACE_BOUND('',#3347,.T.);
#3631=FACE_BOUND('',#3348,.T.);
#3632=FACE_BOUND('',#3349,.T.);
#3633=FACE_BOUND('',#3350,.T.);
#3634=FACE_BOUND('',#3351,.T.);
#3635=FACE_BOUND('',#3352,.T.);
#3636=FACE_BOUND('',#3353,.T.);
#3637=FACE_BOUND('',#3354,.T.);
#3638=FACE_BOUND('',#3355,.T.);
#3639=FACE_BOUND('',#3356,.T.);
#3640=FACE_BOUND('',#3357,.T.);
#3641=FACE_BOUND('',#3358,.T.);
#3642=FACE_BOUND('',#3359,.T.);
#3643=FACE_BOUND('',#3360,.T.);
#3644=FACE_BOUND('',#3361,.T.);
#3645=FACE_BOUND('',#3362,.T.);
#3646=FACE_BOUND('',#3363,.T.);
#3647=FACE_BOUND('',#3364,.T.);
#3648=FACE_BOUND('',#3365,.T.);
#3649=FACE_BOUND('',#3366,.T.);
#3650=FACE_BOUND('',#3367,.T.);
#3651=FACE_BOUND('',#3368,.T.);
#3652=FACE_BOUND('',#3369,.T.);
#3653=FACE_BOUND('',#3370,.T.);
#3654=FACE_BOUND('',#3371,.T.);
#3655=FACE_BOUND('',#3372,.T.);
#3656=FACE_BOUND('',#3373,.T.);
#3657=FACE_BOUND('',#3374,.T.);
#3658=FACE_BOUND('',#3375,.T.);
#3659=FACE_BOUND('',#3376,.T.);
#3660=FACE_BOUND('',#3377,.T.);
#3661=FACE_BOUND('',#3378,.T.);
#3662=FACE_BOUND('',#3379,.T.);
#3663=FACE_BOUND('',#3380,.T.);
#3664=FACE_BOUND('',#3381,.T.);
#3665=FACE_BOUND('',#3382,.T.);
#3666=FACE_BOUND('',#3383,.T.);
#3667=FACE_BOUND('',#3384,.T.);
#3668=FACE_BOUND('',#3385,.T.);
#3669=FACE_BOUND('',#3386,.T.);
#3670=FACE_BOUND('',#3387,.T.);
#3671=FACE_BOUND('',#3388,.T.);
#3672=FACE_BOUND('',#3389,.T.);
#3673=FACE_BOUND('',#3390,.T.);
#3674=FACE_BOUND('',#3391,.T.);
#3675=FACE_BOUND('',#3392,.T.);
#3676=FACE_BOUND('',#3393,.T.);
#3677=FACE_BOUND('',#3394,.T.);
#3678=FACE_BOUND('',#3395,.T.);
#3679=FACE_BOUND('',#3396,.T.);
#3680=FACE_BOUND('',#3397,.T.);
#3681=FACE_BOUND('',#3398,.T.);
#3682=FACE_BOUND('',#3399,.T.);
#3683=FACE_BOUND('',#3400,.T.);
#3684=FACE_BOUND('',#3401,.T.);
#3685=FACE_BOUND('',#3402,.T.);
#3686=FACE_BOUND('',#3403,.T.);
#3687=FACE_BOUND('',#3404,.T.);
#3688=FACE_BOUND('',#3405,.T.);
#3689=FACE_BOUND('',#3406,.T.);
#3690=FACE_BOUND('',#3407,.T.);
#3691=FACE_BOUND('',#3408,.T.);
#3692=FACE_BOUND('',#3409,.T.);
#3693=FACE_BOUND('',#3410,.T.);
#3694=FACE_BOUND('',#3411,.T.);
#3695=FACE_BOUND('',#3412,.T.);
#3696=FACE_BOUND('',#3413,.T.);
#3697=FACE_BOUND('',#3414,.T.);
#3698=FACE_BOUND('',#3415,.T.);
#3699=FACE_BOUND('',#3416,.T.);
#3700=FACE_BOUND('',#3417,.T.);
#3701=FACE_BOUND('',#3418,.T.);
#3702=FACE_BOUND('',#3419,.T.);
#3703=FACE_BOUND('',#3420,.T.);
#3704=FACE_BOUND('',#3421,.T.);
#3705=FACE_BOUND('',#3422,.T.);
#3706=FACE_BOUND('',#3423,.T.);
#3707=FACE_BOUND('',#3424,.T.);
#3708=FACE_BOUND('',#3425,.T.);
#3709=FACE_BOUND('',#3426,.T.);
#3710=FACE_BOUND('',#3427,.T.);
#3711=FACE_BOUND('',#3428,.T.);
#3712=FACE_BOUND('',#3429,.T.);
#3713=FACE_BOUND('',#3430,.T.);
#3714=FACE_BOUND('',#3431,.T.);
#3715=FACE_BOUND('',#3432,.T.);
#3716=FACE_BOUND('',#3433,.T.);
#3717=FACE_BOUND('',#3434,.T.);
#3718=FACE_BOUND('',#3435,.T.);
#3719=FACE_BOUND('',#3436,.T.);
#3720=FACE_BOUND('',#3437,.T.);
#3721=FACE_BOUND('',#3438,.T.);
#3722=FACE_BOUND('',#3439,.T.);
#3723=FACE_BOUND('',#3440,.T.);
#3724=FACE_BOUND('',#3441,.T.);
#3725=FACE_BOUND('',#3442,.T.);
#3726=FACE_BOUND('',#3443,.T.);
#3727=FACE_BOUND('',#3444,.T.);
#3728=FACE_BOUND('',#3445,.T.);
#3729=FACE_BOUND('',#3446,.T.);
#3730=FACE_BOUND('',#3447,.T.);
#3731=FACE_BOUND('',#3448,.T.);
#3732=FACE_BOUND('',#3449,.T.);
#3733=FACE_BOUND('',#3450,.T.);
#3734=FACE_BOUND('',#3451,.T.);
#3735=FACE_BOUND('',#3452,.T.);
#3736=FACE_BOUND('',#3453,.T.);
#3737=FACE_BOUND('',#3454,.T.);
#3738=FACE_BOUND('',#3455,.T.);
#3739=FACE_BOUND('',#3456,.T.);
#3740=FACE_BOUND('',#3457,.T.);
#3741=FACE_BOUND('',#3458,.T.);
#3742=FACE_BOUND('',#3459,.T.);
#3743=FACE_BOUND('',#3460,.T.);
#3744=FACE_BOUND('',#3461,.T.);
#3745=FACE_BOUND('',#3462,.T.);
#3746=FACE_BOUND('',#3463,.T.);
#3747=FACE_BOUND('',#3464,.T.);
#3748=FACE_BOUND('',#3465,.T.);
#3749=FACE_BOUND('',#3466,.T.);
#3750=FACE_BOUND('',#3467,.T.);
#3751=FACE_BOUND('',#3468,.T.);
#3752=FACE_BOUND('',#3469,.T.);
#3753=FACE_BOUND('',#3470,.T.);
#3754=FACE_BOUND('',#3471,.T.);
#3755=FACE_BOUND('',#3472,.T.);
#3756=FACE_BOUND('',#3473,.T.);
#3757=FACE_BOUND('',#3474,.T.);
#3758=FACE_BOUND('',#3475,.T.);
#3759=FACE_BOUND('',#3476,.T.);
#3760=FACE_BOUND('',#3477,.T.);
#3761=FACE_BOUND('',#3478,.T.);
#3762=FACE_BOUND('',#3479,.T.);
#3763=FACE_BOUND('',#3480,.T.);
#3764=FACE_BOUND('',#3481,.T.);
#3765=FACE_BOUND('',#3482,.T.);
#3766=FACE_BOUND('',#3483,.T.);
#3767=FACE_BOUND('',#3484,.T.);
#3768=FACE_BOUND('',#3485,.T.);
#3769=FACE_BOUND('',#3486,.T.);
#3770=FACE_BOUND('',#3487,.T.);
#3771=FACE_BOUND('',#3488,.T.);
#3772=FACE_BOUND('',#3489,.T.);
#3773=FACE_BOUND('',#3490,.T.);
#3774=FACE_BOUND('',#3491,.T.);
#3775=FACE_BOUND('',#3492,.T.);
#3776=FACE_BOUND('',#3493,.T.);
#3777=FACE_BOUND('',#3494,.T.);
#3778=FACE_BOUND('',#3495,.T.);
#3779=FACE_BOUND('',#3496,.T.);
#3780=FACE_BOUND('',#3497,.T.);
#3781=FACE_BOUND('',#3498,.T.);
#3782=FACE_BOUND('',#3499,.T.);
#3783=FACE_BOUND('',#3500,.T.);
#3784=FACE_BOUND('',#3501,.T.);
#3785=FACE_BOUND('',#3502,.T.);
#3786=FACE_BOUND('',#3503,.T.);
#3787=FACE_BOUND('',#3504,.T.);
#3788=FACE_BOUND('',#3505,.T.);
#3789=FACE_BOUND('',#3506,.T.);
#3790=FACE_BOUND('',#3507,.T.);
#3791=FACE_BOUND('',#3508,.T.);
#3792=FACE_BOUND('',#3509,.T.);
#3793=FACE_BOUND('',#3510,.T.);
#3794=FACE_BOUND('',#3511,.T.);
#3795=FACE_BOUND('',#3512,.T.);
#3796=FACE_BOUND('',#3513,.T.);
#3797=FACE_BOUND('',#3514,.T.);
#3798=FACE_BOUND('',#3515,.T.);
#3799=FACE_BOUND('',#3516,.T.);
#3800=FACE_BOUND('',#3517,.T.);
#3801=FACE_BOUND('',#3518,.T.);
#3802=FACE_BOUND('',#3519,.T.);
#3803=FACE_BOUND('',#3520,.T.);
#3804=FACE_BOUND('',#3521,.T.);
#3805=FACE_BOUND('',#3522,.T.);
#3806=FACE_BOUND('',#3523,.T.);
#3807=FACE_BOUND('',#3524,.T.);
#3808=FACE_BOUND('',#3525,.T.);
#3809=FACE_BOUND('',#3526,.T.);
#3810=FACE_BOUND('',#3527,.T.);
#3811=FACE_BOUND('',#3528,.T.);
#3812=FACE_BOUND('',#3529,.T.);
#3813=FACE_BOUND('',#3530,.T.);
#3814=FACE_BOUND('',#3531,.T.);
#3815=FACE_BOUND('',#3532,.T.);
#3816=FACE_BOUND('',#3533,.T.);
#3817=FACE_BOUND('',#3534,.T.);
#3818=FACE_BOUND('',#3535,.T.);
#3819=FACE_BOUND('',#3536,.T.);
#3820=FACE_BOUND('',#3537,.T.);
#3821=FACE_BOUND('',#3538,.T.);
#3822=FACE_BOUND('',#3539,.T.);
#3823=FACE_BOUND('',#3540,.T.);
#3824=FACE_BOUND('',#3541,.T.);
#3825=FACE_BOUND('',#3542,.T.);
#3826=FACE_BOUND('',#3543,.T.);
#3827=FACE_BOUND('',#3544,.T.);
#3828=FACE_BOUND('',#3545,.T.);
#3829=FACE_BOUND('',#3546,.T.);
#3830=FACE_BOUND('',#3547,.T.);
#3831=FACE_BOUND('',#3548,.T.);
#3832=FACE_BOUND('',#3549,.T.);
#3833=FACE_BOUND('',#3550,.T.);
#3834=FACE_BOUND('',#3551,.T.);
#3835=FACE_BOUND('',#3552,.T.);
#3836=FACE_BOUND('',#3553,.T.);
#3837=FACE_BOUND('',#3554,.T.);
#3838=FACE_BOUND('',#3555,.T.);
#3839=FACE_BOUND('',#3556,.T.);
#3840=FACE_BOUND('',#3557,.T.);
#3841=FACE_BOUND('',#3558,.T.);
#3842=FACE_BOUND('',#3559,.T.);
#3843=FACE_BOUND('',#3560,.T.);
#3844=FACE_BOUND('',#3561,.T.);
#3845=FACE_BOUND('',#3562,.T.);
#3846=FACE_BOUND('',#3563,.T.);
#3847=FACE_BOUND('',#3564,.T.);
#3848=FACE_BOUND('',#3565,.T.);
#3849=FACE_BOUND('',#3566,.T.);
#3850=FACE_BOUND('',#3567,.T.);
#3851=FACE_BOUND('',#3568,.T.);
#3852=FACE_BOUND('',#3569,.T.);
#3853=FACE_BOUND('',#3570,.T.);
#3854=FACE_BOUND('',#3571,.T.);
#3855=FACE_BOUND('',#3572,.T.);
#3856=FACE_BOUND('',#3573,.T.);
#3857=FACE_BOUND('',#3574,.T.);
#3858=FACE_BOUND('',#3575,.T.);
#3859=FACE_BOUND('',#3576,.T.);
#3860=FACE_BOUND('',#3577,.T.);
#3861=FACE_BOUND('',#3578,.T.);
#3862=FACE_BOUND('',#3579,.T.);
#3863=FACE_BOUND('',#3580,.T.);
#3864=FACE_BOUND('',#3581,.T.);
#3865=FACE_BOUND('',#3582,.T.);
#3866=FACE_BOUND('',#3583,.T.);
#3867=FACE_BOUND('',#3584,.T.);
#3868=FACE_BOUND('',#3585,.T.);
#3869=FACE_BOUND('',#3586,.T.);
#3870=FACE_BOUND('',#3587,.T.);
#3871=FACE_BOUND('',#3588,.T.);
#3872=FACE_BOUND('',#3589,.T.);
#3873=FACE_BOUND('',#3590,.T.);
#3874=FACE_BOUND('',#3591,.T.);
#3875=FACE_BOUND('',#3592,.T.);
#3876=FACE_BOUND('',#3593,.T.);
#3877=FACE_BOUND('',#3594,.T.);
#3878=FACE_BOUND('',#3595,.T.);
#3879=FACE_BOUND('',#3596,.T.);
#3880=FACE_BOUND('',#3597,.T.);
#3881=FACE_BOUND('',#3598,.T.);
#3882=FACE_BOUND('',#3599,.T.);
#3883=FACE_BOUND('',#3600,.T.);
#3884=FACE_BOUND('',#3601,.T.);
#3885=FACE_BOUND('',#3602,.T.);
#3886=FACE_BOUND('',#3603,.T.);
#3887=FACE_BOUND('',#3604,.T.);
#3888=FACE_BOUND('',#3605,.T.);
#3889=FACE_BOUND('',#3606,.T.);
#3890=FACE_BOUND('',#3607,.T.);
#3891=FACE_BOUND('',#3608,.T.);
#3892=FACE_BOUND('',#3609,.T.);
#3893=FACE_BOUND('',#3610,.T.);
#3894=FACE_BOUND('',#3611,.T.);
#3895=FACE_BOUND('',#3612,.T.);
#3896=FACE_BOUND('',#3613,.T.);
#3897=FACE_BOUND('',#3614,.T.);
#3898=PLANE('',#4220);
#3899=PLANE('',#4322);
#3900=PLANE('',#4424);
#3901=PLANE('',#4425);
#3902=PLANE('',#4426);
#3903=PLANE('',#4427);
#3904=PLANE('',#4428);
#3905=PLANE('',#4429);
#3906=PLANE('',#4430);
#3907=PLANE('',#4431);
#3908=PLANE('',#4432);
#3909=PLANE('',#4433);
#3910=PLANE('',#4434);
#3911=PLANE('',#4435);
#3912=PLANE('',#4436);
#3913=PLANE('',#4437);
#3914=PLANE('',#4438);
#3915=PLANE('',#4439);
#3916=PLANE('',#4440);
#3917=PLANE('',#4441);
#3918=PLANE('',#4442);
#3919=PLANE('',#4449);
#3920=PLANE('',#4450);
#3921=PLANE('',#4451);
#3922=PLANE('',#4452);
#3923=PLANE('',#4453);
#3924=PLANE('',#4454);
#3925=PLANE('',#4455);
#3926=PLANE('',#4456);
#3927=PLANE('',#4457);
#3928=PLANE('',#4458);
#3929=PLANE('',#4459);
#3930=PLANE('',#4460);
#3931=PLANE('',#4461);
#3932=PLANE('',#4462);
#3933=PLANE('',#4463);
#3934=PLANE('',#4464);
#3935=PLANE('',#4465);
#3936=PLANE('',#4466);
#3937=PLANE('',#4467);
#3938=PLANE('',#4468);
#3939=PLANE('',#4469);
#3940=PLANE('',#4470);
#3941=PLANE('',#4471);
#3942=PLANE('',#4472);
#3943=PLANE('',#4474);
#3944=PLANE('',#4475);
#3945=PLANE('',#4477);
#3946=PLANE('',#4478);
#3947=PLANE('',#4479);
#3948=PLANE('',#4480);
#3949=PLANE('',#4481);
#3950=PLANE('',#4482);
#3951=PLANE('',#4483);
#3952=PLANE('',#4484);
#3953=PLANE('',#4485);
#3954=PLANE('',#4486);
#3955=PLANE('',#4488);
#3956=PLANE('',#4489);
#3957=PLANE('',#4490);
#3958=PLANE('',#4491);
#3959=PLANE('',#4492);
#3960=PLANE('',#4493);
#3961=PLANE('',#4494);
#3962=PLANE('',#4495);
#3963=PLANE('',#4496);
#3964=PLANE('',#4497);
#3965=PLANE('',#4498);
#3966=PLANE('',#4499);
#3967=PLANE('',#4500);
#3968=PLANE('',#4501);
#3969=PLANE('',#4502);
#3970=PLANE('',#4503);
#3971=PLANE('',#4504);
#3972=PLANE('',#4505);
#3973=PLANE('',#4506);
#3974=PLANE('',#4508);
#3975=PLANE('',#4509);
#3976=PLANE('',#4510);
#3977=PLANE('',#4511);
#3978=PLANE('',#4512);
#3979=PLANE('',#4513);
#3980=PLANE('',#4514);
#3981=PLANE('',#4515);
#3982=PLANE('',#4516);
#3983=PLANE('',#4517);
#3984=PLANE('',#4518);
#3985=PLANE('',#4519);
#3986=PLANE('',#4520);
#3987=PLANE('',#4521);
#3988=PLANE('',#4522);
#3989=PLANE('',#4523);
#3990=PLANE('',#4524);
#3991=PLANE('',#4525);
#3992=PLANE('',#4526);
#3993=PLANE('',#4527);
#3994=PLANE('',#4529);
#3995=PLANE('',#4530);
#3996=PLANE('',#4531);
#3997=PLANE('',#4532);
#3998=PLANE('',#4533);
#3999=PLANE('',#4534);
#4000=PLANE('',#4535);
#4001=PLANE('',#4536);
#4002=ADVANCED_FACE('',(#3615,#3616,#3617,#3618,#3619,#3620,#3621,#3622,
#3623,#3624,#3625,#3626,#3627,#3628,#3629,#3630,#3631,#3632,#3633,#3634,
#3635,#3636,#3637,#3638,#3639,#3640,#3641,#3642,#3643,#3644,#3645,#3646,
#3647,#3648,#3649,#3650,#3651),#3898,.T.);
#4003=ADVANCED_FACE('',(#3652,#3653,#3654,#3655,#3656,#3657,#3658,#3659,
#3660,#3661,#3662,#3663,#3664,#3665,#3666,#3667,#3668,#3669,#3670,#3671,
#3672,#3673,#3674,#3675,#3676,#3677,#3678,#3679,#3680,#3681,#3682,#3683,
#3684,#3685,#3686,#3687,#3688),#3899,.F.);
#4004=ADVANCED_FACE('',(#3689),#3900,.T.);
#4005=ADVANCED_FACE('',(#3690),#3901,.F.);
#4006=ADVANCED_FACE('',(#3691),#3902,.F.);
#4007=ADVANCED_FACE('',(#3692),#3903,.T.);
#4008=ADVANCED_FACE('',(#3693),#3904,.F.);
#4009=ADVANCED_FACE('',(#3694),#3905,.F.);
#4010=ADVANCED_FACE('',(#3695),#3906,.T.);
#4011=ADVANCED_FACE('',(#3696),#3907,.F.);
#4012=ADVANCED_FACE('',(#3697),#3908,.F.);
#4013=ADVANCED_FACE('',(#3698),#3909,.T.);
#4014=ADVANCED_FACE('',(#3699),#3910,.F.);
#4015=ADVANCED_FACE('',(#3700),#3911,.F.);
#4016=ADVANCED_FACE('',(#3701),#3912,.T.);
#4017=ADVANCED_FACE('',(#3702),#3913,.F.);
#4018=ADVANCED_FACE('',(#3703),#3914,.F.);
#4019=ADVANCED_FACE('',(#3704),#3915,.T.);
#4020=ADVANCED_FACE('',(#3705),#3916,.T.);
#4021=ADVANCED_FACE('',(#3706),#3917,.T.);
#4022=ADVANCED_FACE('',(#3707),#3918,.T.);
#4023=ADVANCED_FACE('',(#3708,#3709),#12,.F.);
#4024=ADVANCED_FACE('',(#3710,#3711),#13,.F.);
#4025=ADVANCED_FACE('',(#3712,#3713),#14,.F.);
#4026=ADVANCED_FACE('',(#3714,#3715),#15,.F.);
#4027=ADVANCED_FACE('',(#3716,#3717),#16,.F.);
#4028=ADVANCED_FACE('',(#3718,#3719),#17,.F.);
#4029=ADVANCED_FACE('',(#3720),#3919,.F.);
#4030=ADVANCED_FACE('',(#3721),#3920,.T.);
#4031=ADVANCED_FACE('',(#3722),#3921,.F.);
#4032=ADVANCED_FACE('',(#3723),#3922,.F.);
#4033=ADVANCED_FACE('',(#3724),#3923,.F.);
#4034=ADVANCED_FACE('',(#3725),#3924,.T.);
#4035=ADVANCED_FACE('',(#3726),#3925,.F.);
#4036=ADVANCED_FACE('',(#3727),#3926,.T.);
#4037=ADVANCED_FACE('',(#3728),#3927,.T.);
#4038=ADVANCED_FACE('',(#3729),#3928,.T.);
#4039=ADVANCED_FACE('',(#3730),#3929,.F.);
#4040=ADVANCED_FACE('',(#3731),#3930,.F.);
#4041=ADVANCED_FACE('',(#3732),#3931,.T.);
#4042=ADVANCED_FACE('',(#3733),#3932,.F.);
#4043=ADVANCED_FACE('',(#3734),#3933,.F.);
#4044=ADVANCED_FACE('',(#3735),#3934,.F.);
#4045=ADVANCED_FACE('',(#3736),#3935,.F.);
#4046=ADVANCED_FACE('',(#3737),#3936,.T.);
#4047=ADVANCED_FACE('',(#3738),#3937,.T.);
#4048=ADVANCED_FACE('',(#3739),#3938,.F.);
#4049=ADVANCED_FACE('',(#3740),#3939,.T.);
#4050=ADVANCED_FACE('',(#3741),#3940,.F.);
#4051=ADVANCED_FACE('',(#3742),#3941,.F.);
#4052=ADVANCED_FACE('',(#3743),#3942,.T.);
#4053=ADVANCED_FACE('',(#3744),#18,.T.);
#4054=ADVANCED_FACE('',(#3745),#3943,.T.);
#4055=ADVANCED_FACE('',(#3746),#3944,.F.);
#4056=ADVANCED_FACE('',(#3747),#19,.T.);
#4057=ADVANCED_FACE('',(#3748),#3945,.T.);
#4058=ADVANCED_FACE('',(#3749),#3946,.F.);
#4059=ADVANCED_FACE('',(#3750),#3947,.T.);
#4060=ADVANCED_FACE('',(#3751),#3948,.T.);
#4061=ADVANCED_FACE('',(#3752),#3949,.F.);
#4062=ADVANCED_FACE('',(#3753),#3950,.T.);
#4063=ADVANCED_FACE('',(#3754),#3951,.T.);
#4064=ADVANCED_FACE('',(#3755),#3952,.F.);
#4065=ADVANCED_FACE('',(#3756),#3953,.F.);
#4066=ADVANCED_FACE('',(#3757),#3954,.T.);
#4067=ADVANCED_FACE('',(#3758),#20,.T.);
#4068=ADVANCED_FACE('',(#3759),#3955,.T.);
#4069=ADVANCED_FACE('',(#3760),#3956,.F.);
#4070=ADVANCED_FACE('',(#3761),#3957,.T.);
#4071=ADVANCED_FACE('',(#3762),#3958,.F.);
#4072=ADVANCED_FACE('',(#3763),#3959,.F.);
#4073=ADVANCED_FACE('',(#3764),#3960,.T.);
#4074=ADVANCED_FACE('',(#3765),#3961,.F.);
#4075=ADVANCED_FACE('',(#3766),#3962,.F.);
#4076=ADVANCED_FACE('',(#3767),#3963,.T.);
#4077=ADVANCED_FACE('',(#3768),#3964,.F.);
#4078=ADVANCED_FACE('',(#3769),#3965,.F.);
#4079=ADVANCED_FACE('',(#3770),#3966,.F.);
#4080=ADVANCED_FACE('',(#3771),#3967,.F.);
#4081=ADVANCED_FACE('',(#3772),#3968,.T.);
#4082=ADVANCED_FACE('',(#3773),#3969,.T.);
#4083=ADVANCED_FACE('',(#3774),#3970,.F.);
#4084=ADVANCED_FACE('',(#3775),#3971,.F.);
#4085=ADVANCED_FACE('',(#3776),#3972,.T.);
#4086=ADVANCED_FACE('',(#3777),#3973,.T.);
#4087=ADVANCED_FACE('',(#3778),#21,.T.);
#4088=ADVANCED_FACE('',(#3779),#3974,.T.);
#4089=ADVANCED_FACE('',(#3780),#3975,.T.);
#4090=ADVANCED_FACE('',(#3781),#3976,.F.);
#4091=ADVANCED_FACE('',(#3782),#3977,.F.);
#4092=ADVANCED_FACE('',(#3783),#3978,.T.);
#4093=ADVANCED_FACE('',(#3784),#3979,.F.);
#4094=ADVANCED_FACE('',(#3785),#3980,.F.);
#4095=ADVANCED_FACE('',(#3786),#3981,.T.);
#4096=ADVANCED_FACE('',(#3787),#3982,.T.);
#4097=ADVANCED_FACE('',(#3788),#3983,.F.);
#4098=ADVANCED_FACE('',(#3789),#3984,.T.);
#4099=ADVANCED_FACE('',(#3790),#3985,.T.);
#4100=ADVANCED_FACE('',(#3791),#3986,.T.);
#4101=ADVANCED_FACE('',(#3792),#3987,.T.);
#4102=ADVANCED_FACE('',(#3793),#3988,.F.);
#4103=ADVANCED_FACE('',(#3794),#3989,.F.);
#4104=ADVANCED_FACE('',(#3795),#3990,.F.);
#4105=ADVANCED_FACE('',(#3796),#3991,.T.);
#4106=ADVANCED_FACE('',(#3797),#3992,.T.);
#4107=ADVANCED_FACE('',(#3798),#3993,.T.);
#4108=ADVANCED_FACE('',(#3799),#22,.T.);
#4109=ADVANCED_FACE('',(#3800),#3994,.F.);
#4110=ADVANCED_FACE('',(#3801),#3995,.T.);
#4111=ADVANCED_FACE('',(#3802),#3996,.T.);
#4112=ADVANCED_FACE('',(#3803),#3997,.F.);
#4113=ADVANCED_FACE('',(#3804),#3998,.T.);
#4114=ADVANCED_FACE('',(#3805),#3999,.T.);
#4115=ADVANCED_FACE('',(#3806),#4000,.T.);
#4116=ADVANCED_FACE('',(#3807),#4001,.F.);
#4117=ADVANCED_FACE('',(#3808),#23,.F.);
#4118=ADVANCED_FACE('',(#3809),#24,.F.);
#4119=ADVANCED_FACE('',(#3810),#25,.F.);
#4120=ADVANCED_FACE('',(#3811),#26,.F.);
#4121=ADVANCED_FACE('',(#3812),#27,.F.);
#4122=ADVANCED_FACE('',(#3813),#28,.F.);
#4123=ADVANCED_FACE('',(#3814),#29,.F.);
#4124=ADVANCED_FACE('',(#3815),#30,.F.);
#4125=ADVANCED_FACE('',(#3816),#31,.F.);
#4126=ADVANCED_FACE('',(#3817),#32,.F.);
#4127=ADVANCED_FACE('',(#3818),#33,.F.);
#4128=ADVANCED_FACE('',(#3819),#34,.F.);
#4129=ADVANCED_FACE('',(#3820),#35,.F.);
#4130=ADVANCED_FACE('',(#3821),#36,.F.);
#4131=ADVANCED_FACE('',(#3822),#37,.F.);
#4132=ADVANCED_FACE('',(#3823),#38,.F.);
#4133=ADVANCED_FACE('',(#3824),#39,.F.);
#4134=ADVANCED_FACE('',(#3825),#40,.F.);
#4135=ADVANCED_FACE('',(#3826),#41,.F.);
#4136=ADVANCED_FACE('',(#3827),#42,.F.);
#4137=ADVANCED_FACE('',(#3828),#43,.F.);
#4138=ADVANCED_FACE('',(#3829),#44,.F.);
#4139=ADVANCED_FACE('',(#3830),#45,.F.);
#4140=ADVANCED_FACE('',(#3831),#46,.F.);
#4141=ADVANCED_FACE('',(#3832),#47,.F.);
#4142=ADVANCED_FACE('',(#3833),#48,.F.);
#4143=ADVANCED_FACE('',(#3834),#49,.F.);
#4144=ADVANCED_FACE('',(#3835),#50,.F.);
#4145=ADVANCED_FACE('',(#3836),#51,.F.);
#4146=ADVANCED_FACE('',(#3837),#52,.F.);
#4147=ADVANCED_FACE('',(#3838),#53,.F.);
#4148=ADVANCED_FACE('',(#3839),#54,.F.);
#4149=ADVANCED_FACE('',(#3840),#55,.F.);
#4150=ADVANCED_FACE('',(#3841),#56,.F.);
#4151=ADVANCED_FACE('',(#3842),#57,.F.);
#4152=ADVANCED_FACE('',(#3843),#58,.F.);
#4153=ADVANCED_FACE('',(#3844),#59,.F.);
#4154=ADVANCED_FACE('',(#3845),#60,.F.);
#4155=ADVANCED_FACE('',(#3846),#61,.F.);
#4156=ADVANCED_FACE('',(#3847),#62,.F.);
#4157=ADVANCED_FACE('',(#3848),#63,.F.);
#4158=ADVANCED_FACE('',(#3849),#64,.F.);
#4159=ADVANCED_FACE('',(#3850),#65,.F.);
#4160=ADVANCED_FACE('',(#3851),#66,.F.);
#4161=ADVANCED_FACE('',(#3852),#67,.F.);
#4162=ADVANCED_FACE('',(#3853),#68,.F.);
#4163=ADVANCED_FACE('',(#3854),#69,.F.);
#4164=ADVANCED_FACE('',(#3855),#70,.F.);
#4165=ADVANCED_FACE('',(#3856),#71,.F.);
#4166=ADVANCED_FACE('',(#3857),#72,.F.);
#4167=ADVANCED_FACE('',(#3858),#73,.F.);
#4168=ADVANCED_FACE('',(#3859),#74,.F.);
#4169=ADVANCED_FACE('',(#3860),#75,.F.);
#4170=ADVANCED_FACE('',(#3861),#76,.F.);
#4171=ADVANCED_FACE('',(#3862),#77,.F.);
#4172=ADVANCED_FACE('',(#3863),#78,.F.);
#4173=ADVANCED_FACE('',(#3864),#79,.F.);
#4174=ADVANCED_FACE('',(#3865),#80,.F.);
#4175=ADVANCED_FACE('',(#3866),#81,.F.);
#4176=ADVANCED_FACE('',(#3867),#82,.F.);
#4177=ADVANCED_FACE('',(#3868),#83,.F.);
#4178=ADVANCED_FACE('',(#3869),#84,.F.);
#4179=ADVANCED_FACE('',(#3870),#85,.F.);
#4180=ADVANCED_FACE('',(#3871),#86,.F.);
#4181=ADVANCED_FACE('',(#3872),#87,.F.);
#4182=ADVANCED_FACE('',(#3873),#88,.F.);
#4183=ADVANCED_FACE('',(#3874),#89,.F.);
#4184=ADVANCED_FACE('',(#3875),#90,.F.);
#4185=ADVANCED_FACE('',(#3876),#91,.F.);
#4186=ADVANCED_FACE('',(#3877),#92,.F.);
#4187=ADVANCED_FACE('',(#3878),#93,.F.);
#4188=ADVANCED_FACE('',(#3879),#94,.F.);
#4189=ADVANCED_FACE('',(#3880),#95,.F.);
#4190=ADVANCED_FACE('',(#3881),#96,.F.);
#4191=ADVANCED_FACE('',(#3882),#97,.F.);
#4192=ADVANCED_FACE('',(#3883),#98,.F.);
#4193=ADVANCED_FACE('',(#3884),#99,.F.);
#4194=ADVANCED_FACE('',(#3885),#100,.F.);
#4195=ADVANCED_FACE('',(#3886),#101,.F.);
#4196=ADVANCED_FACE('',(#3887),#102,.F.);
#4197=ADVANCED_FACE('',(#3888),#103,.F.);
#4198=ADVANCED_FACE('',(#3889),#104,.F.);
#4199=ADVANCED_FACE('',(#3890),#105,.F.);
#4200=ADVANCED_FACE('',(#3891),#106,.F.);
#4201=ADVANCED_FACE('',(#3892),#107,.F.);
#4202=ADVANCED_FACE('',(#3893),#108,.F.);
#4203=ADVANCED_FACE('',(#3894),#109,.F.);
#4204=ADVANCED_FACE('',(#3895),#110,.F.);
#4205=ADVANCED_FACE('',(#3896),#111,.F.);
#4206=ADVANCED_FACE('',(#3897),#112,.F.);
#4207=CLOSED_SHELL('',(#4002,#4003,#4004,#4005,#4006,#4007,#4008,#4009,
#4010,#4011,#4012,#4013,#4014,#4015,#4016,#4017,#4018,#4019,#4020,#4021,
#4022,#4023,#4024,#4025,#4026,#4027,#4028,#4029,#4030,#4031,#4032,#4033,
#4034,#4035,#4036,#4037,#4038,#4039,#4040,#4041,#4042,#4043,#4044,#4045,
#4046,#4047,#4048,#4049,#4050,#4051,#4052,#4053,#4054,#4055,#4056,#4057,
#4058,#4059,#4060,#4061,#4062,#4063,#4064,#4065,#4066,#4067,#4068,#4069,
#4070,#4071,#4072,#4073,#4074,#4075,#4076,#4077,#4078,#4079,#4080,#4081,
#4082,#4083,#4084,#4085,#4086,#4087,#4088,#4089,#4090,#4091,#4092,#4093,
#4094,#4095,#4096,#4097,#4098,#4099,#4100,#4101,#4102,#4103,#4104,#4105,
#4106,#4107,#4108,#4109,#4110,#4111,#4112,#4113,#4114,#4115,#4116,#4117,
#4118,#4119,#4120,#4121,#4122,#4123,#4124,#4125,#4126,#4127,#4128,#4129,
#4130,#4131,#4132,#4133,#4134,#4135,#4136,#4137,#4138,#4139,#4140,#4141,
#4142,#4143,#4144,#4145,#4146,#4147,#4148,#4149,#4150,#4151,#4152,#4153,
#4154,#4155,#4156,#4157,#4158,#4159,#4160,#4161,#4162,#4163,#4164,#4165,
#4166,#4167,#4168,#4169,#4170,#4171,#4172,#4173,#4174,#4175,#4176,#4177,
#4178,#4179,#4180,#4181,#4182,#4183,#4184,#4185,#4186,#4187,#4188,#4189,
#4190,#4191,#4192,#4193,#4194,#4195,#4196,#4197,#4198,#4199,#4200,#4201,
#4202,#4203,#4204,#4205,#4206));
#4208=STYLED_ITEM('',(#4209),#4216);
#4209=PRESENTATION_STYLE_ASSIGNMENT((#4210));
#4210=SURFACE_STYLE_USAGE(.BOTH.,#4211);
#4211=SURFACE_SIDE_STYLE('',(#4212));
#4212=SURFACE_STYLE_FILL_AREA(#4213);
#4213=FILL_AREA_STYLE('',(#4214));
#4214=FILL_AREA_STYLE_COLOUR('',#4215);
#4215=COLOUR_RGB('',0.8,0.776470588235294,0.713725490196078);
#4216=MANIFOLD_SOLID_BREP('Front',#4207);
#4217=SHAPE_DEFINITION_REPRESENTATION(#7065,#4218);
#4218=SHAPE_REPRESENTATION('Front',(#4219),#7060);
#4219=AXIS2_PLACEMENT_3D('',#5844,#4627,#4628);
#4220=AXIS2_PLACEMENT_3D('',#5845,#4629,#4630);
#4221=AXIS2_PLACEMENT_3D('',#5849,#4632,#4633);
#4222=AXIS2_PLACEMENT_3D('',#5853,#4635,#4636);
#4223=AXIS2_PLACEMENT_3D('',#5857,#4638,#4639);
#4224=AXIS2_PLACEMENT_3D('',#5861,#4641,#4642);
#4225=AXIS2_PLACEMENT_3D('',#5865,#4644,#4645);
#4226=AXIS2_PLACEMENT_3D('',#5869,#4647,#4648);
#4227=AXIS2_PLACEMENT_3D('',#5879,#4653,#4654);
#4228=AXIS2_PLACEMENT_3D('',#5883,#4656,#4657);
#4229=AXIS2_PLACEMENT_3D('',#5887,#4659,#4660);
#4230=AXIS2_PLACEMENT_3D('',#5891,#4662,#4663);
#4231=AXIS2_PLACEMENT_3D('',#5895,#4665,#4666);
#4232=AXIS2_PLACEMENT_3D('',#5899,#4668,#4669);
#4233=AXIS2_PLACEMENT_3D('',#5903,#4671,#4672);
#4234=AXIS2_PLACEMENT_3D('',#5907,#4674,#4675);
#4235=AXIS2_PLACEMENT_3D('',#5911,#4677,#4678);
#4236=AXIS2_PLACEMENT_3D('',#5915,#4680,#4681);
#4237=AXIS2_PLACEMENT_3D('',#5916,#4682,#4683);
#4238=AXIS2_PLACEMENT_3D('',#5918,#4684,#4685);
#4239=AXIS2_PLACEMENT_3D('',#5920,#4686,#4687);
#4240=AXIS2_PLACEMENT_3D('',#5922,#4688,#4689);
#4241=AXIS2_PLACEMENT_3D('',#5924,#4690,#4691);
#4242=AXIS2_PLACEMENT_3D('',#5926,#4692,#4693);
#4243=AXIS2_PLACEMENT_3D('',#5955,#4707,#4708);
#4244=AXIS2_PLACEMENT_3D('',#5959,#4710,#4711);
#4245=AXIS2_PLACEMENT_3D('',#5963,#4713,#4714);
#4246=AXIS2_PLACEMENT_3D('',#5967,#4716,#4717);
#4247=AXIS2_PLACEMENT_3D('',#5979,#4723,#4724);
#4248=AXIS2_PLACEMENT_3D('',#5983,#4726,#4727);
#4249=AXIS2_PLACEMENT_3D('',#5987,#4729,#4730);
#4250=AXIS2_PLACEMENT_3D('',#5991,#4732,#4733);
#4251=AXIS2_PLACEMENT_3D('',#5995,#4735,#4736);
#4252=AXIS2_PLACEMENT_3D('',#5999,#4738,#4739);
#4253=AXIS2_PLACEMENT_3D('',#6003,#4741,#4742);
#4254=AXIS2_PLACEMENT_3D('',#6007,#4744,#4745);
#4255=AXIS2_PLACEMENT_3D('',#6011,#4747,#4748);
#4256=AXIS2_PLACEMENT_3D('',#6015,#4750,#4751);
#4257=AXIS2_PLACEMENT_3D('',#6019,#4753,#4754);
#4258=AXIS2_PLACEMENT_3D('',#6021,#4755,#4756);
#4259=AXIS2_PLACEMENT_3D('',#6025,#4758,#4759);
#4260=AXIS2_PLACEMENT_3D('',#6029,#4761,#4762);
#4261=AXIS2_PLACEMENT_3D('',#6033,#4764,#4765);
#4262=AXIS2_PLACEMENT_3D('',#6037,#4767,#4768);
#4263=AXIS2_PLACEMENT_3D('',#6041,#4770,#4771);
#4264=AXIS2_PLACEMENT_3D('',#6045,#4773,#4774);
#4265=AXIS2_PLACEMENT_3D('',#6049,#4776,#4777);
#4266=AXIS2_PLACEMENT_3D('',#6053,#4779,#4780);
#4267=AXIS2_PLACEMENT_3D('',#6057,#4782,#4783);
#4268=AXIS2_PLACEMENT_3D('',#6059,#4784,#4785);
#4269=AXIS2_PLACEMENT_3D('',#6061,#4786,#4787);
#4270=AXIS2_PLACEMENT_3D('',#6065,#4789,#4790);
#4271=AXIS2_PLACEMENT_3D('',#6067,#4791,#4792);
#4272=AXIS2_PLACEMENT_3D('',#6069,#4793,#4794);
#4273=AXIS2_PLACEMENT_3D('',#6073,#4796,#4797);
#4274=AXIS2_PLACEMENT_3D('',#6077,#4799,#4800);
#4275=AXIS2_PLACEMENT_3D('',#6081,#4802,#4803);
#4276=AXIS2_PLACEMENT_3D('',#6085,#4805,#4806);
#4277=AXIS2_PLACEMENT_3D('',#6089,#4808,#4809);
#4278=AXIS2_PLACEMENT_3D('',#6093,#4811,#4812);
#4279=AXIS2_PLACEMENT_3D('',#6097,#4814,#4815);
#4280=AXIS2_PLACEMENT_3D('',#6101,#4817,#4818);
#4281=AXIS2_PLACEMENT_3D('',#6105,#4820,#4821);
#4282=AXIS2_PLACEMENT_3D('',#6109,#4823,#4824);
#4283=AXIS2_PLACEMENT_3D('',#6113,#4826,#4827);
#4284=AXIS2_PLACEMENT_3D('',#6115,#4828,#4829);
#4285=AXIS2_PLACEMENT_3D('',#6117,#4830,#4831);
#4286=AXIS2_PLACEMENT_3D('',#6121,#4833,#4834);
#4287=AXIS2_PLACEMENT_3D('',#6125,#4836,#4837);
#4288=AXIS2_PLACEMENT_3D('',#6129,#4839,#4840);
#4289=AXIS2_PLACEMENT_3D('',#6133,#4842,#4843);
#4290=AXIS2_PLACEMENT_3D('',#6137,#4845,#4846);
#4291=AXIS2_PLACEMENT_3D('',#6141,#4848,#4849);
#4292=AXIS2_PLACEMENT_3D('',#6145,#4851,#4852);
#4293=AXIS2_PLACEMENT_3D('',#6149,#4854,#4855);
#4294=AXIS2_PLACEMENT_3D('',#6153,#4857,#4858);
#4295=AXIS2_PLACEMENT_3D('',#6157,#4860,#4861);
#4296=AXIS2_PLACEMENT_3D('',#6161,#4863,#4864);
#4297=AXIS2_PLACEMENT_3D('',#6165,#4866,#4867);
#4298=AXIS2_PLACEMENT_3D('',#6167,#4868,#4869);
#4299=AXIS2_PLACEMENT_3D('',#6169,#4870,#4871);
#4300=AXIS2_PLACEMENT_3D('',#6173,#4873,#4874);
#4301=AXIS2_PLACEMENT_3D('',#6177,#4876,#4877);
#4302=AXIS2_PLACEMENT_3D('',#6181,#4879,#4880);
#4303=AXIS2_PLACEMENT_3D('',#6185,#4882,#4883);
#4304=AXIS2_PLACEMENT_3D('',#6189,#4885,#4886);
#4305=AXIS2_PLACEMENT_3D('',#6191,#4887,#4888);
#4306=AXIS2_PLACEMENT_3D('',#6195,#4890,#4891);
#4307=AXIS2_PLACEMENT_3D('',#6199,#4893,#4894);
#4308=AXIS2_PLACEMENT_3D('',#6203,#4896,#4897);
#4309=AXIS2_PLACEMENT_3D('',#6207,#4899,#4900);
#4310=AXIS2_PLACEMENT_3D('',#6211,#4902,#4903);
#4311=AXIS2_PLACEMENT_3D('',#6215,#4905,#4906);
#4312=AXIS2_PLACEMENT_3D('',#6219,#4908,#4909);
#4313=AXIS2_PLACEMENT_3D('',#6221,#4910,#4911);
#4314=AXIS2_PLACEMENT_3D('',#6223,#4912,#4913);
#4315=AXIS2_PLACEMENT_3D('',#6227,#4915,#4916);
#4316=AXIS2_PLACEMENT_3D('',#6231,#4918,#4919);
#4317=AXIS2_PLACEMENT_3D('',#6235,#4921,#4922);
#4318=AXIS2_PLACEMENT_3D('',#6239,#4924,#4925);
#4319=AXIS2_PLACEMENT_3D('',#6243,#4927,#4928);
#4320=AXIS2_PLACEMENT_3D('',#6247,#4930,#4931);
#4321=AXIS2_PLACEMENT_3D('',#6251,#4933,#4934);
#4322=AXIS2_PLACEMENT_3D('',#6252,#4935,#4936);
#4323=AXIS2_PLACEMENT_3D('',#6253,#4937,#4938);
#4324=AXIS2_PLACEMENT_3D('',#6256,#4939,#4940);
#4325=AXIS2_PLACEMENT_3D('',#6260,#4942,#4943);
#4326=AXIS2_PLACEMENT_3D('',#6264,#4945,#4946);
#4327=AXIS2_PLACEMENT_3D('',#6268,#4948,#4949);
#4328=AXIS2_PLACEMENT_3D('',#6272,#4951,#4952);
#4329=AXIS2_PLACEMENT_3D('',#6276,#4954,#4955);
#4330=AXIS2_PLACEMENT_3D('',#6280,#4957,#4958);
#4331=AXIS2_PLACEMENT_3D('',#6284,#4960,#4961);
#4332=AXIS2_PLACEMENT_3D('',#6288,#4963,#4964);
#4333=AXIS2_PLACEMENT_3D('',#6290,#4965,#4966);
#4334=AXIS2_PLACEMENT_3D('',#6292,#4967,#4968);
#4335=AXIS2_PLACEMENT_3D('',#6296,#4970,#4971);
#4336=AXIS2_PLACEMENT_3D('',#6300,#4973,#4974);
#4337=AXIS2_PLACEMENT_3D('',#6304,#4976,#4977);
#4338=AXIS2_PLACEMENT_3D('',#6308,#4979,#4980);
#4339=AXIS2_PLACEMENT_3D('',#6312,#4982,#4983);
#4340=AXIS2_PLACEMENT_3D('',#6316,#4985,#4986);
#4341=AXIS2_PLACEMENT_3D('',#6320,#4988,#4989);
#4342=AXIS2_PLACEMENT_3D('',#6324,#4991,#4992);
#4343=AXIS2_PLACEMENT_3D('',#6328,#4994,#4995);
#4344=AXIS2_PLACEMENT_3D('',#6332,#4997,#4998);
#4345=AXIS2_PLACEMENT_3D('',#6336,#5000,#5001);
#4346=AXIS2_PLACEMENT_3D('',#6340,#5003,#5004);
#4347=AXIS2_PLACEMENT_3D('',#6344,#5006,#5007);
#4348=AXIS2_PLACEMENT_3D('',#6346,#5008,#5009);
#4349=AXIS2_PLACEMENT_3D('',#6348,#5010,#5011);
#4350=AXIS2_PLACEMENT_3D('',#6352,#5013,#5014);
#4351=AXIS2_PLACEMENT_3D('',#6356,#5016,#5017);
#4352=AXIS2_PLACEMENT_3D('',#6360,#5019,#5020);
#4353=AXIS2_PLACEMENT_3D('',#6364,#5022,#5023);
#4354=AXIS2_PLACEMENT_3D('',#6368,#5025,#5026);
#4355=AXIS2_PLACEMENT_3D('',#6372,#5028,#5029);
#4356=AXIS2_PLACEMENT_3D('',#6374,#5030,#5031);
#4357=AXIS2_PLACEMENT_3D('',#6376,#5032,#5033);
#4358=AXIS2_PLACEMENT_3D('',#6380,#5035,#5036);
#4359=AXIS2_PLACEMENT_3D('',#6384,#5038,#5039);
#4360=AXIS2_PLACEMENT_3D('',#6386,#5040,#5041);
#4361=AXIS2_PLACEMENT_3D('',#6388,#5042,#5043);
#4362=AXIS2_PLACEMENT_3D('',#6392,#5045,#5046);
#4363=AXIS2_PLACEMENT_3D('',#6396,#5048,#5049);
#4364=AXIS2_PLACEMENT_3D('',#6400,#5051,#5052);
#4365=AXIS2_PLACEMENT_3D('',#6404,#5054,#5055);
#4366=AXIS2_PLACEMENT_3D('',#6408,#5057,#5058);
#4367=AXIS2_PLACEMENT_3D('',#6412,#5060,#5061);
#4368=AXIS2_PLACEMENT_3D('',#6416,#5063,#5064);
#4369=AXIS2_PLACEMENT_3D('',#6420,#5066,#5067);
#4370=AXIS2_PLACEMENT_3D('',#6424,#5069,#5070);
#4371=AXIS2_PLACEMENT_3D('',#6428,#5072,#5073);
#4372=AXIS2_PLACEMENT_3D('',#6432,#5075,#5076);
#4373=AXIS2_PLACEMENT_3D('',#6436,#5078,#5079);
#4374=AXIS2_PLACEMENT_3D('',#6440,#5081,#5082);
#4375=AXIS2_PLACEMENT_3D('',#6441,#5083,#5084);
#4376=AXIS2_PLACEMENT_3D('',#6443,#5085,#5086);
#4377=AXIS2_PLACEMENT_3D('',#6445,#5087,#5088);
#4378=AXIS2_PLACEMENT_3D('',#6447,#5089,#5090);
#4379=AXIS2_PLACEMENT_3D('',#6449,#5091,#5092);
#4380=AXIS2_PLACEMENT_3D('',#6451,#5093,#5094);
#4381=AXIS2_PLACEMENT_3D('',#6480,#5108,#5109);
#4382=AXIS2_PLACEMENT_3D('',#6484,#5111,#5112);
#4383=AXIS2_PLACEMENT_3D('',#6488,#5114,#5115);
#4384=AXIS2_PLACEMENT_3D('',#6492,#5117,#5118);
#4385=AXIS2_PLACEMENT_3D('',#6504,#5124,#5125);
#4386=AXIS2_PLACEMENT_3D('',#6508,#5127,#5128);
#4387=AXIS2_PLACEMENT_3D('',#6512,#5130,#5131);
#4388=AXIS2_PLACEMENT_3D('',#6513,#5132,#5133);
#4389=AXIS2_PLACEMENT_3D('',#6516,#5134,#5135);
#4390=AXIS2_PLACEMENT_3D('',#6520,#5137,#5138);
#4391=AXIS2_PLACEMENT_3D('',#6524,#5140,#5141);
#4392=AXIS2_PLACEMENT_3D('',#6530,#5144,#5145);
#4393=AXIS2_PLACEMENT_3D('',#6534,#5147,#5148);
#4394=AXIS2_PLACEMENT_3D('',#6538,#5150,#5151);
#4395=AXIS2_PLACEMENT_3D('',#6542,#5153,#5154);
#4396=AXIS2_PLACEMENT_3D('',#6546,#5156,#5157);
#4397=AXIS2_PLACEMENT_3D('',#6550,#5159,#5160);
#4398=AXIS2_PLACEMENT_3D('',#6554,#5162,#5163);
#4399=AXIS2_PLACEMENT_3D('',#6558,#5165,#5166);
#4400=AXIS2_PLACEMENT_3D('',#6562,#5168,#5169);
#4401=AXIS2_PLACEMENT_3D('',#6566,#5171,#5172);
#4402=AXIS2_PLACEMENT_3D('',#6570,#5174,#5175);
#4403=AXIS2_PLACEMENT_3D('',#6574,#5177,#5178);
#4404=AXIS2_PLACEMENT_3D('',#6578,#5180,#5181);
#4405=AXIS2_PLACEMENT_3D('',#6582,#5183,#5184);
#4406=AXIS2_PLACEMENT_3D('',#6586,#5186,#5187);
#4407=AXIS2_PLACEMENT_3D('',#6596,#5192,#5193);
#4408=AXIS2_PLACEMENT_3D('',#6600,#5195,#5196);
#4409=AXIS2_PLACEMENT_3D('',#6604,#5198,#5199);
#4410=AXIS2_PLACEMENT_3D('',#6608,#5201,#5202);
#4411=AXIS2_PLACEMENT_3D('',#6612,#5204,#5205);
#4412=AXIS2_PLACEMENT_3D('',#6614,#5206,#5207);
#4413=AXIS2_PLACEMENT_3D('',#6618,#5209,#5210);
#4414=AXIS2_PLACEMENT_3D('',#6622,#5212,#5213);
#4415=AXIS2_PLACEMENT_3D('',#6626,#5215,#5216);
#4416=AXIS2_PLACEMENT_3D('',#6630,#5218,#5219);
#4417=AXIS2_PLACEMENT_3D('',#6634,#5221,#5222);
#4418=AXIS2_PLACEMENT_3D('',#6638,#5224,#5225);
#4419=AXIS2_PLACEMENT_3D('',#6642,#5227,#5228);
#4420=AXIS2_PLACEMENT_3D('',#6646,#5230,#5231);
#4421=AXIS2_PLACEMENT_3D('',#6650,#5233,#5234);
#4422=AXIS2_PLACEMENT_3D('',#6654,#5236,#5237);
#4423=AXIS2_PLACEMENT_3D('',#6658,#5239,#5240);
#4424=AXIS2_PLACEMENT_3D('',#6659,#5241,#5242);
#4425=AXIS2_PLACEMENT_3D('',#6662,#5245,#5246);
#4426=AXIS2_PLACEMENT_3D('',#6664,#5248,#5249);
#4427=AXIS2_PLACEMENT_3D('',#6666,#5251,#5252);
#4428=AXIS2_PLACEMENT_3D('',#6669,#5255,#5256);
#4429=AXIS2_PLACEMENT_3D('',#6672,#5259,#5260);
#4430=AXIS2_PLACEMENT_3D('',#6675,#5263,#5264);
#4431=AXIS2_PLACEMENT_3D('',#6678,#5267,#5268);
#4432=AXIS2_PLACEMENT_3D('',#6680,#5270,#5271);
#4433=AXIS2_PLACEMENT_3D('',#6682,#5273,#5274);
#4434=AXIS2_PLACEMENT_3D('',#6685,#5277,#5278);
#4435=AXIS2_PLACEMENT_3D('',#6687,#5280,#5281);
#4436=AXIS2_PLACEMENT_3D('',#6689,#5283,#5284);
#4437=AXIS2_PLACEMENT_3D('',#6692,#5287,#5288);
#4438=AXIS2_PLACEMENT_3D('',#6694,#5290,#5291);
#4439=AXIS2_PLACEMENT_3D('',#6696,#5293,#5294);
#4440=AXIS2_PLACEMENT_3D('',#6699,#5297,#5298);
#4441=AXIS2_PLACEMENT_3D('',#6700,#5299,#5300);
#4442=AXIS2_PLACEMENT_3D('',#6701,#5301,#5302);
#4443=AXIS2_PLACEMENT_3D('',#6702,#5303,#5304);
#4444=AXIS2_PLACEMENT_3D('',#6703,#5305,#5306);
#4445=AXIS2_PLACEMENT_3D('',#6704,#5307,#5308);
#4446=AXIS2_PLACEMENT_3D('',#6705,#5309,#5310);
#4447=AXIS2_PLACEMENT_3D('',#6706,#5311,#5312);
#4448=AXIS2_PLACEMENT_3D('',#6707,#5313,#5314);
#4449=AXIS2_PLACEMENT_3D('',#6708,#5315,#5316);
#4450=AXIS2_PLACEMENT_3D('',#6709,#5317,#5318);
#4451=AXIS2_PLACEMENT_3D('',#6712,#5321,#5322);
#4452=AXIS2_PLACEMENT_3D('',#6715,#5325,#5326);
#4453=AXIS2_PLACEMENT_3D('',#6718,#5329,#5330);
#4454=AXIS2_PLACEMENT_3D('',#6721,#5333,#5334);
#4455=AXIS2_PLACEMENT_3D('',#6724,#5337,#5338);
#4456=AXIS2_PLACEMENT_3D('',#6727,#5341,#5342);
#4457=AXIS2_PLACEMENT_3D('',#6730,#5345,#5346);
#4458=AXIS2_PLACEMENT_3D('',#6733,#5349,#5350);
#4459=AXIS2_PLACEMENT_3D('',#6736,#5353,#5354);
#4460=AXIS2_PLACEMENT_3D('',#6739,#5357,#5358);
#4461=AXIS2_PLACEMENT_3D('',#6742,#5361,#5362);
#4462=AXIS2_PLACEMENT_3D('',#6745,#5365,#5366);
#4463=AXIS2_PLACEMENT_3D('',#6748,#5369,#5370);
#4464=AXIS2_PLACEMENT_3D('',#6751,#5373,#5374);
#4465=AXIS2_PLACEMENT_3D('',#6754,#5377,#5378);
#4466=AXIS2_PLACEMENT_3D('',#6757,#5381,#5382);
#4467=AXIS2_PLACEMENT_3D('',#6760,#5385,#5386);
#4468=AXIS2_PLACEMENT_3D('',#6763,#5389,#5390);
#4469=AXIS2_PLACEMENT_3D('',#6766,#5393,#5394);
#4470=AXIS2_PLACEMENT_3D('',#6769,#5397,#5398);
#4471=AXIS2_PLACEMENT_3D('',#6772,#5401,#5402);
#4472=AXIS2_PLACEMENT_3D('',#6775,#5405,#5406);
#4473=AXIS2_PLACEMENT_3D('',#6778,#5409,#5410);
#4474=AXIS2_PLACEMENT_3D('',#6781,#5413,#5414);
#4475=AXIS2_PLACEMENT_3D('',#6784,#5417,#5418);
#4476=AXIS2_PLACEMENT_3D('',#6787,#5421,#5422);
#4477=AXIS2_PLACEMENT_3D('',#6790,#5425,#5426);
#4478=AXIS2_PLACEMENT_3D('',#6793,#5429,#5430);
#4479=AXIS2_PLACEMENT_3D('',#6796,#5433,#5434);
#4480=AXIS2_PLACEMENT_3D('',#6799,#5437,#5438);
#4481=AXIS2_PLACEMENT_3D('',#6802,#5441,#5442);
#4482=AXIS2_PLACEMENT_3D('',#6805,#5445,#5446);
#4483=AXIS2_PLACEMENT_3D('',#6808,#5449,#5450);
#4484=AXIS2_PLACEMENT_3D('',#6811,#5453,#5454);
#4485=AXIS2_PLACEMENT_3D('',#6814,#5457,#5458);
#4486=AXIS2_PLACEMENT_3D('',#6817,#5461,#5462);
#4487=AXIS2_PLACEMENT_3D('',#6820,#5465,#5466);
#4488=AXIS2_PLACEMENT_3D('',#6823,#5469,#5470);
#4489=AXIS2_PLACEMENT_3D('',#6826,#5473,#5474);
#4490=AXIS2_PLACEMENT_3D('',#6829,#5477,#5478);
#4491=AXIS2_PLACEMENT_3D('',#6832,#5481,#5482);
#4492=AXIS2_PLACEMENT_3D('',#6835,#5485,#5486);
#4493=AXIS2_PLACEMENT_3D('',#6838,#5489,#5490);
#4494=AXIS2_PLACEMENT_3D('',#6841,#5493,#5494);
#4495=AXIS2_PLACEMENT_3D('',#6844,#5497,#5498);
#4496=AXIS2_PLACEMENT_3D('',#6847,#5501,#5502);
#4497=AXIS2_PLACEMENT_3D('',#6850,#5505,#5506);
#4498=AXIS2_PLACEMENT_3D('',#6853,#5509,#5510);
#4499=AXIS2_PLACEMENT_3D('',#6856,#5513,#5514);
#4500=AXIS2_PLACEMENT_3D('',#6859,#5517,#5518);
#4501=AXIS2_PLACEMENT_3D('',#6862,#5521,#5522);
#4502=AXIS2_PLACEMENT_3D('',#6865,#5525,#5526);
#4503=AXIS2_PLACEMENT_3D('',#6868,#5529,#5530);
#4504=AXIS2_PLACEMENT_3D('',#6871,#5533,#5534);
#4505=AXIS2_PLACEMENT_3D('',#6874,#5537,#5538);
#4506=AXIS2_PLACEMENT_3D('',#6877,#5541,#5542);
#4507=AXIS2_PLACEMENT_3D('',#6880,#5545,#5546);
#4508=AXIS2_PLACEMENT_3D('',#6883,#5549,#5550);
#4509=AXIS2_PLACEMENT_3D('',#6886,#5553,#5554);
#4510=AXIS2_PLACEMENT_3D('',#6889,#5557,#5558);
#4511=AXIS2_PLACEMENT_3D('',#6892,#5561,#5562);
#4512=AXIS2_PLACEMENT_3D('',#6894,#5564,#5565);
#4513=AXIS2_PLACEMENT_3D('',#6895,#5566,#5567);
#4514=AXIS2_PLACEMENT_3D('',#6898,#5570,#5571);
#4515=AXIS2_PLACEMENT_3D('',#6901,#5574,#5575);
#4516=AXIS2_PLACEMENT_3D('',#6904,#5578,#5579);
#4517=AXIS2_PLACEMENT_3D('',#6907,#5582,#5583);
#4518=AXIS2_PLACEMENT_3D('',#6910,#5586,#5587);
#4519=AXIS2_PLACEMENT_3D('',#6913,#5590,#5591);
#4520=AXIS2_PLACEMENT_3D('',#6916,#5594,#5595);
#4521=AXIS2_PLACEMENT_3D('',#6919,#5598,#5599);
#4522=AXIS2_PLACEMENT_3D('',#6922,#5602,#5603);
#4523=AXIS2_PLACEMENT_3D('',#6925,#5606,#5607);
#4524=AXIS2_PLACEMENT_3D('',#6928,#5610,#5611);
#4525=AXIS2_PLACEMENT_3D('',#6931,#5614,#5615);
#4526=AXIS2_PLACEMENT_3D('',#6934,#5618,#5619);
#4527=AXIS2_PLACEMENT_3D('',#6937,#5622,#5623);
#4528=AXIS2_PLACEMENT_3D('',#6940,#5626,#5627);
#4529=AXIS2_PLACEMENT_3D('',#6943,#5630,#5631);
#4530=AXIS2_PLACEMENT_3D('',#6946,#5634,#5635);
#4531=AXIS2_PLACEMENT_3D('',#6949,#5638,#5639);
#4532=AXIS2_PLACEMENT_3D('',#6952,#5642,#5643);
#4533=AXIS2_PLACEMENT_3D('',#6955,#5646,#5647);
#4534=AXIS2_PLACEMENT_3D('',#6958,#5650,#5651);
#4535=AXIS2_PLACEMENT_3D('',#6961,#5654,#5655);
#4536=AXIS2_PLACEMENT_3D('',#6964,#5658,#5659);
#4537=AXIS2_PLACEMENT_3D('',#6967,#5662,#5663);
#4538=AXIS2_PLACEMENT_3D('',#6968,#5664,#5665);
#4539=AXIS2_PLACEMENT_3D('',#6969,#5666,#5667);
#4540=AXIS2_PLACEMENT_3D('',#6970,#5668,#5669);
#4541=AXIS2_PLACEMENT_3D('',#6971,#5670,#5671);
#4542=AXIS2_PLACEMENT_3D('',#6972,#5672,#5673);
#4543=AXIS2_PLACEMENT_3D('',#6973,#5674,#5675);
#4544=AXIS2_PLACEMENT_3D('',#6974,#5676,#5677);
#4545=AXIS2_PLACEMENT_3D('',#6975,#5678,#5679);
#4546=AXIS2_PLACEMENT_3D('',#6976,#5680,#5681);
#4547=AXIS2_PLACEMENT_3D('',#6977,#5682,#5683);
#4548=AXIS2_PLACEMENT_3D('',#6978,#5684,#5685);
#4549=AXIS2_PLACEMENT_3D('',#6979,#5686,#5687);
#4550=AXIS2_PLACEMENT_3D('',#6980,#5688,#5689);
#4551=AXIS2_PLACEMENT_3D('',#6981,#5690,#5691);
#4552=AXIS2_PLACEMENT_3D('',#6982,#5692,#5693);
#4553=AXIS2_PLACEMENT_3D('',#6983,#5694,#5695);
#4554=AXIS2_PLACEMENT_3D('',#6984,#5696,#5697);
#4555=AXIS2_PLACEMENT_3D('',#6985,#5698,#5699);
#4556=AXIS2_PLACEMENT_3D('',#6986,#5700,#5701);
#4557=AXIS2_PLACEMENT_3D('',#6987,#5702,#5703);
#4558=AXIS2_PLACEMENT_3D('',#6988,#5704,#5705);
#4559=AXIS2_PLACEMENT_3D('',#6989,#5706,#5707);
#4560=AXIS2_PLACEMENT_3D('',#6990,#5708,#5709);
#4561=AXIS2_PLACEMENT_3D('',#6991,#5710,#5711);
#4562=AXIS2_PLACEMENT_3D('',#6992,#5712,#5713);
#4563=AXIS2_PLACEMENT_3D('',#6993,#5714,#5715);
#4564=AXIS2_PLACEMENT_3D('',#6994,#5716,#5717);
#4565=AXIS2_PLACEMENT_3D('',#6995,#5718,#5719);
#4566=AXIS2_PLACEMENT_3D('',#6996,#5720,#5721);
#4567=AXIS2_PLACEMENT_3D('',#6997,#5722,#5723);
#4568=AXIS2_PLACEMENT_3D('',#6998,#5724,#5725);
#4569=AXIS2_PLACEMENT_3D('',#6999,#5726,#5727);
#4570=AXIS2_PLACEMENT_3D('',#7000,#5728,#5729);
#4571=AXIS2_PLACEMENT_3D('',#7001,#5730,#5731);
#4572=AXIS2_PLACEMENT_3D('',#7002,#5732,#5733);
#4573=AXIS2_PLACEMENT_3D('',#7003,#5734,#5735);
#4574=AXIS2_PLACEMENT_3D('',#7004,#5736,#5737);
#4575=AXIS2_PLACEMENT_3D('',#7005,#5738,#5739);
#4576=AXIS2_PLACEMENT_3D('',#7006,#5740,#5741);
#4577=AXIS2_PLACEMENT_3D('',#7007,#5742,#5743);
#4578=AXIS2_PLACEMENT_3D('',#7008,#5744,#5745);
#4579=AXIS2_PLACEMENT_3D('',#7009,#5746,#5747);
#4580=AXIS2_PLACEMENT_3D('',#7010,#5748,#5749);
#4581=AXIS2_PLACEMENT_3D('',#7011,#5750,#5751);
#4582=AXIS2_PLACEMENT_3D('',#7012,#5752,#5753);
#4583=AXIS2_PLACEMENT_3D('',#7013,#5754,#5755);
#4584=AXIS2_PLACEMENT_3D('',#7014,#5756,#5757);
#4585=AXIS2_PLACEMENT_3D('',#7015,#5758,#5759);
#4586=AXIS2_PLACEMENT_3D('',#7016,#5760,#5761);
#4587=AXIS2_PLACEMENT_3D('',#7017,#5762,#5763);
#4588=AXIS2_PLACEMENT_3D('',#7019,#5765,#5766);
#4589=AXIS2_PLACEMENT_3D('',#7020,#5767,#5768);
#4590=AXIS2_PLACEMENT_3D('',#7021,#5769,#5770);
#4591=AXIS2_PLACEMENT_3D('',#7022,#5771,#5772);
#4592=AXIS2_PLACEMENT_3D('',#7023,#5773,#5774);
#4593=AXIS2_PLACEMENT_3D('',#7024,#5775,#5776);
#4594=AXIS2_PLACEMENT_3D('',#7025,#5777,#5778);
#4595=AXIS2_PLACEMENT_3D('',#7026,#5779,#5780);
#4596=AXIS2_PLACEMENT_3D('',#7027,#5781,#5782);
#4597=AXIS2_PLACEMENT_3D('',#7028,#5783,#5784);
#4598=AXIS2_PLACEMENT_3D('',#7029,#5785,#5786);
#4599=AXIS2_PLACEMENT_3D('',#7030,#5787,#5788);
#4600=AXIS2_PLACEMENT_3D('',#7031,#5789,#5790);
#4601=AXIS2_PLACEMENT_3D('',#7032,#5791,#5792);
#4602=AXIS2_PLACEMENT_3D('',#7033,#5793,#5794);
#4603=AXIS2_PLACEMENT_3D('',#7034,#5795,#5796);
#4604=AXIS2_PLACEMENT_3D('',#7035,#5797,#5798);
#4605=AXIS2_PLACEMENT_3D('',#7036,#5799,#5800);
#4606=AXIS2_PLACEMENT_3D('',#7037,#5801,#5802);
#4607=AXIS2_PLACEMENT_3D('',#7038,#5803,#5804);
#4608=AXIS2_PLACEMENT_3D('',#7039,#5805,#5806);
#4609=AXIS2_PLACEMENT_3D('',#7040,#5807,#5808);
#4610=AXIS2_PLACEMENT_3D('',#7041,#5809,#5810);
#4611=AXIS2_PLACEMENT_3D('',#7042,#5811,#5812);
#4612=AXIS2_PLACEMENT_3D('',#7043,#5813,#5814);
#4613=AXIS2_PLACEMENT_3D('',#7044,#5815,#5816);
#4614=AXIS2_PLACEMENT_3D('',#7045,#5817,#5818);
#4615=AXIS2_PLACEMENT_3D('',#7046,#5819,#5820);
#4616=AXIS2_PLACEMENT_3D('',#7047,#5821,#5822);
#4617=AXIS2_PLACEMENT_3D('',#7048,#5823,#5824);
#4618=AXIS2_PLACEMENT_3D('',#7049,#5825,#5826);
#4619=AXIS2_PLACEMENT_3D('',#7050,#5827,#5828);
#4620=AXIS2_PLACEMENT_3D('',#7051,#5829,#5830);
#4621=AXIS2_PLACEMENT_3D('',#7052,#5831,#5832);
#4622=AXIS2_PLACEMENT_3D('',#7053,#5833,#5834);
#4623=AXIS2_PLACEMENT_3D('',#7054,#5835,#5836);
#4624=AXIS2_PLACEMENT_3D('',#7056,#5838,#5839);
#4625=AXIS2_PLACEMENT_3D('',#7057,#5840,#5841);
#4626=AXIS2_PLACEMENT_3D('',#7058,#5842,#5843);
#4627=DIRECTION('',(0.,0.,1.));
#4628=DIRECTION('',(1.,0.,0.));
#4629=DIRECTION('',(0.,1.,0.));
#4630=DIRECTION('',(-1.,0.,0.));
#4631=DIRECTION('',(0.379594620158736,0.,0.925152919439022));
#4632=DIRECTION('',(0.,1.,0.));
#4633=DIRECTION('',(0.,0.,1.));
#4634=DIRECTION('',(-0.957826283005643,0.,-0.287347892951372));
#4635=DIRECTION('',(0.,1.,0.));
#4636=DIRECTION('',(0.,0.,1.));
#4637=DIRECTION('',(0.45987794209744,0.,-0.887982138543464));
#4638=DIRECTION('',(0.,1.,0.));
#4639=DIRECTION('',(0.,0.,1.));
#4640=DIRECTION('',(0.995461138316342,0.,0.0951689135271209));
#4641=DIRECTION('',(0.,1.,0.));
#4642=DIRECTION('',(0.,0.,1.));
#4643=DIRECTION('',(0.490654498750221,0.,-0.871354212049365));
#4644=DIRECTION('',(0.,1.,0.));
#4645=DIRECTION('',(0.,0.,1.));
#4646=DIRECTION('',(-5.58463961163429E-9,0.,-1.));
#4647=DIRECTION('',(0.,1.,0.));
#4648=DIRECTION('',(0.,0.,1.));
#4649=DIRECTION('',(0.986917147478661,0.,0.161228235779542));
#4650=DIRECTION('',(0.511015895899929,0.,-0.859571261814629));
#4651=DIRECTION('',(-5.58464038076374E-9,0.,-1.));
#4652=DIRECTION('',(-0.508739605130066,0.,-0.860920445902004));
#4653=DIRECTION('',(0.,1.,0.));
#4654=DIRECTION('',(0.,0.,1.));
#4655=DIRECTION('',(-0.91809088252274,0.,0.396369942640227));
#4656=DIRECTION('',(0.,1.,0.));
#4657=DIRECTION('',(0.,0.,1.));
#4658=DIRECTION('',(0.,0.,1.));
#4659=DIRECTION('',(0.,1.,0.));
#4660=DIRECTION('',(0.,0.,1.));
#4661=DIRECTION('',(-0.455378572579226,0.,-0.890297902747));
#4662=DIRECTION('',(0.,1.,0.));
#4663=DIRECTION('',(0.,0.,1.));
#4664=DIRECTION('',(-0.992084877502073,0.,-0.125569087882718));
#4665=DIRECTION('',(0.,1.,0.));
#4666=DIRECTION('',(0.,0.,1.));
#4667=DIRECTION('',(-0.508739605130066,0.,-0.860920445902004));
#4668=DIRECTION('',(0.,1.,0.));
#4669=DIRECTION('',(0.,0.,1.));
#4670=DIRECTION('',(-1.,0.,0.));
#4671=DIRECTION('',(0.,1.,0.));
#4672=DIRECTION('',(0.,0.,1.));
#4673=DIRECTION('',(0.984530141216687,0.,-0.17521529909186));
#4674=DIRECTION('',(0.,1.,0.));
#4675=DIRECTION('',(0.,0.,1.));
#4676=DIRECTION('',(-0.736909521546662,0.,0.675991388298601));
#4677=DIRECTION('',(0.,1.,0.));
#4678=DIRECTION('',(0.,0.,1.));
#4679=DIRECTION('',(-5.58463976728791E-9,0.,-1.));
#4680=DIRECTION('',(0.,1.,0.));
#4681=DIRECTION('',(0.,0.,1.));
#4682=DIRECTION('',(0.,1.,0.));
#4683=DIRECTION('',(0.,0.,1.));
#4684=DIRECTION('',(0.,1.,0.));
#4685=DIRECTION('',(0.,0.,1.));
#4686=DIRECTION('',(0.,1.,0.));
#4687=DIRECTION('',(0.,0.,1.));
#4688=DIRECTION('',(0.,1.,0.));
#4689=DIRECTION('',(0.,0.,1.));
#4690=DIRECTION('',(0.,1.,0.));
#4691=DIRECTION('',(0.,0.,1.));
#4692=DIRECTION('',(0.,1.,0.));
#4693=DIRECTION('',(0.,0.,1.));
#4694=DIRECTION('',(0.,0.,-1.));
#4695=DIRECTION('',(-1.,0.,0.));
#4696=DIRECTION('',(0.,0.,-1.));
#4697=DIRECTION('',(-1.,0.,0.));
#4698=DIRECTION('',(0.,0.,-1.));
#4699=DIRECTION('',(-1.,0.,0.));
#4700=DIRECTION('',(0.,0.,-1.));
#4701=DIRECTION('',(-1.,0.,0.));
#4702=DIRECTION('',(0.,0.,1.));
#4703=DIRECTION('',(1.,0.,0.));
#4704=DIRECTION('',(0.,0.,1.));
#4705=DIRECTION('',(1.,0.,0.));
#4706=DIRECTION('',(0.,0.,1.));
#4707=DIRECTION('',(0.,1.,0.));
#4708=DIRECTION('',(0.,0.,1.));
#4709=DIRECTION('',(1.,0.,0.));
#4710=DIRECTION('',(0.,1.,0.));
#4711=DIRECTION('',(0.,0.,1.));
#4712=DIRECTION('',(0.,0.,1.));
#4713=DIRECTION('',(0.,1.,0.));
#4714=DIRECTION('',(0.,0.,1.));
#4715=DIRECTION('',(1.,0.,0.));
#4716=DIRECTION('',(0.,1.,0.));
#4717=DIRECTION('',(0.,0.,1.));
#4718=DIRECTION('',(-1.,0.,0.));
#4719=DIRECTION('',(0.,0.,-1.));
#4720=DIRECTION('',(-1.,0.,0.));
#4721=DIRECTION('',(0.,0.,1.));
#4722=DIRECTION('',(0.753173544547214,0.,-0.657821869349283));
#4723=DIRECTION('',(0.,1.,0.));
#4724=DIRECTION('',(0.,0.,1.));
#4725=DIRECTION('',(-0.556117581253662,0.,-0.831103625199997));
#4726=DIRECTION('',(0.,1.,0.));
#4727=DIRECTION('',(0.,0.,1.));
#4728=DIRECTION('',(-0.91809088252274,0.,0.396369942640227));
#4729=DIRECTION('',(0.,1.,0.));
#4730=DIRECTION('',(0.,0.,1.));
#4731=DIRECTION('',(-0.764098455959448,0.,-0.645099643156302));
#4732=DIRECTION('',(0.,1.,0.));
#4733=DIRECTION('',(0.,0.,1.));
#4734=DIRECTION('',(-0.787462463464111,0.,0.61636261132148));
#4735=DIRECTION('',(0.,1.,0.));
#4736=DIRECTION('',(0.,0.,1.));
#4737=DIRECTION('',(0.175215299091859,0.,0.984530141216687));
#4738=DIRECTION('',(0.,1.,0.));
#4739=DIRECTION('',(0.,0.,1.));
#4740=DIRECTION('',(-1.,0.,0.));
#4741=DIRECTION('',(0.,1.,0.));
#4742=DIRECTION('',(0.,0.,1.));
#4743=DIRECTION('',(0.175215299091859,0.,0.984530141216687));
#4744=DIRECTION('',(0.,1.,0.));
#4745=DIRECTION('',(0.,0.,1.));
#4746=DIRECTION('',(0.815691793275257,0.,0.578486731380588));
#4747=DIRECTION('',(0.,1.,0.));
#4748=DIRECTION('',(0.,0.,1.));
#4749=DIRECTION('',(-1.,0.,0.));
#4750=DIRECTION('',(0.,1.,0.));
#4751=DIRECTION('',(0.,0.,1.));
#4752=DIRECTION('',(-5.58463987772813E-9,0.,-1.));
#4753=DIRECTION('',(0.,1.,0.));
#4754=DIRECTION('',(0.,0.,1.));
#4755=DIRECTION('',(0.,1.,0.));
#4756=DIRECTION('',(0.,0.,1.));
#4757=DIRECTION('',(0.815691793275257,0.,0.578486731380588));
#4758=DIRECTION('',(0.,1.,0.));
#4759=DIRECTION('',(0.,0.,1.));
#4760=DIRECTION('',(0.984530141216687,0.,-0.175215299091859));
#4761=DIRECTION('',(0.,1.,0.));
#4762=DIRECTION('',(0.,0.,1.));
#4763=DIRECTION('',(-0.378481515784933,0.,0.925608849465658));
#4764=DIRECTION('',(0.,1.,0.));
#4765=DIRECTION('',(0.,0.,1.));
#4766=DIRECTION('',(-0.957847901029155,0.,-0.28727582302387));
#4767=DIRECTION('',(0.,1.,0.));
#4768=DIRECTION('',(0.,0.,1.));
#4769=DIRECTION('',(-0.833245965927299,0.,0.552902487122171));
#4770=DIRECTION('',(0.,1.,0.));
#4771=DIRECTION('',(0.,0.,1.));
#4772=DIRECTION('',(-0.399585399038974,0.,-0.9166959740693));
#4773=DIRECTION('',(0.,1.,0.));
#4774=DIRECTION('',(0.,0.,1.));
#4775=DIRECTION('',(-0.872452949488322,0.,-0.48869811840146));
#4776=DIRECTION('',(0.,1.,0.));
#4777=DIRECTION('',(0.,0.,1.));
#4778=DIRECTION('',(-0.378481515784933,0.,0.925608849465658));
#4779=DIRECTION('',(0.,1.,0.));
#4780=DIRECTION('',(0.,0.,1.));
#4781=DIRECTION('',(-0.833245965927299,0.,0.552902487122171));
#4782=DIRECTION('',(0.,1.,0.));
#4783=DIRECTION('',(0.,0.,1.));
#4784=DIRECTION('',(0.,1.,0.));
#4785=DIRECTION('',(0.,0.,1.));
#4786=DIRECTION('',(0.,1.,0.));
#4787=DIRECTION('',(0.,0.,1.));
#4788=DIRECTION('',(1.39897054514259E-17,0.,-1.));
#4789=DIRECTION('',(0.,1.,0.));
#4790=DIRECTION('',(0.,0.,1.));
#4791=DIRECTION('',(0.,1.,0.));
#4792=DIRECTION('',(0.,0.,1.));
#4793=DIRECTION('',(0.,1.,0.));
#4794=DIRECTION('',(0.,0.,1.));
#4795=DIRECTION('',(-0.893966129048251,0.,-0.448134533499133));
#4796=DIRECTION('',(0.,1.,0.));
#4797=DIRECTION('',(0.,0.,1.));
#4798=DIRECTION('',(-0.872452949488322,0.,-0.48869811840146));
#4799=DIRECTION('',(0.,1.,0.));
#4800=DIRECTION('',(0.,0.,1.));
#4801=DIRECTION('',(-0.787462463464111,0.,0.61636261132148));
#4802=DIRECTION('',(0.,1.,0.));
#4803=DIRECTION('',(0.,0.,1.));
#4804=DIRECTION('',(0.,0.,-1.));
#4805=DIRECTION('',(0.,1.,0.));
#4806=DIRECTION('',(0.,0.,1.));
#4807=DIRECTION('',(-0.405400601752806,0.,0.914139131696299));
#4808=DIRECTION('',(0.,1.,0.));
#4809=DIRECTION('',(0.,0.,1.));
#4810=DIRECTION('',(0.995461138316342,0.,0.0951689135271202));
#4811=DIRECTION('',(0.,1.,0.));
#4812=DIRECTION('',(0.,0.,1.));
#4813=DIRECTION('',(-0.736909521546661,0.,0.675991388298602));
#4814=DIRECTION('',(0.,1.,0.));
#4815=DIRECTION('',(0.,0.,1.));
#4816=DIRECTION('',(-0.33795675272894,0.,-0.941161640359885));
#4817=DIRECTION('',(0.,1.,0.));
#4818=DIRECTION('',(0.,0.,1.));
#4819=DIRECTION('',(-0.893966129048251,0.,-0.448134533499133));
#4820=DIRECTION('',(0.,1.,0.));
#4821=DIRECTION('',(0.,0.,1.));
#4822=DIRECTION('',(-0.778332400946724,0.,0.627852429824484));
#4823=DIRECTION('',(0.,1.,0.));
#4824=DIRECTION('',(0.,0.,1.));
#4825=DIRECTION('',(-0.778332400946724,0.,0.627852429824484));
#4826=DIRECTION('',(0.,1.,0.));
#4827=DIRECTION('',(0.,0.,1.));
#4828=DIRECTION('',(0.,1.,0.));
#4829=DIRECTION('',(0.,0.,1.));
#4830=DIRECTION('',(0.,1.,0.));
#4831=DIRECTION('',(0.,0.,1.));
#4832=DIRECTION('',(0.,0.,-1.));
#4833=DIRECTION('',(0.,1.,0.));
#4834=DIRECTION('',(0.,0.,1.));
#4835=DIRECTION('',(-0.556117581253662,0.,-0.831103625199997));
#4836=DIRECTION('',(0.,1.,0.));
#4837=DIRECTION('',(0.,0.,1.));
#4838=DIRECTION('',(0.945457404836516,0.,0.325745753064872));
#4839=DIRECTION('',(0.,1.,0.));
#4840=DIRECTION('',(0.,0.,1.));
#4841=DIRECTION('',(0.62848267220266,0.,-0.777823585873432));
#4842=DIRECTION('',(0.,1.,0.));
#4843=DIRECTION('',(0.,0.,1.));
#4844=DIRECTION('',(-0.216846765027152,0.,-0.976205654817293));
#4845=DIRECTION('',(0.,1.,0.));
#4846=DIRECTION('',(0.,0.,1.));
#4847=DIRECTION('',(0.62848267220266,0.,-0.777823585873432));
#4848=DIRECTION('',(0.,1.,0.));
#4849=DIRECTION('',(0.,0.,1.));
#4850=DIRECTION('',(-0.33795675272894,0.,-0.941161640359886));
#4851=DIRECTION('',(0.,1.,0.));
#4852=DIRECTION('',(0.,0.,1.));
#4853=DIRECTION('',(-0.982338565058477,0.,-0.187112115050984));
#4854=DIRECTION('',(0.,1.,0.));
#4855=DIRECTION('',(0.,0.,1.));
#4856=DIRECTION('',(-0.0424980483369437,0.,-0.999096549832673));
#4857=DIRECTION('',(0.,1.,0.));
#4858=DIRECTION('',(0.,0.,1.));
#4859=DIRECTION('',(-0.764098455959448,0.,-0.645099643156302));
#4860=DIRECTION('',(0.,1.,0.));
#4861=DIRECTION('',(0.,0.,1.));
#4862=DIRECTION('',(-0.992084877502073,0.,-0.125569087882718));
#4863=DIRECTION('',(0.,1.,0.));
#4864=DIRECTION('',(0.,0.,1.));
#4865=DIRECTION('',(-0.455378572579226,0.,-0.890297902747));
#4866=DIRECTION('',(0.,1.,0.));
#4867=DIRECTION('',(0.,0.,1.));
#4868=DIRECTION('',(0.,1.,0.));
#4869=DIRECTION('',(0.,0.,1.));
#4870=DIRECTION('',(0.,1.,0.));
#4871=DIRECTION('',(0.,0.,1.));
#4872=DIRECTION('',(1.,0.,0.));
#4873=DIRECTION('',(0.,1.,0.));
#4874=DIRECTION('',(0.,0.,1.));
#4875=DIRECTION('',(0.,0.,1.));
#4876=DIRECTION('',(0.,1.,0.));
#4877=DIRECTION('',(0.,0.,1.));
#4878=DIRECTION('',(0.49065449875022,0.,-0.871354212049365));
#4879=DIRECTION('',(0.,1.,0.));
#4880=DIRECTION('',(0.,0.,1.));
#4881=DIRECTION('',(-0.216846765027151,0.,-0.976205654817293));
#4882=DIRECTION('',(0.,1.,0.));
#4883=DIRECTION('',(0.,0.,1.));
#4884=DIRECTION('',(0.962868346094763,0.,0.269971383833058));
#4885=DIRECTION('',(0.,1.,0.));
#4886=DIRECTION('',(0.,0.,1.));
#4887=DIRECTION('',(0.,1.,0.));
#4888=DIRECTION('',(0.,0.,1.));
#4889=DIRECTION('',(-0.399585399038974,0.,-0.9166959740693));
#4890=DIRECTION('',(0.,1.,0.));
#4891=DIRECTION('',(0.,0.,1.));
#4892=DIRECTION('',(0.945457404836516,0.,0.325745753064872));
#4893=DIRECTION('',(0.,1.,0.));
#4894=DIRECTION('',(0.,0.,1.));
#4895=DIRECTION('',(-0.405400601752806,0.,0.914139131696299));
#4896=DIRECTION('',(0.,1.,0.));
#4897=DIRECTION('',(0.,0.,1.));
#4898=DIRECTION('',(-0.982338565058477,0.,-0.187112115050984));
#4899=DIRECTION('',(0.,1.,0.));
#4900=DIRECTION('',(0.,0.,1.));
#4901=DIRECTION('',(0.753173544547214,0.,-0.657821869349283));
#4902=DIRECTION('',(0.,1.,0.));
#4903=DIRECTION('',(0.,0.,1.));
#4904=DIRECTION('',(0.379594620158736,0.,0.925152919439022));
#4905=DIRECTION('',(0.,1.,0.));
#4906=DIRECTION('',(0.,0.,1.));
#4907=DIRECTION('',(-5.58463982661037E-9,0.,-1.));
#4908=DIRECTION('',(0.,1.,0.));
#4909=DIRECTION('',(0.,0.,1.));
#4910=DIRECTION('',(0.,1.,0.));
#4911=DIRECTION('',(0.,0.,1.));
#4912=DIRECTION('',(0.,1.,0.));
#4913=DIRECTION('',(0.,0.,1.));
#4914=DIRECTION('',(0.962868346094763,0.,0.269971383833058));
#4915=DIRECTION('',(0.,1.,0.));
#4916=DIRECTION('',(0.,0.,1.));
#4917=DIRECTION('',(0.45987794209744,0.,-0.887982138543464));
#4918=DIRECTION('',(0.,1.,0.));
#4919=DIRECTION('',(0.,0.,1.));
#4920=DIRECTION('',(0.986917147478661,0.,0.161228235779542));
#4921=DIRECTION('',(0.,1.,0.));
#4922=DIRECTION('',(0.,0.,1.));
#4923=DIRECTION('',(-0.957826283005643,0.,-0.287347892951372));
#4924=DIRECTION('',(0.,1.,0.));
#4925=DIRECTION('',(0.,0.,1.));
#4926=DIRECTION('',(-0.0424980483369442,0.,-0.999096549832673));
#4927=DIRECTION('',(0.,1.,0.));
#4928=DIRECTION('',(0.,0.,1.));
#4929=DIRECTION('',(1.,0.,0.));
#4930=DIRECTION('',(0.,1.,0.));
#4931=DIRECTION('',(0.,0.,1.));
#4932=DIRECTION('',(0.511015895899929,0.,-0.859571261814629));
#4933=DIRECTION('',(0.,1.,0.));
#4934=DIRECTION('',(0.,0.,1.));
#4935=DIRECTION('',(0.,1.,0.));
#4936=DIRECTION('',(-1.,0.,0.));
#4937=DIRECTION('',(0.,1.,0.));
#4938=DIRECTION('',(0.,0.,1.));
#4939=DIRECTION('',(0.,1.,0.));
#4940=DIRECTION('',(0.,0.,1.));
#4941=DIRECTION('',(-5.58463982661037E-9,0.,-1.));
#4942=DIRECTION('',(0.,1.,0.));
#4943=DIRECTION('',(0.,0.,1.));
#4944=DIRECTION('',(0.986917147478661,0.,0.161228235779542));
#4945=DIRECTION('',(0.,1.,0.));
#4946=DIRECTION('',(0.,0.,1.));
#4947=DIRECTION('',(0.45987794209744,0.,-0.887982138543464));
#4948=DIRECTION('',(0.,1.,0.));
#4949=DIRECTION('',(0.,0.,1.));
#4950=DIRECTION('',(0.962868346094763,0.,0.269971383833058));
#4951=DIRECTION('',(0.,1.,0.));
#4952=DIRECTION('',(0.,0.,1.));
#4953=DIRECTION('',(-0.405400601752806,0.,0.914139131696299));
#4954=DIRECTION('',(0.,1.,0.));
#4955=DIRECTION('',(0.,0.,1.));
#4956=DIRECTION('',(0.945457404836516,0.,0.325745753064872));
#4957=DIRECTION('',(0.,1.,0.));
#4958=DIRECTION('',(0.,0.,1.));
#4959=DIRECTION('',(-0.399585399038974,0.,-0.9166959740693));
#4960=DIRECTION('',(0.,1.,0.));
#4961=DIRECTION('',(0.,0.,1.));
#4962=DIRECTION('',(1.,0.,0.));
#4963=DIRECTION('',(0.,1.,0.));
#4964=DIRECTION('',(0.,0.,1.));
#4965=DIRECTION('',(0.,1.,0.));
#4966=DIRECTION('',(0.,0.,1.));
#4967=DIRECTION('',(0.,1.,0.));
#4968=DIRECTION('',(0.,0.,1.));
#4969=DIRECTION('',(-0.455378572579226,0.,-0.890297902747));
#4970=DIRECTION('',(0.,1.,0.));
#4971=DIRECTION('',(0.,0.,1.));
#4972=DIRECTION('',(0.,0.,1.));
#4973=DIRECTION('',(0.,1.,0.));
#4974=DIRECTION('',(0.,0.,1.));
#4975=DIRECTION('',(-0.91809088252274,0.,0.396369942640227));
#4976=DIRECTION('',(0.,1.,0.));
#4977=DIRECTION('',(0.,0.,1.));
#4978=DIRECTION('',(-0.508739605130066,0.,-0.860920445902004));
#4979=DIRECTION('',(0.,1.,0.));
#4980=DIRECTION('',(0.,0.,1.));
#4981=DIRECTION('',(0.,0.,1.));
#4982=DIRECTION('',(0.,1.,0.));
#4983=DIRECTION('',(0.,0.,1.));
#4984=DIRECTION('',(-0.992084877502073,0.,-0.125569087882718));
#4985=DIRECTION('',(0.,1.,0.));
#4986=DIRECTION('',(0.,0.,1.));
#4987=DIRECTION('',(-0.455378572579226,0.,-0.890297902747));
#4988=DIRECTION('',(0.,1.,0.));
#4989=DIRECTION('',(0.,0.,1.));
#4990=DIRECTION('',(-1.,0.,0.));
#4991=DIRECTION('',(0.,1.,0.));
#4992=DIRECTION('',(0.,0.,1.));
#4993=DIRECTION('',(-0.508739605130066,0.,-0.860920445902004));
#4994=DIRECTION('',(0.,1.,0.));
#4995=DIRECTION('',(0.,0.,1.));
#4996=DIRECTION('',(-0.33795675272894,0.,-0.941161640359886));
#4997=DIRECTION('',(0.,1.,0.));
#4998=DIRECTION('',(0.,0.,1.));
#4999=DIRECTION('',(0.62848267220266,0.,-0.777823585873432));
#5000=DIRECTION('',(0.,1.,0.));
#5001=DIRECTION('',(0.,0.,1.));
#5002=DIRECTION('',(-0.982338565058477,0.,-0.187112115050984));
#5003=DIRECTION('',(0.,1.,0.));
#5004=DIRECTION('',(0.,0.,1.));
#5005=DIRECTION('',(0.,0.,-1.));
#5006=DIRECTION('',(0.,1.,0.));
#5007=DIRECTION('',(0.,0.,1.));
#5008=DIRECTION('',(0.,1.,0.));
#5009=DIRECTION('',(0.,0.,1.));
#5010=DIRECTION('',(0.,1.,0.));
#5011=DIRECTION('',(0.,0.,1.));
#5012=DIRECTION('',(-0.778332400946724,0.,0.627852429824484));
#5013=DIRECTION('',(0.,1.,0.));
#5014=DIRECTION('',(0.,0.,1.));
#5015=DIRECTION('',(-0.556117581253662,0.,-0.831103625199997));
#5016=DIRECTION('',(0.,1.,0.));
#5017=DIRECTION('',(0.,0.,1.));
#5018=DIRECTION('',(0.995461138316342,0.,0.0951689135271202));
#5019=DIRECTION('',(0.,1.,0.));
#5020=DIRECTION('',(0.,0.,1.));
#5021=DIRECTION('',(-0.405400601752806,0.,0.914139131696299));
#5022=DIRECTION('',(0.,1.,0.));
#5023=DIRECTION('',(0.,0.,1.));
#5024=DIRECTION('',(-0.736909521546661,0.,0.675991388298602));
#5025=DIRECTION('',(0.,1.,0.));
#5026=DIRECTION('',(0.,0.,1.));
#5027=DIRECTION('',(1.39897054514259E-17,0.,-1.));
#5028=DIRECTION('',(0.,1.,0.));
#5029=DIRECTION('',(0.,0.,1.));
#5030=DIRECTION('',(0.,1.,0.));
#5031=DIRECTION('',(0.,0.,1.));
#5032=DIRECTION('',(0.,1.,0.));
#5033=DIRECTION('',(0.,0.,1.));
#5034=DIRECTION('',(-0.833245965927299,0.,0.552902487122171));
#5035=DIRECTION('',(0.,1.,0.));
#5036=DIRECTION('',(0.,0.,1.));
#5037=DIRECTION('',(-0.893966129048251,0.,-0.448134533499133));
#5038=DIRECTION('',(0.,1.,0.));
#5039=DIRECTION('',(0.,0.,1.));
#5040=DIRECTION('',(0.,1.,0.));
#5041=DIRECTION('',(0.,0.,1.));
#5042=DIRECTION('',(0.,1.,0.));
#5043=DIRECTION('',(0.,0.,1.));
#5044=DIRECTION('',(-0.957847901029155,0.,-0.28727582302387));
#5045=DIRECTION('',(0.,1.,0.));
#5046=DIRECTION('',(0.,0.,1.));
#5047=DIRECTION('',(-0.378481515784933,0.,0.925608849465658));
#5048=DIRECTION('',(0.,1.,0.));
#5049=DIRECTION('',(0.,0.,1.));
#5050=DIRECTION('',(-0.833245965927299,0.,0.552902487122171));
#5051=DIRECTION('',(0.,1.,0.));
#5052=DIRECTION('',(0.,0.,1.));
#5053=DIRECTION('',(-5.58463976728791E-9,0.,-1.));
#5054=DIRECTION('',(0.,1.,0.));
#5055=DIRECTION('',(0.,0.,1.));
#5056=DIRECTION('',(-0.736909521546662,0.,0.675991388298601));
#5057=DIRECTION('',(0.,1.,0.));
#5058=DIRECTION('',(0.,0.,1.));
#5059=DIRECTION('',(0.984530141216687,0.,-0.17521529909186));
#5060=DIRECTION('',(0.,1.,0.));
#5061=DIRECTION('',(0.,0.,1.));
#5062=DIRECTION('',(-1.,0.,0.));
#5063=DIRECTION('',(0.,1.,0.));
#5064=DIRECTION('',(0.,0.,1.));
#5065=DIRECTION('',(0.815691793275257,0.,0.578486731380588));
#5066=DIRECTION('',(0.,1.,0.));
#5067=DIRECTION('',(0.,0.,1.));
#5068=DIRECTION('',(0.175215299091859,0.,0.984530141216687));
#5069=DIRECTION('',(0.,1.,0.));
#5070=DIRECTION('',(0.,0.,1.));
#5071=DIRECTION('',(-0.556117581253662,0.,-0.831103625199997));
#5072=DIRECTION('',(0.,1.,0.));
#5073=DIRECTION('',(0.,0.,1.));
#5074=DIRECTION('',(0.753173544547214,0.,-0.657821869349283));
#5075=DIRECTION('',(0.,1.,0.));
#5076=DIRECTION('',(0.,0.,1.));
#5077=DIRECTION('',(-0.764098455959448,0.,-0.645099643156302));
#5078=DIRECTION('',(0.,1.,0.));
#5079=DIRECTION('',(0.,0.,1.));
#5080=DIRECTION('',(-0.91809088252274,0.,0.396369942640227));
#5081=DIRECTION('',(0.,1.,0.));
#5082=DIRECTION('',(0.,0.,1.));
#5083=DIRECTION('',(0.,1.,0.));
#5084=DIRECTION('',(0.,0.,1.));
#5085=DIRECTION('',(0.,1.,0.));
#5086=DIRECTION('',(0.,0.,1.));
#5087=DIRECTION('',(0.,1.,0.));
#5088=DIRECTION('',(0.,0.,1.));
#5089=DIRECTION('',(0.,1.,0.));
#5090=DIRECTION('',(0.,0.,1.));
#5091=DIRECTION('',(0.,1.,0.));
#5092=DIRECTION('',(0.,0.,1.));
#5093=DIRECTION('',(0.,1.,0.));
#5094=DIRECTION('',(0.,0.,1.));
#5095=DIRECTION('',(0.,0.,-1.));
#5096=DIRECTION('',(-1.,0.,0.));
#5097=DIRECTION('',(0.,0.,-1.));
#5098=DIRECTION('',(-1.,0.,0.));
#5099=DIRECTION('',(0.,0.,-1.));
#5100=DIRECTION('',(-1.,0.,0.));
#5101=DIRECTION('',(0.,0.,-1.));
#5102=DIRECTION('',(-1.,0.,0.));
#5103=DIRECTION('',(0.,0.,1.));
#5104=DIRECTION('',(1.,0.,0.));
#5105=DIRECTION('',(0.,0.,1.));
#5106=DIRECTION('',(1.,0.,0.));
#5107=DIRECTION('',(1.,0.,0.));
#5108=DIRECTION('',(0.,1.,0.));
#5109=DIRECTION('',(0.,0.,1.));
#5110=DIRECTION('',(0.,0.,1.));
#5111=DIRECTION('',(0.,1.,0.));
#5112=DIRECTION('',(0.,0.,1.));
#5113=DIRECTION('',(1.,0.,0.));
#5114=DIRECTION('',(0.,1.,0.));
#5115=DIRECTION('',(0.,0.,1.));
#5116=DIRECTION('',(0.,0.,1.));
#5117=DIRECTION('',(0.,1.,0.));
#5118=DIRECTION('',(0.,0.,1.));
#5119=DIRECTION('',(-1.,0.,0.));
#5120=DIRECTION('',(0.,0.,1.));
#5121=DIRECTION('',(-1.,0.,0.));
#5122=DIRECTION('',(0.,0.,-1.));
#5123=DIRECTION('',(0.175215299091859,0.,0.984530141216687));
#5124=DIRECTION('',(0.,1.,0.));
#5125=DIRECTION('',(0.,0.,1.));
#5126=DIRECTION('',(-0.787462463464111,0.,0.61636261132148));
#5127=DIRECTION('',(0.,1.,0.));
#5128=DIRECTION('',(0.,0.,1.));
#5129=DIRECTION('',(-1.,0.,0.));
#5130=DIRECTION('',(0.,1.,0.));
#5131=DIRECTION('',(0.,0.,1.));
#5132=DIRECTION('',(0.,1.,0.));
#5133=DIRECTION('',(0.,0.,1.));
#5134=DIRECTION('',(0.,1.,0.));
#5135=DIRECTION('',(0.,0.,1.));
#5136=DIRECTION('',(-5.58463987772813E-9,0.,-1.));
#5137=DIRECTION('',(0.,1.,0.));
#5138=DIRECTION('',(0.,0.,1.));
#5139=DIRECTION('',(0.984530141216687,0.,-0.175215299091859));
#5140=DIRECTION('',(0.,1.,0.));
#5141=DIRECTION('',(0.,0.,1.));
#5142=DIRECTION('',(0.815691793275257,0.,0.578486731380588));
#5143=DIRECTION('',(-0.872452949488322,0.,-0.48869811840146));
#5144=DIRECTION('',(0.,1.,0.));
#5145=DIRECTION('',(0.,0.,1.));
#5146=DIRECTION('',(-0.399585399038974,0.,-0.9166959740693));
#5147=DIRECTION('',(0.,1.,0.));
#5148=DIRECTION('',(0.,0.,1.));
#5149=DIRECTION('',(-0.378481515784933,0.,0.925608849465658));
#5150=DIRECTION('',(0.,1.,0.));
#5151=DIRECTION('',(0.,0.,1.));
#5152=DIRECTION('',(-0.787462463464111,0.,0.61636261132148));
#5153=DIRECTION('',(0.,1.,0.));
#5154=DIRECTION('',(0.,0.,1.));
#5155=DIRECTION('',(-0.872452949488322,0.,-0.48869811840146));
#5156=DIRECTION('',(0.,1.,0.));
#5157=DIRECTION('',(0.,0.,1.));
#5158=DIRECTION('',(0.,0.,-1.));
#5159=DIRECTION('',(0.,1.,0.));
#5160=DIRECTION('',(0.,0.,1.));
#5161=DIRECTION('',(-0.893966129048251,0.,-0.448134533499133));
#5162=DIRECTION('',(0.,1.,0.));
#5163=DIRECTION('',(0.,0.,1.));
#5164=DIRECTION('',(-0.33795675272894,0.,-0.941161640359885));
#5165=DIRECTION('',(0.,1.,0.));
#5166=DIRECTION('',(0.,0.,1.));
#5167=DIRECTION('',(-0.778332400946724,0.,0.627852429824484));
#5168=DIRECTION('',(0.,1.,0.));
#5169=DIRECTION('',(0.,0.,1.));
#5170=DIRECTION('',(0.62848267220266,0.,-0.777823585873432));
#5171=DIRECTION('',(0.,1.,0.));
#5172=DIRECTION('',(0.,0.,1.));
#5173=DIRECTION('',(0.945457404836516,0.,0.325745753064872));
#5174=DIRECTION('',(0.,1.,0.));
#5175=DIRECTION('',(0.,0.,1.));
#5176=DIRECTION('',(-0.216846765027151,0.,-0.976205654817293));
#5177=DIRECTION('',(0.,1.,0.));
#5178=DIRECTION('',(0.,0.,1.));
#5179=DIRECTION('',(-0.764098455959448,0.,-0.645099643156302));
#5180=DIRECTION('',(0.,1.,0.));
#5181=DIRECTION('',(0.,0.,1.));
#5182=DIRECTION('',(-0.0424980483369437,0.,-0.999096549832673));
#5183=DIRECTION('',(0.,1.,0.));
#5184=DIRECTION('',(0.,0.,1.));
#5185=DIRECTION('',(-0.992084877502073,0.,-0.125569087882718));
#5186=DIRECTION('',(0.,1.,0.));
#5187=DIRECTION('',(0.,0.,1.));
#5188=DIRECTION('',(0.511015895899929,0.,-0.859571261814629));
#5189=DIRECTION('',(0.986917147478661,0.,0.161228235779542));
#5190=DIRECTION('',(-5.58464038076374E-9,0.,-1.));
#5191=DIRECTION('',(0.490654498750221,0.,-0.871354212049365));
#5192=DIRECTION('',(0.,1.,0.));
#5193=DIRECTION('',(0.,0.,1.));
#5194=DIRECTION('',(0.995461138316342,0.,0.0951689135271209));
#5195=DIRECTION('',(0.,1.,0.));
#5196=DIRECTION('',(0.,0.,1.));
#5197=DIRECTION('',(-5.58463961163429E-9,0.,-1.));
#5198=DIRECTION('',(0.,1.,0.));
#5199=DIRECTION('',(0.,0.,1.));
#5200=DIRECTION('',(-0.216846765027151,0.,-0.976205654817293));
#5201=DIRECTION('',(0.,1.,0.));
#5202=DIRECTION('',(0.,0.,1.));
#5203=DIRECTION('',(0.49065449875022,0.,-0.871354212049365));
#5204=DIRECTION('',(0.,1.,0.));
#5205=DIRECTION('',(0.,0.,1.));
#5206=DIRECTION('',(0.,1.,0.));
#5207=DIRECTION('',(0.,0.,1.));
#5208=DIRECTION('',(0.962868346094763,0.,0.269971383833058));
#5209=DIRECTION('',(0.,1.,0.));
#5210=DIRECTION('',(0.,0.,1.));
#5211=DIRECTION('',(0.459877942097439,0.,-0.887982138543464));
#5212=DIRECTION('',(0.,1.,0.));
#5213=DIRECTION('',(0.,0.,1.));
#5214=DIRECTION('',(-0.957826283005643,0.,-0.287347892951372));
#5215=DIRECTION('',(0.,1.,0.));
#5216=DIRECTION('',(0.,0.,1.));
#5217=DIRECTION('',(0.379594620158736,0.,0.925152919439022));
#5218=DIRECTION('',(0.,1.,0.));
#5219=DIRECTION('',(0.,0.,1.));
#5220=DIRECTION('',(0.379594620158736,0.,0.925152919439022));
#5221=DIRECTION('',(0.,1.,0.));
#5222=DIRECTION('',(0.,0.,1.));
#5223=DIRECTION('',(0.753173544547214,0.,-0.657821869349283));
#5224=DIRECTION('',(0.,1.,0.));
#5225=DIRECTION('',(0.,0.,1.));
#5226=DIRECTION('',(-0.982338565058477,0.,-0.187112115050984));
#5227=DIRECTION('',(0.,1.,0.));
#5228=DIRECTION('',(0.,0.,1.));
#5229=DIRECTION('',(1.,0.,0.));
#5230=DIRECTION('',(0.,1.,0.));
#5231=DIRECTION('',(0.,0.,1.));
#5232=DIRECTION('',(-0.0424980483369442,0.,-0.999096549832673));
#5233=DIRECTION('',(0.,1.,0.));
#5234=DIRECTION('',(0.,0.,1.));
#5235=DIRECTION('',(-0.957826283005643,0.,-0.287347892951372));
#5236=DIRECTION('',(0.,1.,0.));
#5237=DIRECTION('',(0.,0.,1.));
#5238=DIRECTION('',(0.511015895899929,0.,-0.859571261814629));
#5239=DIRECTION('',(0.,1.,0.));
#5240=DIRECTION('',(0.,0.,1.));
#5241=DIRECTION('',(0.,0.,1.));
#5242=DIRECTION('',(1.,0.,0.));
#5243=DIRECTION('',(0.,-1.,0.));
#5244=DIRECTION('',(0.,-1.,0.));
#5245=DIRECTION('',(-1.,0.,0.));
#5246=DIRECTION('',(0.,0.,1.));
#5247=DIRECTION('',(0.,-1.,0.));
#5248=DIRECTION('',(0.,0.,1.));
#5249=DIRECTION('',(1.,0.,0.));
#5250=DIRECTION('',(0.,-1.,0.));
#5251=DIRECTION('',(1.,0.,0.));
#5252=DIRECTION('',(0.,0.,-1.));
#5253=DIRECTION('',(0.,-1.,0.));
#5254=DIRECTION('',(0.,-1.,0.));
#5255=DIRECTION('',(0.,0.,-1.));
#5256=DIRECTION('',(-1.,0.,0.));
#5257=DIRECTION('',(0.,-1.,0.));
#5258=DIRECTION('',(0.,-1.,0.));
#5259=DIRECTION('',(1.,0.,0.));
#5260=DIRECTION('',(0.,0.,-1.));
#5261=DIRECTION('',(0.,-1.,0.));
#5262=DIRECTION('',(0.,-1.,0.));
#5263=DIRECTION('',(1.,0.,0.));
#5264=DIRECTION('',(0.,0.,-1.));
#5265=DIRECTION('',(0.,-1.,0.));
#5266=DIRECTION('',(0.,-1.,0.));
#5267=DIRECTION('',(0.,0.,-1.));
#5268=DIRECTION('',(-1.,0.,0.));
#5269=DIRECTION('',(0.,-1.,0.));
#5270=DIRECTION('',(1.,0.,0.));
#5271=DIRECTION('',(0.,0.,-1.));
#5272=DIRECTION('',(0.,-1.,0.));
#5273=DIRECTION('',(-1.,0.,0.));
#5274=DIRECTION('',(0.,0.,1.));
#5275=DIRECTION('',(0.,-1.,0.));
#5276=DIRECTION('',(0.,-1.,0.));
#5277=DIRECTION('',(0.,0.,1.));
#5278=DIRECTION('',(1.,0.,0.));
#5279=DIRECTION('',(0.,-1.,0.));
#5280=DIRECTION('',(-1.,0.,0.));
#5281=DIRECTION('',(0.,0.,1.));
#5282=DIRECTION('',(0.,-1.,0.));
#5283=DIRECTION('',(-1.,0.,0.));
#5284=DIRECTION('',(0.,0.,1.));
#5285=DIRECTION('',(0.,-1.,0.));
#5286=DIRECTION('',(0.,-1.,0.));
#5287=DIRECTION('',(0.,0.,1.));
#5288=DIRECTION('',(1.,0.,0.));
#5289=DIRECTION('',(0.,-1.,0.));
#5290=DIRECTION('',(-1.,0.,0.));
#5291=DIRECTION('',(0.,0.,1.));
#5292=DIRECTION('',(0.,-1.,0.));
#5293=DIRECTION('',(0.,0.,-1.));
#5294=DIRECTION('',(-1.,0.,0.));
#5295=DIRECTION('',(0.,-1.,0.));
#5296=DIRECTION('',(0.,-1.,0.));
#5297=DIRECTION('',(0.,0.,-1.));
#5298=DIRECTION('',(-1.,0.,0.));
#5299=DIRECTION('',(0.,0.,1.));
#5300=DIRECTION('',(1.,0.,0.));
#5301=DIRECTION('',(0.,0.,1.));
#5302=DIRECTION('',(1.,0.,0.));
#5303=DIRECTION('',(0.,-1.,0.));
#5304=DIRECTION('',(0.,0.,-1.));
#5305=DIRECTION('',(0.,-1.,0.));
#5306=DIRECTION('',(0.,0.,-1.));
#5307=DIRECTION('',(0.,-1.,0.));
#5308=DIRECTION('',(0.,0.,-1.));
#5309=DIRECTION('',(0.,-1.,0.));
#5310=DIRECTION('',(0.,0.,-1.));
#5311=DIRECTION('',(0.,-1.,0.));
#5312=DIRECTION('',(0.,0.,-1.));
#5313=DIRECTION('',(0.,-1.,0.));
#5314=DIRECTION('',(0.,0.,-1.));
#5315=DIRECTION('',(1.,0.,0.));
#5316=DIRECTION('',(0.,0.,-1.));
#5317=DIRECTION('',(0.831103625199997,0.,-0.556117581253662));
#5318=DIRECTION('',(-0.556117581253662,0.,-0.831103625199997));
#5319=DIRECTION('',(0.,1.,0.));
#5320=DIRECTION('',(0.,1.,0.));
#5321=DIRECTION('',(0.657821869349283,0.,0.753173544547214));
#5322=DIRECTION('',(0.753173544547214,0.,-0.657821869349283));
#5323=DIRECTION('',(0.,1.,0.));
#5324=DIRECTION('',(0.,1.,0.));
#5325=DIRECTION('',(0.645099643156302,0.,-0.764098455959448));
#5326=DIRECTION('',(-0.764098455959448,0.,-0.645099643156302));
#5327=DIRECTION('',(0.,1.,0.));
#5328=DIRECTION('',(0.,1.,0.));
#5329=DIRECTION('',(-0.396369942640227,0.,-0.91809088252274));
#5330=DIRECTION('',(-0.91809088252274,0.,0.396369942640227));
#5331=DIRECTION('',(0.,1.,0.));
#5332=DIRECTION('',(0.,1.,0.));
#5333=DIRECTION('',(-0.984530141216687,0.,0.175215299091859));
#5334=DIRECTION('',(0.175215299091859,0.,0.984530141216687));
#5335=DIRECTION('',(0.,1.,0.));
#5336=DIRECTION('',(0.,1.,0.));
#5337=DIRECTION('',(-0.61636261132148,0.,-0.787462463464111));
#5338=DIRECTION('',(-0.787462463464111,0.,0.61636261132148));
#5339=DIRECTION('',(0.,1.,0.));
#5340=DIRECTION('',(0.,1.,0.));
#5341=DIRECTION('',(0.,0.,-1.));
#5342=DIRECTION('',(-1.,0.,0.));
#5343=DIRECTION('',(0.,1.,0.));
#5344=DIRECTION('',(0.,1.,0.));
#5345=DIRECTION('',(0.,0.,-1.));
#5346=DIRECTION('',(-1.,0.,0.));
#5347=DIRECTION('',(0.,1.,0.));
#5348=DIRECTION('',(0.,1.,0.));
#5349=DIRECTION('',(-0.578486731380588,0.,0.815691793275257));
#5350=DIRECTION('',(0.815691793275257,0.,0.578486731380588));
#5351=DIRECTION('',(0.,1.,0.));
#5352=DIRECTION('',(0.,1.,0.));
#5353=DIRECTION('',(-0.984530141216687,0.,0.175215299091859));
#5354=DIRECTION('',(0.175215299091859,0.,0.984530141216687));
#5355=DIRECTION('',(0.,1.,0.));
#5356=DIRECTION('',(0.,1.,0.));
#5357=DIRECTION('',(1.,0.,-5.58463987772813E-9));
#5358=DIRECTION('',(-5.58463987772813E-9,0.,-1.));
#5359=DIRECTION('',(0.,1.,0.));
#5360=DIRECTION('',(0.,1.,0.));
#5361=DIRECTION('',(0.175215299091859,0.,0.984530141216687));
#5362=DIRECTION('',(0.984530141216687,0.,-0.175215299091859));
#5363=DIRECTION('',(0.,1.,0.));
#5364=DIRECTION('',(0.,1.,0.));
#5365=DIRECTION('',(-0.578486731380588,0.,0.815691793275257));
#5366=DIRECTION('',(0.815691793275257,0.,0.578486731380588));
#5367=DIRECTION('',(0.,1.,0.));
#5368=DIRECTION('',(0.,1.,0.));
#5369=DIRECTION('',(0.17521529909186,0.,0.984530141216687));
#5370=DIRECTION('',(0.984530141216687,0.,-0.17521529909186));
#5371=DIRECTION('',(0.,1.,0.));
#5372=DIRECTION('',(0.,1.,0.));
#5373=DIRECTION('',(1.,0.,-5.58463976728791E-9));
#5374=DIRECTION('',(-5.58463976728791E-9,0.,-1.));
#5375=DIRECTION('',(0.,1.,0.));
#5376=DIRECTION('',(0.,1.,0.));
#5377=DIRECTION('',(-0.675991388298601,0.,-0.736909521546662));
#5378=DIRECTION('',(-0.736909521546662,0.,0.675991388298601));
#5379=DIRECTION('',(0.,1.,0.));
#5380=DIRECTION('',(0.,1.,0.));
#5381=DIRECTION('',(0.28727582302387,0.,-0.957847901029155));
#5382=DIRECTION('',(-0.957847901029155,0.,-0.28727582302387));
#5383=DIRECTION('',(0.,1.,0.));
#5384=DIRECTION('',(0.,1.,0.));
#5385=DIRECTION('',(-0.925608849465658,0.,-0.378481515784933));
#5386=DIRECTION('',(-0.378481515784933,0.,0.925608849465658));
#5387=DIRECTION('',(0.,1.,0.));
#5388=DIRECTION('',(0.,1.,0.));
#5389=DIRECTION('',(-0.552902487122171,0.,-0.833245965927299));
#5390=DIRECTION('',(-0.833245965927299,0.,0.552902487122171));
#5391=DIRECTION('',(0.,1.,0.));
#5392=DIRECTION('',(0.,1.,0.));
#5393=DIRECTION('',(0.48869811840146,0.,-0.872452949488322));
#5394=DIRECTION('',(-0.872452949488322,0.,-0.48869811840146));
#5395=DIRECTION('',(0.,1.,0.));
#5396=DIRECTION('',(0.,1.,0.));
#5397=DIRECTION('',(0.9166959740693,0.,-0.399585399038974));
#5398=DIRECTION('',(-0.399585399038974,0.,-0.9166959740693));
#5399=DIRECTION('',(0.,1.,0.));
#5400=DIRECTION('',(0.,1.,0.));
#5401=DIRECTION('',(-0.925608849465658,0.,-0.378481515784933));
#5402=DIRECTION('',(-0.378481515784933,0.,0.925608849465658));
#5403=DIRECTION('',(0.,1.,0.));
#5404=DIRECTION('',(0.,1.,0.));
#5405=DIRECTION('',(1.,0.,1.39897054514259E-17));
#5406=DIRECTION('',(1.39897054514259E-17,0.,-1.));
#5407=DIRECTION('',(0.,-1.,0.));
#5408=DIRECTION('',(0.,-1.,0.));
#5409=DIRECTION('',(0.,1.,0.));
#5410=DIRECTION('',(0.,0.,1.));
#5411=DIRECTION('',(0.,1.,0.));
#5412=DIRECTION('',(0.,1.,0.));
#5413=DIRECTION('',(-0.552902487122171,0.,-0.833245965927299));
#5414=DIRECTION('',(-0.833245965927299,0.,0.552902487122171));
#5415=DIRECTION('',(0.,1.,0.));
#5416=DIRECTION('',(0.,-1.,0.));
#5417=DIRECTION('',(0.448134533499133,0.,-0.893966129048251));
#5418=DIRECTION('',(-0.893966129048251,0.,-0.448134533499133));
#5419=DIRECTION('',(0.,1.,0.));
#5420=DIRECTION('',(0.,1.,0.));
#5421=DIRECTION('',(0.,1.,0.));
#5422=DIRECTION('',(0.,0.,1.));
#5423=DIRECTION('',(0.,1.,0.));
#5424=DIRECTION('',(0.,1.,0.));
#5425=DIRECTION('',(-0.61636261132148,0.,-0.787462463464111));
#5426=DIRECTION('',(-0.787462463464111,0.,0.61636261132148));
#5427=DIRECTION('',(0.,1.,0.));
#5428=DIRECTION('',(0.,1.,0.));
#5429=DIRECTION('',(0.48869811840146,0.,-0.872452949488322));
#5430=DIRECTION('',(-0.872452949488322,0.,-0.48869811840146));
#5431=DIRECTION('',(0.,1.,0.));
#5432=DIRECTION('',(0.,1.,0.));
#5433=DIRECTION('',(1.,0.,0.));
#5434=DIRECTION('',(0.,0.,-1.));
#5435=DIRECTION('',(0.,1.,0.));
#5436=DIRECTION('',(0.,1.,0.));
#5437=DIRECTION('',(-0.0951689135271202,0.,0.995461138316342));
#5438=DIRECTION('',(0.995461138316342,0.,0.0951689135271202));
#5439=DIRECTION('',(0.,1.,0.));
#5440=DIRECTION('',(0.,1.,0.));
#5441=DIRECTION('',(-0.914139131696298,0.,-0.405400601752806));
#5442=DIRECTION('',(-0.405400601752806,0.,0.914139131696299));
#5443=DIRECTION('',(0.,1.,0.));
#5444=DIRECTION('',(0.,1.,0.));
#5445=DIRECTION('',(-0.675991388298602,0.,-0.736909521546661));
#5446=DIRECTION('',(-0.736909521546661,0.,0.675991388298602));
#5447=DIRECTION('',(0.,1.,0.));
#5448=DIRECTION('',(0.,1.,0.));
#5449=DIRECTION('',(0.448134533499133,0.,-0.893966129048251));
#5450=DIRECTION('',(-0.893966129048251,0.,-0.448134533499133));
#5451=DIRECTION('',(0.,1.,0.));
#5452=DIRECTION('',(0.,1.,0.));
#5453=DIRECTION('',(0.941161640359885,0.,-0.33795675272894));
#5454=DIRECTION('',(-0.33795675272894,0.,-0.941161640359885));
#5455=DIRECTION('',(0.,1.,0.));
#5456=DIRECTION('',(0.,1.,0.));
#5457=DIRECTION('',(-0.627852429824484,0.,-0.778332400946724));
#5458=DIRECTION('',(-0.778332400946724,0.,0.627852429824484));
#5459=DIRECTION('',(0.,1.,0.));
#5460=DIRECTION('',(0.,1.,0.));
#5461=DIRECTION('',(1.,0.,0.));
#5462=DIRECTION('',(0.,0.,-1.));
#5463=DIRECTION('',(0.,1.,0.));
#5464=DIRECTION('',(0.,-1.,0.));
#5465=DIRECTION('',(0.,1.,0.));
#5466=DIRECTION('',(0.,0.,1.));
#5467=DIRECTION('',(0.,1.,0.));
#5468=DIRECTION('',(0.,1.,0.));
#5469=DIRECTION('',(-0.627852429824484,0.,-0.778332400946724));
#5470=DIRECTION('',(-0.778332400946724,0.,0.627852429824484));
#5471=DIRECTION('',(0.,-1.,0.));
#5472=DIRECTION('',(0.,1.,0.));
#5473=DIRECTION('',(0.831103625199997,0.,-0.556117581253662));
#5474=DIRECTION('',(-0.556117581253662,0.,-0.831103625199997));
#5475=DIRECTION('',(0.,1.,0.));
#5476=DIRECTION('',(0.,1.,0.));
#5477=DIRECTION('',(0.777823585873432,0.,0.62848267220266));
#5478=DIRECTION('',(0.62848267220266,0.,-0.777823585873432));
#5479=DIRECTION('',(0.,1.,0.));
#5480=DIRECTION('',(0.,1.,0.));
#5481=DIRECTION('',(-0.325745753064872,0.,0.945457404836516));
#5482=DIRECTION('',(0.945457404836516,0.,0.325745753064872));
#5483=DIRECTION('',(0.,1.,0.));
#5484=DIRECTION('',(0.,1.,0.));
#5485=DIRECTION('',(0.976205654817293,0.,-0.216846765027151));
#5486=DIRECTION('',(-0.216846765027151,0.,-0.976205654817293));
#5487=DIRECTION('',(0.,1.,0.));
#5488=DIRECTION('',(0.,1.,0.));
#5489=DIRECTION('',(0.941161640359886,0.,-0.33795675272894));
#5490=DIRECTION('',(-0.33795675272894,0.,-0.941161640359886));
#5491=DIRECTION('',(0.,1.,0.));
#5492=DIRECTION('',(0.,1.,0.));
#5493=DIRECTION('',(0.777823585873432,0.,0.62848267220266));
#5494=DIRECTION('',(0.62848267220266,0.,-0.777823585873432));
#5495=DIRECTION('',(0.,1.,0.));
#5496=DIRECTION('',(0.,1.,0.));
#5497=DIRECTION('',(0.187112115050984,0.,-0.982338565058477));
#5498=DIRECTION('',(-0.982338565058477,0.,-0.187112115050984));
#5499=DIRECTION('',(0.,1.,0.));
#5500=DIRECTION('',(0.,1.,0.));
#5501=DIRECTION('',(0.645099643156302,0.,-0.764098455959448));
#5502=DIRECTION('',(-0.764098455959448,0.,-0.645099643156302));
#5503=DIRECTION('',(0.,1.,0.));
#5504=DIRECTION('',(0.,1.,0.));
#5505=DIRECTION('',(0.999096549832673,0.,-0.0424980483369437));
#5506=DIRECTION('',(-0.0424980483369437,0.,-0.999096549832673));
#5507=DIRECTION('',(0.,1.,0.));
#5508=DIRECTION('',(0.,1.,0.));
#5509=DIRECTION('',(0.125569087882718,0.,-0.992084877502073));
#5510=DIRECTION('',(-0.992084877502073,0.,-0.125569087882718));
#5511=DIRECTION('',(0.,1.,0.));
#5512=DIRECTION('',(0.,1.,0.));
#5513=DIRECTION('',(0.890297902747,0.,-0.455378572579226));
#5514=DIRECTION('',(-0.455378572579226,0.,-0.890297902747));
#5515=DIRECTION('',(0.,1.,0.));
#5516=DIRECTION('',(0.,1.,0.));
#5517=DIRECTION('',(0.,0.,-1.));
#5518=DIRECTION('',(-1.,0.,0.));
#5519=DIRECTION('',(0.,1.,0.));
#5520=DIRECTION('',(0.,1.,0.));
#5521=DIRECTION('',(0.860920445902004,0.,-0.508739605130066));
#5522=DIRECTION('',(-0.508739605130066,0.,-0.860920445902004));
#5523=DIRECTION('',(0.,1.,0.));
#5524=DIRECTION('',(0.,1.,0.));
#5525=DIRECTION('',(0.125569087882718,0.,-0.992084877502073));
#5526=DIRECTION('',(-0.992084877502073,0.,-0.125569087882718));
#5527=DIRECTION('',(0.,1.,0.));
#5528=DIRECTION('',(0.,1.,0.));
#5529=DIRECTION('',(0.860920445902004,0.,-0.508739605130066));
#5530=DIRECTION('',(-0.508739605130066,0.,-0.860920445902004));
#5531=DIRECTION('',(0.,1.,0.));
#5532=DIRECTION('',(0.,1.,0.));
#5533=DIRECTION('',(-1.,0.,0.));
#5534=DIRECTION('',(0.,0.,1.));
#5535=DIRECTION('',(0.,1.,0.));
#5536=DIRECTION('',(0.,1.,0.));
#5537=DIRECTION('',(-0.396369942640227,0.,-0.91809088252274));
#5538=DIRECTION('',(-0.91809088252274,0.,0.396369942640227));
#5539=DIRECTION('',(0.,1.,0.));
#5540=DIRECTION('',(0.,1.,0.));
#5541=DIRECTION('',(0.,0.,1.));
#5542=DIRECTION('',(1.,0.,0.));
#5543=DIRECTION('',(0.,-1.,0.));
#5544=DIRECTION('',(0.,1.,0.));
#5545=DIRECTION('',(0.,1.,0.));
#5546=DIRECTION('',(0.,0.,1.));
#5547=DIRECTION('',(0.,1.,0.));
#5548=DIRECTION('',(0.,1.,0.));
#5549=DIRECTION('',(0.890297902747,0.,-0.455378572579226));
#5550=DIRECTION('',(-0.455378572579226,0.,-0.890297902747));
#5551=DIRECTION('',(0.,-1.,0.));
#5552=DIRECTION('',(0.,1.,0.));
#5553=DIRECTION('',(-1.,0.,0.));
#5554=DIRECTION('',(0.,0.,1.));
#5555=DIRECTION('',(0.,1.,0.));
#5556=DIRECTION('',(0.,1.,0.));
#5557=DIRECTION('',(-0.161228235779542,0.,0.986917147478661));
#5558=DIRECTION('',(0.986917147478661,0.,0.161228235779542));
#5559=DIRECTION('',(0.,1.,0.));
#5560=DIRECTION('',(0.,1.,0.));
#5561=DIRECTION('',(1.,0.,-5.58464038076374E-9));
#5562=DIRECTION('',(-5.58464038076374E-9,0.,-1.));
#5563=DIRECTION('',(0.,1.,0.));
#5564=DIRECTION('',(0.859571261814629,0.,0.511015895899929));
#5565=DIRECTION('',(0.511015895899929,0.,-0.859571261814629));
#5566=DIRECTION('',(-0.0951689135271209,0.,0.995461138316342));
#5567=DIRECTION('',(0.995461138316342,0.,0.0951689135271209));
#5568=DIRECTION('',(0.,1.,0.));
#5569=DIRECTION('',(0.,1.,0.));
#5570=DIRECTION('',(1.,0.,-5.58463961163429E-9));
#5571=DIRECTION('',(-5.58463961163429E-9,0.,-1.));
#5572=DIRECTION('',(0.,1.,0.));
#5573=DIRECTION('',(0.,1.,0.));
#5574=DIRECTION('',(0.871354212049365,0.,0.490654498750221));
#5575=DIRECTION('',(0.490654498750221,0.,-0.871354212049365));
#5576=DIRECTION('',(0.,1.,0.));
#5577=DIRECTION('',(0.,1.,0.));
#5578=DIRECTION('',(0.976205654817293,0.,-0.216846765027151));
#5579=DIRECTION('',(-0.216846765027151,0.,-0.976205654817293));
#5580=DIRECTION('',(0.,1.,0.));
#5581=DIRECTION('',(0.,1.,0.));
#5582=DIRECTION('',(0.871354212049365,0.,0.49065449875022));
#5583=DIRECTION('',(0.49065449875022,0.,-0.871354212049365));
#5584=DIRECTION('',(0.,1.,0.));
#5585=DIRECTION('',(0.,1.,0.));
#5586=DIRECTION('',(-0.269971383833058,0.,0.962868346094763));
#5587=DIRECTION('',(0.962868346094763,0.,0.269971383833058));
#5588=DIRECTION('',(0.,-1.,0.));
#5589=DIRECTION('',(0.,1.,0.));
#5590=DIRECTION('',(-0.914139131696299,0.,-0.405400601752806));
#5591=DIRECTION('',(-0.405400601752806,0.,0.914139131696299));
#5592=DIRECTION('',(0.,1.,0.));
#5593=DIRECTION('',(0.,1.,0.));
#5594=DIRECTION('',(-0.325745753064872,0.,0.945457404836516));
#5595=DIRECTION('',(0.945457404836516,0.,0.325745753064872));
#5596=DIRECTION('',(0.,1.,0.));
#5597=DIRECTION('',(0.,1.,0.));
#5598=DIRECTION('',(0.9166959740693,0.,-0.399585399038974));
#5599=DIRECTION('',(-0.399585399038974,0.,-0.9166959740693));
#5600=DIRECTION('',(0.,1.,0.));
#5601=DIRECTION('',(0.,1.,0.));
#5602=DIRECTION('',(-0.925152919439022,0.,0.379594620158736));
#5603=DIRECTION('',(0.379594620158736,0.,0.925152919439022));
#5604=DIRECTION('',(0.,1.,0.));
#5605=DIRECTION('',(0.,1.,0.));
#5606=DIRECTION('',(0.887982138543464,0.,0.459877942097439));
#5607=DIRECTION('',(0.459877942097439,0.,-0.887982138543464));
#5608=DIRECTION('',(0.,1.,0.));
#5609=DIRECTION('',(0.,1.,0.));
#5610=DIRECTION('',(0.287347892951372,0.,-0.957826283005643));
#5611=DIRECTION('',(-0.957826283005643,0.,-0.287347892951372));
#5612=DIRECTION('',(0.,1.,0.));
#5613=DIRECTION('',(0.,1.,0.));
#5614=DIRECTION('',(-0.925152919439022,0.,0.379594620158736));
#5615=DIRECTION('',(0.379594620158736,0.,0.925152919439022));
#5616=DIRECTION('',(0.,1.,0.));
#5617=DIRECTION('',(0.,1.,0.));
#5618=DIRECTION('',(0.657821869349283,0.,0.753173544547214));
#5619=DIRECTION('',(0.753173544547214,0.,-0.657821869349283));
#5620=DIRECTION('',(0.,1.,0.));
#5621=DIRECTION('',(0.,1.,0.));
#5622=DIRECTION('',(0.187112115050984,0.,-0.982338565058477));
#5623=DIRECTION('',(-0.982338565058477,0.,-0.187112115050984));
#5624=DIRECTION('',(0.,1.,0.));
#5625=DIRECTION('',(0.,1.,0.));
#5626=DIRECTION('',(0.,1.,0.));
#5627=DIRECTION('',(0.,0.,1.));
#5628=DIRECTION('',(0.,1.,0.));
#5629=DIRECTION('',(0.,1.,0.));
#5630=DIRECTION('',(1.,0.,-5.58463982661037E-9));
#5631=DIRECTION('',(-5.58463982661037E-9,0.,-1.));
#5632=DIRECTION('',(0.,1.,0.));
#5633=DIRECTION('',(0.,1.,0.));
#5634=DIRECTION('',(-0.161228235779542,0.,0.986917147478661));
#5635=DIRECTION('',(0.986917147478661,0.,0.161228235779542));
#5636=DIRECTION('',(0.,1.,0.));
#5637=DIRECTION('',(0.,1.,0.));
#5638=DIRECTION('',(0.887982138543464,0.,0.45987794209744));
#5639=DIRECTION('',(0.45987794209744,0.,-0.887982138543464));
#5640=DIRECTION('',(0.,1.,0.));
#5641=DIRECTION('',(0.,1.,0.));
#5642=DIRECTION('',(-0.269971383833058,0.,0.962868346094763));
#5643=DIRECTION('',(0.962868346094763,0.,0.269971383833058));
#5644=DIRECTION('',(0.,1.,0.));
#5645=DIRECTION('',(0.,1.,0.));
#5646=DIRECTION('',(0.,0.,1.));
#5647=DIRECTION('',(1.,0.,0.));
#5648=DIRECTION('',(0.,1.,0.));
#5649=DIRECTION('',(0.,1.,0.));
#5650=DIRECTION('',(0.999096549832673,0.,-0.0424980483369442));
#5651=DIRECTION('',(-0.0424980483369442,0.,-0.999096549832673));
#5652=DIRECTION('',(0.,1.,0.));
#5653=DIRECTION('',(0.,1.,0.));
#5654=DIRECTION('',(0.287347892951372,0.,-0.957826283005643));
#5655=DIRECTION('',(-0.957826283005643,0.,-0.287347892951372));
#5656=DIRECTION('',(0.,1.,0.));
#5657=DIRECTION('',(0.,1.,0.));
#5658=DIRECTION('',(0.859571261814629,0.,0.511015895899929));
#5659=DIRECTION('',(0.511015895899929,0.,-0.859571261814629));
#5660=DIRECTION('',(0.,1.,0.));
#5661=DIRECTION('',(0.,1.,0.));
#5662=DIRECTION('',(0.,1.,0.));
#5663=DIRECTION('',(0.,0.,1.));
#5664=DIRECTION('',(0.,-1.,0.));
#5665=DIRECTION('',(0.,0.,-1.));
#5666=DIRECTION('',(0.,1.,0.));
#5667=DIRECTION('',(0.,0.,1.));
#5668=DIRECTION('',(0.,-1.,0.));
#5669=DIRECTION('',(0.,0.,-1.));
#5670=DIRECTION('',(0.,1.,0.));
#5671=DIRECTION('',(0.,0.,1.));
#5672=DIRECTION('',(0.,-1.,0.));
#5673=DIRECTION('',(0.,0.,-1.));
#5674=DIRECTION('',(0.,1.,0.));
#5675=DIRECTION('',(0.,0.,1.));
#5676=DIRECTION('',(0.,1.,0.));
#5677=DIRECTION('',(0.,0.,1.));
#5678=DIRECTION('',(0.,1.,0.));
#5679=DIRECTION('',(0.,0.,1.));
#5680=DIRECTION('',(0.,-1.,0.));
#5681=DIRECTION('',(0.,0.,-1.));
#5682=DIRECTION('',(0.,-1.,0.));
#5683=DIRECTION('',(0.,0.,-1.));
#5684=DIRECTION('',(0.,-1.,0.));
#5685=DIRECTION('',(0.,0.,-1.));
#5686=DIRECTION('',(0.,1.,0.));
#5687=DIRECTION('',(0.,0.,1.));
#5688=DIRECTION('',(0.,1.,0.));
#5689=DIRECTION('',(0.,0.,1.));
#5690=DIRECTION('',(0.,-1.,0.));
#5691=DIRECTION('',(0.,0.,-1.));
#5692=DIRECTION('',(0.,1.,0.));
#5693=DIRECTION('',(0.,0.,1.));
#5694=DIRECTION('',(0.,1.,0.));
#5695=DIRECTION('',(0.,0.,1.));
#5696=DIRECTION('',(0.,-1.,0.));
#5697=DIRECTION('',(0.,0.,-1.));
#5698=DIRECTION('',(0.,-1.,0.));
#5699=DIRECTION('',(0.,0.,-1.));
#5700=DIRECTION('',(0.,1.,0.));
#5701=DIRECTION('',(0.,0.,1.));
#5702=DIRECTION('',(0.,1.,0.));
#5703=DIRECTION('',(0.,0.,1.));
#5704=DIRECTION('',(0.,-1.,0.));
#5705=DIRECTION('',(0.,0.,-1.));
#5706=DIRECTION('',(0.,-1.,0.));
#5707=DIRECTION('',(0.,0.,-1.));
#5708=DIRECTION('',(0.,-1.,0.));
#5709=DIRECTION('',(0.,0.,-1.));
#5710=DIRECTION('',(0.,1.,0.));
#5711=DIRECTION('',(0.,0.,1.));
#5712=DIRECTION('',(0.,1.,0.));
#5713=DIRECTION('',(0.,0.,1.));
#5714=DIRECTION('',(0.,-1.,0.));
#5715=DIRECTION('',(0.,0.,-1.));
#5716=DIRECTION('',(0.,-1.,0.));
#5717=DIRECTION('',(0.,0.,-1.));
#5718=DIRECTION('',(0.,-1.,0.));
#5719=DIRECTION('',(0.,0.,-1.));
#5720=DIRECTION('',(0.,-1.,0.));
#5721=DIRECTION('',(0.,0.,-1.));
#5722=DIRECTION('',(0.,-1.,0.));
#5723=DIRECTION('',(0.,0.,-1.));
#5724=DIRECTION('',(0.,1.,0.));
#5725=DIRECTION('',(0.,0.,1.));
#5726=DIRECTION('',(0.,-1.,0.));
#5727=DIRECTION('',(0.,0.,-1.));
#5728=DIRECTION('',(0.,1.,0.));
#5729=DIRECTION('',(0.,0.,1.));
#5730=DIRECTION('',(0.,1.,0.));
#5731=DIRECTION('',(0.,0.,1.));
#5732=DIRECTION('',(0.,1.,0.));
#5733=DIRECTION('',(0.,0.,1.));
#5734=DIRECTION('',(0.,-1.,0.));
#5735=DIRECTION('',(0.,0.,-1.));
#5736=DIRECTION('',(0.,1.,0.));
#5737=DIRECTION('',(0.,0.,1.));
#5738=DIRECTION('',(0.,1.,0.));
#5739=DIRECTION('',(0.,0.,1.));
#5740=DIRECTION('',(0.,1.,0.));
#5741=DIRECTION('',(0.,0.,1.));
#5742=DIRECTION('',(0.,1.,0.));
#5743=DIRECTION('',(0.,0.,1.));
#5744=DIRECTION('',(0.,-1.,0.));
#5745=DIRECTION('',(0.,0.,-1.));
#5746=DIRECTION('',(0.,1.,0.));
#5747=DIRECTION('',(0.,0.,1.));
#5748=DIRECTION('',(0.,1.,0.));
#5749=DIRECTION('',(0.,0.,1.));
#5750=DIRECTION('',(0.,1.,0.));
#5751=DIRECTION('',(0.,0.,1.));
#5752=DIRECTION('',(0.,-1.,0.));
#5753=DIRECTION('',(0.,0.,-1.));
#5754=DIRECTION('',(0.,1.,0.));
#5755=DIRECTION('',(0.,0.,1.));
#5756=DIRECTION('',(0.,-1.,0.));
#5757=DIRECTION('',(0.,0.,-1.));
#5758=DIRECTION('',(0.,1.,0.));
#5759=DIRECTION('',(0.,0.,1.));
#5760=DIRECTION('',(0.,1.,0.));
#5761=DIRECTION('',(0.,0.,1.));
#5762=DIRECTION('',(0.,1.,0.));
#5763=DIRECTION('',(0.,0.,1.));
#5764=DIRECTION('',(0.,1.,0.));
#5765=DIRECTION('',(0.,1.,0.));
#5766=DIRECTION('',(0.,0.,1.));
#5767=DIRECTION('',(0.,-1.,0.));
#5768=DIRECTION('',(0.,0.,-1.));
#5769=DIRECTION('',(0.,-1.,0.));
#5770=DIRECTION('',(0.,0.,-1.));
#5771=DIRECTION('',(0.,1.,0.));
#5772=DIRECTION('',(0.,0.,1.));
#5773=DIRECTION('',(0.,1.,0.));
#5774=DIRECTION('',(0.,0.,1.));
#5775=DIRECTION('',(0.,1.,0.));
#5776=DIRECTION('',(0.,0.,1.));
#5777=DIRECTION('',(0.,1.,0.));
#5778=DIRECTION('',(0.,0.,1.));
#5779=DIRECTION('',(0.,1.,0.));
#5780=DIRECTION('',(0.,0.,1.));
#5781=DIRECTION('',(0.,1.,0.));
#5782=DIRECTION('',(0.,0.,1.));
#5783=DIRECTION('',(0.,1.,0.));
#5784=DIRECTION('',(0.,0.,1.));
#5785=DIRECTION('',(0.,-1.,0.));
#5786=DIRECTION('',(0.,0.,-1.));
#5787=DIRECTION('',(0.,1.,0.));
#5788=DIRECTION('',(0.,0.,1.));
#5789=DIRECTION('',(0.,1.,0.));
#5790=DIRECTION('',(0.,0.,1.));
#5791=DIRECTION('',(0.,1.,0.));
#5792=DIRECTION('',(0.,0.,1.));
#5793=DIRECTION('',(0.,-1.,0.));
#5794=DIRECTION('',(0.,0.,-1.));
#5795=DIRECTION('',(0.,1.,0.));
#5796=DIRECTION('',(0.,0.,1.));
#5797=DIRECTION('',(0.,-1.,0.));
#5798=DIRECTION('',(0.,0.,-1.));
#5799=DIRECTION('',(0.,-1.,0.));
#5800=DIRECTION('',(0.,0.,-1.));
#5801=DIRECTION('',(0.,-1.,0.));
#5802=DIRECTION('',(0.,0.,-1.));
#5803=DIRECTION('',(0.,1.,0.));
#5804=DIRECTION('',(0.,0.,1.));
#5805=DIRECTION('',(0.,-1.,0.));
#5806=DIRECTION('',(0.,0.,-1.));
#5807=DIRECTION('',(0.,1.,0.));
#5808=DIRECTION('',(0.,0.,1.));
#5809=DIRECTION('',(0.,-1.,0.));
#5810=DIRECTION('',(0.,0.,-1.));
#5811=DIRECTION('',(0.,-1.,0.));
#5812=DIRECTION('',(0.,0.,-1.));
#5813=DIRECTION('',(0.,-1.,0.));
#5814=DIRECTION('',(0.,0.,-1.));
#5815=DIRECTION('',(0.,1.,0.));
#5816=DIRECTION('',(0.,0.,1.));
#5817=DIRECTION('',(0.,-1.,0.));
#5818=DIRECTION('',(0.,0.,-1.));
#5819=DIRECTION('',(0.,1.,0.));
#5820=DIRECTION('',(0.,0.,1.));
#5821=DIRECTION('',(0.,1.,0.));
#5822=DIRECTION('',(0.,0.,1.));
#5823=DIRECTION('',(0.,-1.,0.));
#5824=DIRECTION('',(0.,0.,-1.));
#5825=DIRECTION('',(0.,1.,0.));
#5826=DIRECTION('',(0.,0.,1.));
#5827=DIRECTION('',(0.,1.,0.));
#5828=DIRECTION('',(0.,0.,1.));
#5829=DIRECTION('',(0.,1.,0.));
#5830=DIRECTION('',(0.,0.,1.));
#5831=DIRECTION('',(0.,1.,0.));
#5832=DIRECTION('',(0.,0.,1.));
#5833=DIRECTION('',(0.,1.,0.));
#5834=DIRECTION('',(0.,0.,1.));
#5835=DIRECTION('',(0.,1.,0.));
#5836=DIRECTION('',(0.,0.,1.));
#5837=DIRECTION('',(0.,1.,0.));
#5838=DIRECTION('',(0.,1.,0.));
#5839=DIRECTION('',(0.,0.,1.));
#5840=DIRECTION('',(0.,-1.,0.));
#5841=DIRECTION('',(0.,0.,-1.));
#5842=DIRECTION('',(0.,1.,0.));
#5843=DIRECTION('',(0.,0.,1.));
#5844=CARTESIAN_POINT('',(0.,0.,0.));
#5845=CARTESIAN_POINT('',(0.0405000004688549,0.0856000231355429,0.0327636422514915));
#5846=CARTESIAN_POINT('',(0.0541814159257541,0.0856000231355429,0.0105468703423535));
#5847=CARTESIAN_POINT('',(0.0517354600802816,0.0856000231355429,0.00458555511003661));
#5848=CARTESIAN_POINT('',(0.0565915351174744,0.0856000231355429,0.0164208440184916));
#5849=CARTESIAN_POINT('',(0.0531231894594402,0.0856000231355429,0.0040161631797985));
#5850=CARTESIAN_POINT('',(0.0535542112988672,0.0856000231355429,0.00257942375529004));
#5851=CARTESIAN_POINT('',(0.0576684642909672,0.0856000231355429,0.00381369968749668));
#5852=CARTESIAN_POINT('',(0.0630624122371635,0.0856000231355429,0.00543188411668689));
#5853=CARTESIAN_POINT('',(0.0626313903977364,0.0856000231355429,0.00686862354119536));
#5854=CARTESIAN_POINT('',(0.0639633636055516,0.0856000231355429,0.00755844045434152));
#5855=CARTESIAN_POINT('',(0.0613083848089779,0.0856000231355429,0.0126849610672165));
#5856=CARTESIAN_POINT('',(0.0593112377044482,0.0856000231355429,0.0165412690013997));
#5857=CARTESIAN_POINT('',(0.057979264496633,0.0856000231355429,0.0158514520882536));
#5858=CARTESIAN_POINT('',(0.0771115493132305,0.0856000231355429,0.0628174277119233));
#5859=CARTESIAN_POINT('',(0.0725646436107832,0.0856000231355429,0.0623827306062743));
#5860=CARTESIAN_POINT('',(0.0823116172608412,0.0856000231355429,0.0633145689842369));
#5861=CARTESIAN_POINT('',(0.0727073969810739,0.0856000231355429,0.0608895388987998));
#5862=CARTESIAN_POINT('',(0.0714003656629998,0.0856000231355429,0.0601535571506744));
#5863=CARTESIAN_POINT('',(0.0771115492417116,0.0856000231355429,0.0500110559002559));
#5864=CARTESIAN_POINT('',(0.0811473392111856,0.0856000231355429,0.0428438891916958));
#5865=CARTESIAN_POINT('',(0.0824543705292597,0.0856000231355429,0.0435798709398212));
#5866=CARTESIAN_POINT('',(0.0839543705292597,0.0856000231355429,0.0435798709314442));
#5867=CARTESIAN_POINT('',(0.0839543705688289,0.0856000231355429,0.0506652490637011));
#5868=CARTESIAN_POINT('',(0.0839543706311319,0.0856000231355429,0.0618213772683854));
#5869=CARTESIAN_POINT('',(0.0824543706311319,0.0856000231355429,0.0618213772767624));
#5870=CARTESIAN_POINT('',(0.0781900731289408,0.0856000231355429,0.00348960021793347));
#5871=CARTESIAN_POINT('',(0.0724257759472528,0.0856000231355429,0.00254791279514741));
#5872=CARTESIAN_POINT('',(0.0839543703106289,0.0856000231355429,0.00443128764071953));
#5873=CARTESIAN_POINT('',(0.078190073069533,0.0856000231355429,-0.00714811464867048));
#5874=CARTESIAN_POINT('',(0.0839543701918133,0.0856000231355429,-0.0168441420924883));
#5875=CARTESIAN_POINT('',(0.0839543702512211,0.0856000231355429,-0.00620642722588442));
#5876=CARTESIAN_POINT('',(0.0105517751532259,0.0856000231355429,-0.0347733278439254));
#5877=CARTESIAN_POINT('',(0.0147375389392794,0.0856000231355429,-0.0276899209520866));
#5878=CARTESIAN_POINT('',(0.00829138066885304,0.0856000231355429,-0.038598506398489));
#5879=CARTESIAN_POINT('',(0.0134461582704264,0.0856000231355429,-0.0269268115443915));
#5880=CARTESIAN_POINT('',(0.0140407131843867,0.0856000231355429,-0.0255496752206073));
#5881=CARTESIAN_POINT('',(0.0105517751532259,0.0856000231355429,-0.0240433862533467));
#5882=CARTESIAN_POINT('',(0.00759455491396037,0.0856000231355429,-0.022766657294454));
#5883=CARTESIAN_POINT('',(0.007,0.0856000231355429,-0.0241437936182382));
#5884=CARTESIAN_POINT('',(0.0055,0.0856000231355429,-0.0241437936182382));
#5885=CARTESIAN_POINT('',(0.0055,0.0856000231355429,-0.0325923108380563));
#5886=CARTESIAN_POINT('',(0.0055,0.0856000231355429,-0.0378353969907939));
#5887=CARTESIAN_POINT('',(0.007,0.0856000231355429,-0.0378353969907939));
#5888=CARTESIAN_POINT('',(0.029861429891187,0.0856000231355429,-0.0466425327444812));
#5889=CARTESIAN_POINT('',(0.0397352702578922,0.0856000231355429,-0.0273384637788583));
#5890=CARTESIAN_POINT('',(0.0294640568749629,0.0856000231355429,-0.0474194256073773));
#5891=CARTESIAN_POINT('',(0.0383998234037717,0.0856000231355429,-0.0266553959199895));
#5892=CARTESIAN_POINT('',(0.0382114697719476,0.0856000231355429,-0.0251672686037364));
#5893=CARTESIAN_POINT('',(0.030878255442451,0.0856000231355429,-0.0260954402304644));
#5894=CARTESIAN_POINT('',(0.0214574735977253,0.0856000231355429,-0.0272878371817846));
#5895=CARTESIAN_POINT('',(0.0216458272295493,0.0856000231355429,-0.0287759644980377));
#5896=CARTESIAN_POINT('',(0.0203544465606963,0.0856000231355429,-0.0280128550903425));
#5897=CARTESIAN_POINT('',(0.0145661060900952,0.0856000231355429,-0.0378082408018766));
#5898=CARTESIAN_POINT('',(0.00974119720215424,0.0856000231355429,-0.0459732483408133));
#5899=CARTESIAN_POINT('',(0.0110325778710072,0.0856000231355429,-0.0467363577485084));
#5900=CARTESIAN_POINT('',(0.0110325778710072,0.0856000231355429,-0.0482363577485084));
#5901=CARTESIAN_POINT('',(0.0187250364690901,0.0856000231355429,-0.0482363577485084));
#5902=CARTESIAN_POINT('',(0.0281286100208424,0.0856000231355429,-0.0482363577485084));
#5903=CARTESIAN_POINT('',(0.0281286100208424,0.0856000231355429,-0.0467363577485084));
#5904=CARTESIAN_POINT('',(0.0837353516522129,0.0856000231355429,0.0865450866437889));
#5905=CARTESIAN_POINT('',(0.0658616408909395,0.0856000231355429,0.0897260431689468));
#5906=CARTESIAN_POINT('',(0.0827171937106072,0.0856000231355429,0.0867262866302522));
#5907=CARTESIAN_POINT('',(0.0655988179423018,0.0856000231355429,0.0882492479571218));
#5908=CARTESIAN_POINT('',(0.0645848308598539,0.0856000231355429,0.0871438836748018));
#5909=CARTESIAN_POINT('',(0.072369731784821,0.0856000231355429,0.0800025375119915));
#5910=CARTESIAN_POINT('',(0.0814403836099236,0.0856000231355429,0.0716817296777342));
#5911=CARTESIAN_POINT('',(0.0824543706923715,0.0856000231355429,0.0727870939600542));
#5912=CARTESIAN_POINT('',(0.0839543706923715,0.0856000231355429,0.0727870939516772));
#5913=CARTESIAN_POINT('',(0.0839543707211533,0.0856000231355429,0.0779408373251469));
#5914=CARTESIAN_POINT('',(0.0839543707619695,0.0856000231355429,0.0852494914100502));
#5915=CARTESIAN_POINT('',(0.0824543707619694,0.0856000231355429,0.0852494914184272));
#5916=CARTESIAN_POINT('',(0.0839543704688549,0.0856000231355429,0.0327636422514915));
#5917=CARTESIAN_POINT('',(0.0839543704688549,0.0856000231355429,0.0352636422514915));
#5918=CARTESIAN_POINT('',(0.0839543709377098,0.0856000231355429,0.116718012251492));
#5919=CARTESIAN_POINT('',(0.0839543709377098,0.0856000231355429,0.119218012251492));
#5920=CARTESIAN_POINT('',(0.0005,0.0856000231355429,0.0762657355235956));
#5921=CARTESIAN_POINT('',(0.0005,0.0856000231355429,0.0787657355235956));
#5922=CARTESIAN_POINT('',(0.0005,0.0856000231355429,0.0362657355235956));
#5923=CARTESIAN_POINT('',(0.0005,0.0856000231355429,0.0387657355235956));
#5924=CARTESIAN_POINT('',(0.08395437,0.0856000231355429,-0.0511907277485084));
#5925=CARTESIAN_POINT('',(0.08395437,0.0856000231355429,-0.0486907277485084));
#5926=CARTESIAN_POINT('',(0.0369087409377098,0.0856000231355429,-0.0482363577485084));
#5927=CARTESIAN_POINT('',(0.0369087409377098,0.0856000231355429,-0.0457363577485084));
#5928=CARTESIAN_POINT('',(0.022,0.0856000231355429,0.0904749123031996));
#5929=CARTESIAN_POINT('',(0.022,0.0856000231355429,0.0996840890828037));
#5930=CARTESIAN_POINT('',(0.022,0.0856000231355429,0.0812657355235956));
#5931=CARTESIAN_POINT('',(0.016,0.0856000231355429,0.0996840890828037));
#5932=CARTESIAN_POINT('',(0.01,0.0856000231355429,0.0996840890828037));
#5933=CARTESIAN_POINT('',(0.01,0.0856000231355429,0.0904749123031996));
#5934=CARTESIAN_POINT('',(0.01,0.0856000231355429,0.0812657355235956));
#5935=CARTESIAN_POINT('',(0.016,0.0856000231355429,0.0812657355235956));
#5936=CARTESIAN_POINT('',(0.005,0.0856000231355429,0.0997371435934424));
#5937=CARTESIAN_POINT('',(0.005,0.0856000231355429,0.116208551663289));
#5938=CARTESIAN_POINT('',(0.005,0.0856000231355429,0.0832657355235956));
#5939=CARTESIAN_POINT('',(0.0005,0.0856000231355429,0.116208551663289));
#5940=CARTESIAN_POINT('',(-0.004,0.0856000231355429,0.116208551663289));
#5941=CARTESIAN_POINT('',(-0.004,0.0856000231355429,0.0997371435934424));
#5942=CARTESIAN_POINT('',(-0.004,0.0856000231355429,0.0832657355235956));
#5943=CARTESIAN_POINT('',(0.0005,0.0856000231355429,0.0832657355235956));
#5944=CARTESIAN_POINT('',(-0.002,0.0856000231355429,-0.0366393272833418));
#5945=CARTESIAN_POINT('',(-0.002,0.0856000231355429,-0.0516393272833418));
#5946=CARTESIAN_POINT('',(-0.002,0.0856000231355429,-0.0216393272833417));
#5947=CARTESIAN_POINT('',(0.000500000000000014,0.0856000231355429,-0.0516393272833418));
#5948=CARTESIAN_POINT('',(0.003,0.0856000231355429,-0.0516393272833418));
#5949=CARTESIAN_POINT('',(0.003,0.0856000231355429,-0.0366393272833418));
#5950=CARTESIAN_POINT('',(0.003,0.0856000231355429,-0.0216393272833417));
#5951=CARTESIAN_POINT('',(0.000500000000000017,0.0856000231355429,-0.0216393272833417));
#5952=CARTESIAN_POINT('',(0.0479087409377098,0.0856000231355429,-0.0387363577485084));
#5953=CARTESIAN_POINT('',(0.0479087409377098,0.0856000231355429,-0.0517363577485085));
#5954=CARTESIAN_POINT('',(0.0479087409377098,0.0856000231355429,-0.0257363577485085));
#5955=CARTESIAN_POINT('',(0.0494087409377098,0.0856000231355429,-0.0517363577485085));
#5956=CARTESIAN_POINT('',(0.0494087409377098,0.0856000231355429,-0.0532363577485085));
#5957=CARTESIAN_POINT('',(0.0629087409377098,0.0856000231355429,-0.0532363577485085));
#5958=CARTESIAN_POINT('',(0.0764087409377098,0.0856000231355429,-0.0532363577485085));
#5959=CARTESIAN_POINT('',(0.0764087409377098,0.0856000231355429,-0.0517363577485085));
#5960=CARTESIAN_POINT('',(0.0779087409377098,0.0856000231355429,-0.0517363577485085));
#5961=CARTESIAN_POINT('',(0.0779087409377098,0.0856000231355429,-0.0387363577485084));
#5962=CARTESIAN_POINT('',(0.0779087409377098,0.0856000231355429,-0.0257363577485085));
#5963=CARTESIAN_POINT('',(0.0764087409377098,0.0856000231355429,-0.0257363577485085));
#5964=CARTESIAN_POINT('',(0.0764087409377098,0.0856000231355429,-0.0242363577485084));
#5965=CARTESIAN_POINT('',(0.0629087409377098,0.0856000231355429,-0.0242363577485084));
#5966=CARTESIAN_POINT('',(0.0494087409377098,0.0856000231355429,-0.0242363577485084));
#5967=CARTESIAN_POINT('',(0.0494087409377098,0.0856000231355429,-0.0257363577485085));
#5968=CARTESIAN_POINT('',(0.0405000004688549,0.0856000231355429,0.122763642251492));
#5969=CARTESIAN_POINT('',(0.0940000009377098,0.0856000231355429,0.122763642251492));
#5970=CARTESIAN_POINT('',(-0.013,0.0856000231355429,0.122763642251492));
#5971=CARTESIAN_POINT('',(0.0940000009377098,0.0856000231355429,0.0327636422514915));
#5972=CARTESIAN_POINT('',(0.0940000009377098,0.0856000231355429,-0.0572363577485084));
#5973=CARTESIAN_POINT('',(0.0405000004688549,0.0856000231355429,-0.0572363577485084));
#5974=CARTESIAN_POINT('',(-0.013,0.0856000231355429,-0.0572363577485084));
#5975=CARTESIAN_POINT('',(-0.013,0.0856000231355429,0.0327636422514915));
#5976=CARTESIAN_POINT('',(0.0326159650223787,0.0856000231355429,0.00635347113771317));
#5977=CARTESIAN_POINT('',(0.0241152810788427,0.0856000231355429,0.0137779695723282));
#5978=CARTESIAN_POINT('',(0.0410857889322511,0.0856000231355429,-0.00104407413958549));
#5979=CARTESIAN_POINT('',(0.0231285482748189,0.0856000231355429,0.0126482092555074));
#5980=CARTESIAN_POINT('',(0.0218818928370189,0.0856000231355429,0.0134823856273878));
#5981=CARTESIAN_POINT('',(0.0127592973680557,0.0856000231355429,-0.000151102003764845));
#5982=CARTESIAN_POINT('',(0.00368993122646661,0.0856000231355429,-0.0137050397547504));
#5983=CARTESIAN_POINT('',(0.0049365866642666,0.0856000231355429,-0.0145392161266309));
#5984=CARTESIAN_POINT('',(0.00434203175030626,0.0856000231355429,-0.015916352450415));
#5985=CARTESIAN_POINT('',(0.0126300212737494,0.0856000231355429,-0.0194945493310801));
#5986=CARTESIAN_POINT('',(0.0179165111715803,0.0856000231355429,-0.0217769003896306));
#5987=CARTESIAN_POINT('',(0.0185110660855407,0.0856000231355429,-0.0203997640658465));
#5988=CARTESIAN_POINT('',(0.0194787155502751,0.0856000231355429,-0.0215459117497857));
#5989=CARTESIAN_POINT('',(0.0305852648833167,0.0856000231355429,-0.0121690690725598));
#5990=CARTESIAN_POINT('',(0.0410667055929617,0.0856000231355429,-0.00331998214034549));
#5991=CARTESIAN_POINT('',(0.0400990561282272,0.0856000231355429,-0.00217383445640632));
#5992=CARTESIAN_POINT('',(0.0397926928646046,0.0856000231355429,0.107922870413658));
#5993=CARTESIAN_POINT('',(0.0490650561191887,0.0856000231355429,0.100665206342185));
#5994=CARTESIAN_POINT('',(0.0319815366110301,0.0856000231355429,0.114036818556295));
#5995=CARTESIAN_POINT('',(0.0499896000361709,0.0856000231355429,0.101846400037381));
#5996=CARTESIAN_POINT('',(0.051466395247996,0.0856000231355429,0.101583577088743));
#5997=CARTESIAN_POINT('',(0.052594589428606,0.0856000231355429,0.107922870413658));
#5998=CARTESIAN_POINT('',(0.0538461202918025,0.0856000231355429,0.114955189302854));
#5999=CARTESIAN_POINT('',(0.0523693250799774,0.0856000231355429,0.115218012251492));
#6000=CARTESIAN_POINT('',(0.0523693250799774,0.0856000231355429,0.116718012251492));
#6001=CARTESIAN_POINT('',(0.0413579505882197,0.0856000231355429,0.116718012251492));
#6002=CARTESIAN_POINT('',(0.0329060805280123,0.0856000231355429,0.116718012251492));
#6003=CARTESIAN_POINT('',(0.0329060805280123,0.0856000231355429,0.115218012251492));
#6004=CARTESIAN_POINT('',(0.0577264926069274,0.0856000231355429,0.108222578036995));
#6005=CARTESIAN_POINT('',(0.0569339226873901,0.0856000231355429,0.103769148577064));
#6006=CARTESIAN_POINT('',(0.0590182333535871,0.0856000231355429,0.115480835200129));
#6007=CARTESIAN_POINT('',(0.0584107178992151,0.0856000231355429,0.103506325628426));
#6008=CARTESIAN_POINT('',(0.059278447996286,0.0856000231355429,0.102282787938514));
#6009=CARTESIAN_POINT('',(0.0678743226275063,0.0856000231355429,0.108378962326643));
#6010=CARTESIAN_POINT('',(0.0757924424331968,0.0856000231355429,0.113994474561579));
#6011=CARTESIAN_POINT('',(0.0749247123361259,0.0856000231355429,0.115218012251492));
#6012=CARTESIAN_POINT('',(0.0749247123361259,0.0856000231355429,0.116718012251492));
#6013=CARTESIAN_POINT('',(0.0693463913841639,0.0856000231355429,0.116718012251492));
#6014=CARTESIAN_POINT('',(0.0604950285654122,0.0856000231355429,0.116718012251492));
#6015=CARTESIAN_POINT('',(0.0604950285654122,0.0856000231355429,0.115218012251492));
#6016=CARTESIAN_POINT('',(0.083954370854964,0.0856000231355429,0.101901342538407));
#6017=CARTESIAN_POINT('',(0.083954370905266,0.0856000231355429,0.11090853723218));
#6018=CARTESIAN_POINT('',(0.0839543708073486,0.0856000231355429,0.0933751948874089));
#6019=CARTESIAN_POINT('',(0.082454370905266,0.0856000231355429,0.110908537240557));
#6020=CARTESIAN_POINT('',(0.0828911049262887,0.0856000231355429,0.112343550618502));
#6021=CARTESIAN_POINT('',(0.0826204332663278,0.0856000231355429,0.110868173767493));
#6022=CARTESIAN_POINT('',(0.0817527031692569,0.0856000231355429,0.112091711457406));
#6023=CARTESIAN_POINT('',(0.070713847675504,0.0856000231355429,0.10426298069732));
#6024=CARTESIAN_POINT('',(0.0620015741046923,0.0856000231355429,0.0980842564507079));
#6025=CARTESIAN_POINT('',(0.0628693042017632,0.0856000231355429,0.096860718760795));
#6026=CARTESIAN_POINT('',(0.0626064812531254,0.0856000231355429,0.09538392354897));
#6027=CARTESIAN_POINT('',(0.0715167588029176,0.0856000231355429,0.0937981753016396));
#6028=CARTESIAN_POINT('',(0.0821915478587108,0.0856000231355429,0.0918983996839608));
#6029=CARTESIAN_POINT('',(0.0824543708073486,0.0856000231355429,0.0933751948957858));
#6030=CARTESIAN_POINT('',(0.02581757984418,0.0856000231355429,0.0689381391720629));
#6031=CARTESIAN_POINT('',(0.0276034266801032,0.0856000231355429,0.0645706983164834));
#6032=CARTESIAN_POINT('',(0.0226094017194792,0.0856000231355429,0.076784012587378));
#6033=CARTESIAN_POINT('',(0.0212209884452807,0.0856000231355429,0.0762162903137006));
#6034=CARTESIAN_POINT('',(0.0207900747107449,0.0856000231355429,0.0776530621652443));
#6035=CARTESIAN_POINT('',(0.0152978026245496,0.0856000231355429,0.0760058309272393));
#6036=CARTESIAN_POINT('',(0.0115531382195441,0.0856000231355429,0.0748827386829066));
#6037=CARTESIAN_POINT('',(0.0119840519540799,0.0856000231355429,0.0734459668313629));
#6038=CARTESIAN_POINT('',(0.0111546982233966,0.0856000231355429,0.0721960978824719));
#6039=CARTESIAN_POINT('',(0.0189697034068481,0.0856000231355429,0.0670104312492176));
#6040=CARTESIAN_POINT('',(0.0253856596752214,0.0856000231355429,0.062753107093915));
#6041=CARTESIAN_POINT('',(0.0262150134059047,0.0856000231355429,0.064002976042806));
#6042=CARTESIAN_POINT('',(0.0412072785329042,0.0856000231355429,0.0743447025109748));
#6043=CARTESIAN_POINT('',(0.0457200994014661,0.0856000231355429,0.0846976451656763));
#6044=CARTESIAN_POINT('',(0.0363322716408872,0.0856000231355429,0.0631608624552067));
#6045=CARTESIAN_POINT('',(0.0443450554403622,0.0856000231355429,0.0852970232642348));
#6046=CARTESIAN_POINT('',(0.04361200826276,0.0856000231355429,0.0866057026884673));
#6047=CARTESIAN_POINT('',(0.0375762086478063,0.0856000231355429,0.0832247938192772));
#6048=CARTESIAN_POINT('',(0.0288084343632014,0.0856000231355429,0.0783135893835904));
#6049=CARTESIAN_POINT('',(0.0295414815408036,0.0856000231355429,0.0770049099593579));
#6050=CARTESIAN_POINT('',(0.0281530682666051,0.0856000231355429,0.0764371876856805));
#6051=CARTESIAN_POINT('',(0.0312819958481002,0.0856000231355429,0.0687851282376445));
#6052=CARTESIAN_POINT('',(0.0335688144055847,0.0856000231355429,0.0631925182800878));
#6053=CARTESIAN_POINT('',(0.0349572276797833,0.0856000231355429,0.0637602405537652));
#6054=CARTESIAN_POINT('',(0.0160625188366278,0.0856000231355429,0.0629388718785983));
#6055=CARTESIAN_POINT('',(0.027706399934088,0.0856000231355429,0.0552125448613701));
#6056=CARTESIAN_POINT('',(0.00284413302577641,0.0856000231355429,0.0717099655165096));
#6057=CARTESIAN_POINT('',(0.00201477929509316,0.0856000231355429,0.0704600965676186));
#6058=CARTESIAN_POINT('',(0.00163608447131987,0.0856000231355429,0.0719115063066129));
#6059=CARTESIAN_POINT('',(0.0005,0.0856000231355429,0.0762657355235956));
#6060=CARTESIAN_POINT('',(0.001625,0.0856000231355429,0.0719086292591122));
#6061=CARTESIAN_POINT('',(0.002,0.0856000231355429,0.0704562605042845));
#6062=CARTESIAN_POINT('',(0.0005,0.0856000231355429,0.0704562605042845));
#6063=CARTESIAN_POINT('',(0.0005,0.0856000231355429,0.0562657355235956));
#6064=CARTESIAN_POINT('',(0.0005,0.0856000231355429,0.0420752105429067));
#6065=CARTESIAN_POINT('',(0.002,0.0856000231355429,0.0420752105429067));
#6066=CARTESIAN_POINT('',(0.001625,0.0856000231355429,0.0406228417880789));
#6067=CARTESIAN_POINT('',(0.0005,0.0856000231355429,0.0362657355235957));
#6068=CARTESIAN_POINT('',(0.00215404995070396,0.0856000231355429,0.0404507228306941));
#6069=CARTESIAN_POINT('',(0.00270539993427195,0.0856000231355429,0.041845718599727));
#6070=CARTESIAN_POINT('',(0.00337760173452065,0.0856000231355429,0.0405047694061547));
#6071=CARTESIAN_POINT('',(0.0162937654734964,0.0856000231355429,0.046979487881145));
#6072=CARTESIAN_POINT('',(0.0275492480036534,0.0856000231355429,0.0526217267189067));
#6073=CARTESIAN_POINT('',(0.0268770462034047,0.0856000231355429,0.0539626759124791));
#6074=CARTESIAN_POINT('',(0.0363820931501358,0.0856000231355429,0.0882868868590504));
#6075=CARTESIAN_POINT('',(0.0462984145662223,0.0856000231355429,0.093841441543458));
#6076=CARTESIAN_POINT('',(0.0267330471776022,0.0856000231355429,0.0828820445533285));
#6077=CARTESIAN_POINT('',(0.0455653673886201,0.0856000231355429,0.0951501209676905));
#6078=CARTESIAN_POINT('',(0.0464899113056024,0.0856000231355429,0.0963313146628866));
#6079=CARTESIAN_POINT('',(0.0363820931818543,0.0856000231355429,0.104242905960978));
#6080=CARTESIAN_POINT('',(0.0269245439169822,0.0856000231355429,0.111645518824522));
#6081=CARTESIAN_POINT('',(0.026,0.0856000231355429,0.110464325129326));
#6082=CARTESIAN_POINT('',(0.0245,0.0856000231355429,0.110464325129326));
#6083=CARTESIAN_POINT('',(0.0245,0.0856000231355429,0.0919076543218186));
#6084=CARTESIAN_POINT('',(0.0245,0.0856000231355429,0.084190723977561));
#6085=CARTESIAN_POINT('',(0.026,0.0856000231355429,0.084190723977561));
#6086=CARTESIAN_POINT('',(0.0638341906324423,0.0856000231355429,0.075797121805322));
#6087=CARTESIAN_POINT('',(0.0673212778176891,0.0856000231355429,0.0679340776019132));
#6088=CARTESIAN_POINT('',(0.0628258163225157,0.0856000231355429,0.0780709083071565));
#6089=CARTESIAN_POINT('',(0.0686924865152336,0.0856000231355429,0.0685421785045424));
#6090=CARTESIAN_POINT('',(0.0688352398855242,0.0856000231355429,0.0670489867970679));
#6091=CARTESIAN_POINT('',(0.07294261543791,0.0856000231355429,0.0674416635714014));
#6092=CARTESIAN_POINT('',(0.074771446067038,0.0856000231355429,0.0676165049763543));
#6093=CARTESIAN_POINT('',(0.0746286926967473,0.0856000231355429,0.0691096966838288));
#6094=CARTESIAN_POINT('',(0.0756426797791952,0.0856000231355429,0.0702150609661488));
#6095=CARTESIAN_POINT('',(0.0690173971253893,0.0856000231355429,0.0762926510746562));
#6096=CARTESIAN_POINT('',(0.065211012102508,0.0856000231355429,0.0797843734921057));
#6097=CARTESIAN_POINT('',(0.0641970250200601,0.0856000231355429,0.0786790092097857));
#6098=CARTESIAN_POINT('',(0.025771939385676,0.0856000231355429,0.0356253275239364));
#6099=CARTESIAN_POINT('',(0.0291087590666599,0.0856000231355429,0.044917897236425));
#6100=CARTESIAN_POINT('',(0.0218809739196327,0.0856000231355429,0.0247895403676369));
#6101=CARTESIAN_POINT('',(0.02769701660612,0.0856000231355429,0.0454248323655184));
#6102=CARTESIAN_POINT('',(0.0270248148058713,0.0856000231355429,0.0467657815590908));
#6103=CARTESIAN_POINT('',(0.0177346373460185,0.0856000231355429,0.0421087266586689));
#6104=CARTESIAN_POINT('',(0.00717794360755661,0.0856000231355429,0.036816782288455));
#6105=CARTESIAN_POINT('',(0.00785014540780531,0.0856000231355429,0.0354758330948826));
#6106=CARTESIAN_POINT('',(0.00690836676306859,0.0856000231355429,0.0343083344934625));
#6107=CARTESIAN_POINT('',(0.0131311429195358,0.0856000231355429,0.0292886473709175));
#6108=CARTESIAN_POINT('',(0.0195274528143562,0.0856000231355429,0.0241289768953101));
#6109=CARTESIAN_POINT('',(0.0204692314590929,0.0856000231355429,0.0252964754967302));
#6110=CARTESIAN_POINT('',(0.0104135081933137,0.0856000231355429,0.0250568738641744));
#6111=CARTESIAN_POINT('',(0.0179165290232336,0.0856000231355429,0.0190044599426173));
#6112=CARTESIAN_POINT('',(0.00241117724065378,0.0856000231355429,0.0315120630953769));
#6113=CARTESIAN_POINT('',(0.00146939859591705,0.0856000231355429,0.0303445644939567));
#6114=CARTESIAN_POINT('',(0.00122704894693779,0.0856000231355429,0.0318248572513665));
#6115=CARTESIAN_POINT('',(0.0005,0.0856000231355429,0.0362657355235956));
#6116=CARTESIAN_POINT('',(-0.0009657775,0.0856000231355429,0.0320111501947423));
#6117=CARTESIAN_POINT('',(-0.00145437,0.0856000231355429,0.0305929550851245));
#6118=CARTESIAN_POINT('',(-0.00295437,0.0856000231355429,0.0305929550851245));
#6119=CARTESIAN_POINT('',(-0.00295437,0.0856000231355429,0.0103077506007468));
#6120=CARTESIAN_POINT('',(-0.00295437,0.0856000231355429,-0.00970489180663484));
#6121=CARTESIAN_POINT('',(-0.00145437,0.0856000231355429,-0.00970489180663485));
#6122=CARTESIAN_POINT('',(-0.000207714562200007,0.0856000231355429,-0.0105390681785153));
#6123=CARTESIAN_POINT('',(0.00850239956468404,0.0856000231355429,0.0024779765450844));
#6124=CARTESIAN_POINT('',(0.0182214058162969,0.0856000231355429,0.0170027849693167));
#6125=CARTESIAN_POINT('',(0.0169747503784969,0.0856000231355429,0.0178369613411972));
#6126=CARTESIAN_POINT('',(0.0509099887027999,0.0856000231355429,0.0563723774895962));
#6127=CARTESIAN_POINT('',(0.0410475733199165,0.0856000231355429,0.0529744032291995));
#6128=CARTESIAN_POINT('',(0.0602609079798075,0.0856000231355429,0.0595941220400705));
#6129=CARTESIAN_POINT('',(0.0415361919495138,0.0856000231355429,0.0515562171219447));
#6130=CARTESIAN_POINT('',(0.0403694565707036,0.0856000231355429,0.0506134931136407));
#6131=CARTESIAN_POINT('',(0.0476337005318208,0.0856000231355429,0.0416231095495357));
#6132=CARTESIAN_POINT('',(0.0542863630667781,0.0856000231355429,0.0333896322280198));
#6133=CARTESIAN_POINT('',(0.0554530984455883,0.0856000231355429,0.0343323562363238));
#6134=CARTESIAN_POINT('',(0.0569174069278142,0.0856000231355429,0.0340070860887831));
#6135=CARTESIAN_POINT('',(0.0595187708328409,0.0856000231355429,0.0457179647546776));
#6136=CARTESIAN_POINT('',(0.0622138350916308,0.0856000231355429,0.057850665785275));
#6137=CARTESIAN_POINT('',(0.0607495266094049,0.0856000231355429,0.0581759359328158));
#6138=CARTESIAN_POINT('',(0.0443401180455536,0.0856000231355429,0.0377436487974731));
#6139=CARTESIAN_POINT('',(0.0373663785099725,0.0856000231355429,0.0463744978764178));
#6140=CARTESIAN_POINT('',(0.0514169186866948,0.0856000231355429,0.0289852490918581));
#6141=CARTESIAN_POINT('',(0.0361996431311623,0.0856000231355429,0.0454317738681138));
#6142=CARTESIAN_POINT('',(0.0347879006706225,0.0856000231355429,0.0459387089972072));
#6143=CARTESIAN_POINT('',(0.0309278175491817,0.0856000231355429,0.0351889247920828));
#6144=CARTESIAN_POINT('',(0.027053672596729,0.0856000231355429,0.0243999803812967));
#6145=CARTESIAN_POINT('',(0.0284654150572689,0.0856000231355429,0.0238930452522033));
#6146=CARTESIAN_POINT('',(0.0287460832298453,0.0856000231355429,0.0224195374046156));
#6147=CARTESIAN_POINT('',(0.0395783602044253,0.0856000231355429,0.0244828283387459));
#6148=CARTESIAN_POINT('',(0.0505308514804612,0.0856000231355429,0.0265690172359664));
#6149=CARTESIAN_POINT('',(0.0502501833078847,0.0856000231355429,0.0280425250835541));
#6150=CARTESIAN_POINT('',(0.0432497760225029,0.0856000231355429,-0.013665737674672));
#6151=CARTESIAN_POINT('',(0.043353596412927,0.0856000231355429,-0.0112249998541366));
#6152=CARTESIAN_POINT('',(0.0430545287530053,0.0856000231355429,-0.0182558513611348));
#6153=CARTESIAN_POINT('',(0.041854951588178,0.0856000231355429,-0.0111612527816312));
#6154=CARTESIAN_POINT('',(0.0408873021234435,0.0856000231355429,-0.0100151050976921));
#6155=CARTESIAN_POINT('',(0.0353840283874347,0.0856000231355429,-0.0146613125276402));
#6156=CARTESIAN_POINT('',(0.031143564374033,0.0856000231355429,-0.0182413771129399));
#6157=CARTESIAN_POINT('',(0.0321112138387675,0.0856000231355429,-0.019387524796879));
#6158=CARTESIAN_POINT('',(0.0322995674705916,0.0856000231355429,-0.0208756521131322));
#6159=CARTESIAN_POINT('',(0.0351349576717331,0.0856000231355429,-0.0205167741890523));
#6160=CARTESIAN_POINT('',(0.0417442375600804,0.0856000231355429,-0.0196802316048825));
#6161=CARTESIAN_POINT('',(0.0415558839282563,0.0856000231355429,-0.0181921042886295));
#6162=CARTESIAN_POINT('',(0.0411862878912593,0.0856000231355429,-0.0354814952420245));
#6163=CARTESIAN_POINT('',(0.0425732940835893,0.0856000231355429,-0.0327697982530019));
#6164=CARTESIAN_POINT('',(0.0378509129860777,0.0856000231355429,-0.0420023933733075));
#6165=CARTESIAN_POINT('',(0.0391863598401982,0.0856000231355429,-0.0426854612321763));
#6166=CARTESIAN_POINT('',(0.0386169551145761,0.0856000231355429,-0.0440731853612594));
#6167=CARTESIAN_POINT('',(0.0369087409377098,0.0856000231355429,-0.0482363577485084));
#6168=CARTESIAN_POINT('',(0.0412658472021931,0.0856000231355429,-0.0471113577485084));
#6169=CARTESIAN_POINT('',(0.042718215957021,0.0856000231355429,-0.0467363577485084));
#6170=CARTESIAN_POINT('',(0.042718215957021,0.0856000231355429,-0.0482363577485084));
#6171=CARTESIAN_POINT('',(0.0434087409377098,0.0856000231355429,-0.0482363577485084));
#6172=CARTESIAN_POINT('',(0.0439087409377098,0.0856000231355429,-0.0482363577485084));
#6173=CARTESIAN_POINT('',(0.0439087409377098,0.0856000231355429,-0.0467363577485084));
#6174=CARTESIAN_POINT('',(0.0454087409377098,0.0856000231355429,-0.0467363577485084));
#6175=CARTESIAN_POINT('',(0.0454087409377098,0.0856000231355429,-0.0377313266057827));
#6176=CARTESIAN_POINT('',(0.0454087409377098,0.0856000231355429,-0.0334528661118707));
#6177=CARTESIAN_POINT('',(0.0439087409377098,0.0856000231355429,-0.0334528661118707));
#6178=CARTESIAN_POINT('',(0.0735846202234922,0.0856000231355429,0.0460840654226728));
#6179=CARTESIAN_POINT('',(0.0691510499819357,0.0856000231355429,0.0539576508361098));
#6180=CARTESIAN_POINT('',(0.0795817113133883,0.0856000231355429,0.0354338205058623));
#6181=CARTESIAN_POINT('',(0.0678440186638616,0.0856000231355429,0.0532216690879845));
#6182=CARTESIAN_POINT('',(0.0663797101816357,0.0856000231355429,0.0535469392355252));
#6183=CARTESIAN_POINT('',(0.0640666611016719,0.0856000231355429,0.0431340027481037));
#6184=CARTESIAN_POINT('',(0.0614475467691648,0.0856000231355429,0.0313432148076592));
#6185=CARTESIAN_POINT('',(0.0629118552513907,0.0856000231355429,0.0310179446601185));
#6186=CARTESIAN_POINT('',(0.0633168123271403,0.0856000231355429,0.0295736421409763));
#6187=CARTESIAN_POINT('',(0.0702904621075522,0.0856000231355429,0.0315289311368404));
#6188=CARTESIAN_POINT('',(0.0789733638587709,0.0856000231355429,0.0339634643842677));
#6189=CARTESIAN_POINT('',(0.0785684067830213,0.0856000231355429,0.0354077669034098));
#6190=CARTESIAN_POINT('',(0.0797613704092214,0.0856000231355429,0.0344984606917497));
#6191=CARTESIAN_POINT('',(0.0782746799953143,0.0856000231355429,0.0346978387577369));
#6192=CARTESIAN_POINT('',(0.0460934287001387,0.0856000231355429,0.0730411368295187));
#6193=CARTESIAN_POINT('',(0.051418739375452,0.0856000231355429,0.0852580268071522));
#6194=CARTESIAN_POINT('',(0.0407691363576358,0.0856000231355429,0.0608265830273053));
#6195=CARTESIAN_POINT('',(0.0421441803187397,0.0856000231355429,0.0602272049287468));
#6196=CARTESIAN_POINT('',(0.042632798948337,0.0856000231355429,0.058809018821492));
#6197=CARTESIAN_POINT('',(0.0511098151380515,0.0856000231355429,0.0617296707814173));
#6198=CARTESIAN_POINT('',(0.0612696014625815,0.0856000231355429,0.0652301005525866));
#6199=CARTESIAN_POINT('',(0.0607809828329842,0.0856000231355429,0.0666482866598414));
#6200=CARTESIAN_POINT('',(0.0621521915305287,0.0856000231355429,0.0672563875624706));
#6201=CARTESIAN_POINT('',(0.0577983327056443,0.0856000231355429,0.0770739179472304));
#6202=CARTESIAN_POINT('',(0.0541649920341004,0.0856000231355429,0.0852667496112229));
#6203=CARTESIAN_POINT('',(0.0527937833365559,0.0856000231355429,0.0846586487085937));
#6204=CARTESIAN_POINT('',(0.0406699914283504,0.0856000231355429,0.0196008632572363));
#6205=CARTESIAN_POINT('',(0.0507749248658409,0.0856000231355429,0.0215256125597598));
#6206=CARTESIAN_POINT('',(0.0308725570707205,0.0856000231355429,0.0177346852103425));
#6207=CARTESIAN_POINT('',(0.0311532252432969,0.0856000231355429,0.0162611773627548));
#6208=CARTESIAN_POINT('',(0.0301664924392731,0.0856000231355429,0.015131417045934));
#6209=CARTESIAN_POINT('',(0.0365489409481004,0.0856000231355429,0.0095569857086963));
#6210=CARTESIAN_POINT('',(0.0436731693180347,0.0856000231355429,0.00333468374667143));
#6211=CARTESIAN_POINT('',(0.0446599021220586,0.0856000231355429,0.00446444406349226));
#6212=CARTESIAN_POINT('',(0.0460476315012171,0.0856000231355429,0.00389505213325415));
#6213=CARTESIAN_POINT('',(0.04937299130213,0.0856000231355429,0.0119996620634824));
#6214=CARTESIAN_POINT('',(0.0524433224175759,0.0856000231355429,0.0194827127819341));
#6215=CARTESIAN_POINT('',(0.0510555930384173,0.0856000231355429,0.0200521047121722));
#6216=CARTESIAN_POINT('',(0.0839543703912306,0.0856000231355429,0.0188640353003991));
#6217=CARTESIAN_POINT('',(0.0839543704364111,0.0856000231355429,0.0269541672321804));
#6218=CARTESIAN_POINT('',(0.0839543703460418,0.0856000231355429,0.0107724051902129));
#6219=CARTESIAN_POINT('',(0.0824543704364111,0.0856000231355429,0.0269541672405574));
#6220=CARTESIAN_POINT('',(0.082829370444522,0.0856000231355429,0.028406535993291));
#6221=CARTESIAN_POINT('',(0.0839543704688549,0.0856000231355429,0.0327636422514917));
#6222=CARTESIAN_POINT('',(0.081534726007478,0.0856000231355429,0.0289695256638617));
#6223=CARTESIAN_POINT('',(0.0807281778536858,0.0856000231355429,0.0277048201346517));
#6224=CARTESIAN_POINT('',(0.0803232207779362,0.0856000231355429,0.0291491226537939));
#6225=CARTESIAN_POINT('',(0.07110862646195,0.0856000231355429,0.0265655121435547));
#6226=CARTESIAN_POINT('',(0.0629652530390495,0.0856000231355429,0.0242822531695045));
#6227=CARTESIAN_POINT('',(0.0633702101147991,0.0856000231355429,0.0228379506503623));
#6228=CARTESIAN_POINT('',(0.0620382369069839,0.0856000231355429,0.0221481337372161));
#6229=CARTESIAN_POINT('',(0.0654895247690442,0.0856000231355429,0.0154840133349551));
#6230=CARTESIAN_POINT('',(0.0692881194439672,0.0856000231355429,0.00814927532270396));
#6231=CARTESIAN_POINT('',(0.0706200926517824,0.0856000231355429,0.00883909223585012));
#6232=CARTESIAN_POINT('',(0.0708619350054517,0.0856000231355429,0.00735871651463213));
#6233=CARTESIAN_POINT('',(0.0766698359091483,0.0856000231355429,0.00830752728226108));
#6234=CARTESIAN_POINT('',(0.0826962126997111,0.0856000231355429,0.00929202947737187));
#6235=CARTESIAN_POINT('',(0.0824543703460418,0.0856000231355429,0.0107724051985899));
#6236=CARTESIAN_POINT('',(0.0579558025522266,0.0856000231355429,-0.00132025209824048));
#6237=CARTESIAN_POINT('',(0.0661289347528132,0.0856000231355429,0.0011316876306234));
#6238=CARTESIAN_POINT('',(0.0496830838615393,0.0856000231355429,-0.00380206777497153));
#6239=CARTESIAN_POINT('',(0.0501141057009663,0.0856000231355429,-0.00523880719948));
#6240=CARTESIAN_POINT('',(0.0486154608762173,0.0856000231355429,-0.00517506012697458));
#6241=CARTESIAN_POINT('',(0.0482859098321131,0.0856000231355429,-0.0129225526364619));
#6242=CARTESIAN_POINT('',(0.0479775178983588,0.0856000231355429,-0.020172610676003));
#6243=CARTESIAN_POINT('',(0.0494761627231078,0.0856000231355429,-0.0202363577485084));
#6244=CARTESIAN_POINT('',(0.0494761627231078,0.0856000231355429,-0.0217363577485085));
#6245=CARTESIAN_POINT('',(0.0641598712716194,0.0856000231355429,-0.0217363577485085));
#6246=CARTESIAN_POINT('',(0.0784091360859283,0.0856000231355429,-0.0217363577485085));
#6247=CARTESIAN_POINT('',(0.0784091360859283,0.0856000231355429,-0.0202363577485084));
#6248=CARTESIAN_POINT('',(0.0796984929786502,0.0856000231355429,-0.0194698339046586));
#6249=CARTESIAN_POINT('',(0.0741483652551904,0.0856000231355429,-0.0101340572120663));
#6250=CARTESIAN_POINT('',(0.0678493134849622,0.0856000231355429,0.000461472049964839));
#6251=CARTESIAN_POINT('',(0.0665599565922402,0.0856000231355429,-0.000305051793885061));
#6252=CARTESIAN_POINT('',(0.0405000004688549,0.0816000231355429,0.0327636422514915));
#6253=CARTESIAN_POINT('',(0.0839543704688549,0.0816000231355429,0.0327636422514917));
#6254=CARTESIAN_POINT('',(0.082829370444522,0.0816000231355429,0.028406535993291));
#6255=CARTESIAN_POINT('',(0.081534726007478,0.0816000231355429,0.0289695256638617));
#6256=CARTESIAN_POINT('',(0.0824543704364111,0.0816000231355429,0.0269541672405574));
#6257=CARTESIAN_POINT('',(0.0839543704364111,0.0816000231355429,0.0269541672321804));
#6258=CARTESIAN_POINT('',(0.0839543704688549,0.0816000231355429,0.0327636420088146));
#6259=CARTESIAN_POINT('',(0.0839543703460418,0.0816000231355429,0.0107724051902129));
#6260=CARTESIAN_POINT('',(0.0824543703460418,0.0816000231355429,0.0107724051985899));
#6261=CARTESIAN_POINT('',(0.0826962126997111,0.0816000231355429,0.00929202947737187));
#6262=CARTESIAN_POINT('',(0.0453316492182899,0.0816000231355429,0.00318794802922529));
#6263=CARTESIAN_POINT('',(0.0708619350054517,0.0816000231355429,0.00735871651463213));
#6264=CARTESIAN_POINT('',(0.0706200926517824,0.0816000231355429,0.00883909223585012));
#6265=CARTESIAN_POINT('',(0.0692881194439672,0.0816000231355429,0.00814927532270396));
#6266=CARTESIAN_POINT('',(0.0531481792211865,0.0816000231355429,0.0393140199712998));
#6267=CARTESIAN_POINT('',(0.0620382369069839,0.0816000231355429,0.0221481337372161));
#6268=CARTESIAN_POINT('',(0.0633702101147991,0.0816000231355429,0.0228379506503623));
#6269=CARTESIAN_POINT('',(0.0629652530390495,0.0816000231355429,0.0242822531695045));
#6270=CARTESIAN_POINT('',(0.0443420810483683,0.0816000231355429,0.0190606426200696));
#6271=CARTESIAN_POINT('',(0.0803232207779362,0.0816000231355429,0.0291491226537939));
#6272=CARTESIAN_POINT('',(0.0807281778536858,0.0816000231355429,0.0277048201346517));
#6273=CARTESIAN_POINT('',(0.0713764161351161,0.0816000231355429,0.046456653585384));
#6274=CARTESIAN_POINT('',(0.0621521915305287,0.0816000231355429,0.0672563875624706));
#6275=CARTESIAN_POINT('',(0.0541649920341004,0.0816000231355429,0.0852667496112229));
#6276=CARTESIAN_POINT('',(0.0607809828329842,0.0816000231355429,0.0666482866598414));
#6277=CARTESIAN_POINT('',(0.0612696014625815,0.0816000231355429,0.0652301005525866));
#6278=CARTESIAN_POINT('',(0.032704890234896,0.0816000231355429,0.0553884796373092));
#6279=CARTESIAN_POINT('',(0.042632798948337,0.0816000231355429,0.058809018821492));
#6280=CARTESIAN_POINT('',(0.0421441803187397,0.0816000231355429,0.0602272049287468));
#6281=CARTESIAN_POINT('',(0.0407691363576358,0.0816000231355429,0.0608265830273053));
#6282=CARTESIAN_POINT('',(0.030446755590826,0.0816000231355429,0.0371458256360125));
#6283=CARTESIAN_POINT('',(0.051418739375452,0.0816000231355429,0.0852580268071522));
#6284=CARTESIAN_POINT('',(0.0527937833365559,0.0816000231355429,0.0846586487085937));
#6285=CARTESIAN_POINT('',(0.0405000004688549,0.0816000231355429,-0.0482363577485085));
#6286=CARTESIAN_POINT('',(0.042718215957021,0.0816000231355429,-0.0482363577485085));
#6287=CARTESIAN_POINT('',(0.0439087409377098,0.0816000231355429,-0.0482363577485085));
#6288=CARTESIAN_POINT('',(0.042718215957021,0.0816000231355429,-0.0467363577485084));
#6289=CARTESIAN_POINT('',(0.0412658472021931,0.0816000231355429,-0.0471113577485084));
#6290=CARTESIAN_POINT('',(0.0369087409377098,0.0816000231355429,-0.0482363577485084));
#6291=CARTESIAN_POINT('',(0.0386169551145761,0.0816000231355429,-0.0440731853612594));
#6292=CARTESIAN_POINT('',(0.0391863598401982,0.0816000231355429,-0.0426854612321763));
#6293=CARTESIAN_POINT('',(0.0378509129860777,0.0816000231355429,-0.0420023933733076));
#6294=CARTESIAN_POINT('',(0.0687120929819891,0.0816000231355429,0.0183334359368812));
#6295=CARTESIAN_POINT('',(0.0425732940835893,0.0816000231355429,-0.0327697982530019));
#6296=CARTESIAN_POINT('',(0.0439087409377098,0.0816000231355429,-0.0334528661118707));
#6297=CARTESIAN_POINT('',(0.0454087409377098,0.0816000231355429,-0.0334528661118707));
#6298=CARTESIAN_POINT('',(0.0454087409377098,0.0816000231355429,0.0327636422514915));
#6299=CARTESIAN_POINT('',(0.0454087409377098,0.0816000231355429,-0.0467363577485085));
#6300=CARTESIAN_POINT('',(0.0439087409377098,0.0816000231355429,-0.0467363577485084));
#6301=CARTESIAN_POINT('',(0.0151225768940383,0.0816000231355429,-0.0260167512636248));
#6302=CARTESIAN_POINT('',(0.0140407131843867,0.0816000231355429,-0.0255496752206073));
#6303=CARTESIAN_POINT('',(0.00759455491396037,0.0816000231355429,-0.022766657294454));
#6304=CARTESIAN_POINT('',(0.0134461582704264,0.0816000231355429,-0.0269268115443915));
#6305=CARTESIAN_POINT('',(0.0147375389392794,0.0816000231355429,-0.0276899209520866));
#6306=CARTESIAN_POINT('',(0.0478829890539919,0.0816000231355429,0.0284008480869888));
#6307=CARTESIAN_POINT('',(0.00829138066885302,0.0816000231355429,-0.038598506398489));
#6308=CARTESIAN_POINT('',(0.007,0.0816000231355429,-0.0378353969907939));
#6309=CARTESIAN_POINT('',(0.0055,0.0816000231355429,-0.0378353969907939));
#6310=CARTESIAN_POINT('',(0.0055,0.0816000231355429,0.0327636422514915));
#6311=CARTESIAN_POINT('',(0.0055,0.0816000231355429,-0.0241437936182382));
#6312=CARTESIAN_POINT('',(0.007,0.0816000231355429,-0.0241437936182382));
#6313=CARTESIAN_POINT('',(0.0476806702520918,0.0816000231355429,-0.023968743261566));
#6314=CARTESIAN_POINT('',(0.0382114697719476,0.0816000231355429,-0.0251672686037364));
#6315=CARTESIAN_POINT('',(0.0214574735977253,0.0816000231355429,-0.0272878371817846));
#6316=CARTESIAN_POINT('',(0.0383998234037717,0.0816000231355429,-0.0266553959199895));
#6317=CARTESIAN_POINT('',(0.0397352702578922,0.0816000231355429,-0.0273384637788583));
#6318=CARTESIAN_POINT('',(0.0642606034682541,0.0816000231355429,0.0206103287997773));
#6319=CARTESIAN_POINT('',(0.0294640568749629,0.0816000231355429,-0.0474194256073773));
#6320=CARTESIAN_POINT('',(0.0281286100208424,0.0816000231355429,-0.0467363577485084));
#6321=CARTESIAN_POINT('',(0.0281286100208424,0.0816000231355429,-0.0482363577485085));
#6322=CARTESIAN_POINT('',(0.0405000004688549,0.0816000231355429,-0.0482363577485085));
#6323=CARTESIAN_POINT('',(0.0110325778710072,0.0816000231355429,-0.0482363577485085));
#6324=CARTESIAN_POINT('',(0.0110325778710072,0.0816000231355429,-0.0467363577485084));
#6325=CARTESIAN_POINT('',(0.00974119720215424,0.0816000231355429,-0.0459732483408133));
#6326=CARTESIAN_POINT('',(0.052187591283502,0.0816000231355429,0.0258571500613385));
#6327=CARTESIAN_POINT('',(0.0203544465606963,0.0816000231355429,-0.0280128550903425));
#6328=CARTESIAN_POINT('',(0.0216458272295493,0.0816000231355429,-0.0287759644980377));
#6329=CARTESIAN_POINT('',(0.0312496878855347,0.0816000231355429,0.0360852880435907));
#6330=CARTESIAN_POINT('',(0.0347879006706225,0.0816000231355429,0.0459387089972072));
#6331=CARTESIAN_POINT('',(0.027053672596729,0.0816000231355429,0.0243999803812967));
#6332=CARTESIAN_POINT('',(0.0361996431311623,0.0816000231355429,0.0454317738681138));
#6333=CARTESIAN_POINT('',(0.0373663785099725,0.0816000231355429,0.0463744978764178));
#6334=CARTESIAN_POINT('',(0.0452577776577628,0.0816000231355429,0.0366079336508993));
#6335=CARTESIAN_POINT('',(0.0514169186866948,0.0816000231355429,0.0289852490918581));
#6336=CARTESIAN_POINT('',(0.0502501833078847,0.0816000231355429,0.0280425250835541));
#6337=CARTESIAN_POINT('',(0.0505308514804612,0.0816000231355429,0.0265690172359664));
#6338=CARTESIAN_POINT('',(0.0419898082346452,0.0816000231355429,0.0249421517912901));
#6339=CARTESIAN_POINT('',(0.0287460832298453,0.0816000231355429,0.0224195374046156));
#6340=CARTESIAN_POINT('',(0.0284654150572689,0.0816000231355429,0.0238930452522033));
#6341=CARTESIAN_POINT('',(-0.00295437,0.0816000231355429,0.0327636422514915));
#6342=CARTESIAN_POINT('',(-0.00295437,0.0816000231355429,0.0305929550851245));
#6343=CARTESIAN_POINT('',(-0.00295437,0.0816000231355429,-0.00970489180663484));
#6344=CARTESIAN_POINT('',(-0.00145437,0.0816000231355429,0.0305929550851245));
#6345=CARTESIAN_POINT('',(-0.0009657775,0.0816000231355429,0.0320111501947423));
#6346=CARTESIAN_POINT('',(0.0005,0.0816000231355429,0.0362657355235956));
#6347=CARTESIAN_POINT('',(0.00122704894693779,0.0816000231355429,0.0318248572513665));
#6348=CARTESIAN_POINT('',(0.00146939859591705,0.0816000231355429,0.0303445644939567));
#6349=CARTESIAN_POINT('',(0.00241117724065378,0.0816000231355429,0.0315120630953769));
#6350=CARTESIAN_POINT('',(0.0248738178118139,0.0816000231355429,0.013392268203474));
#6351=CARTESIAN_POINT('',(0.0179165290232336,0.0816000231355429,0.0190044599426173));
#6352=CARTESIAN_POINT('',(0.0169747503784969,0.0816000231355429,0.0178369613411972));
#6353=CARTESIAN_POINT('',(0.0182214058162969,0.0816000231355429,0.0170027849693167));
#6354=CARTESIAN_POINT('',(0.0323959664073556,0.0816000231355429,0.0381863063862964));
#6355=CARTESIAN_POINT('',(-0.000207714562200013,0.0816000231355429,-0.0105390681785153));
#6356=CARTESIAN_POINT('',(-0.00145437,0.0816000231355429,-0.00970489180663485));
#6357=CARTESIAN_POINT('',(0.0375085470489385,0.0816000231355429,0.0640540659439062));
#6358=CARTESIAN_POINT('',(0.0688352398855242,0.0816000231355429,0.0670489867970679));
#6359=CARTESIAN_POINT('',(0.074771446067038,0.0816000231355429,0.0676165049763543));
#6360=CARTESIAN_POINT('',(0.0686924865152336,0.0816000231355429,0.0685421785045424));
#6361=CARTESIAN_POINT('',(0.0673212778176891,0.0816000231355429,0.0679340776019132));
#6362=CARTESIAN_POINT('',(0.0759471117935976,0.0816000231355429,0.0484836565941481));
#6363=CARTESIAN_POINT('',(0.0628258163225157,0.0816000231355429,0.0780709083071565));
#6364=CARTESIAN_POINT('',(0.0641970250200601,0.0816000231355429,0.0786790092097857));
#6365=CARTESIAN_POINT('',(0.065211012102508,0.0816000231355429,0.0797843734921057));
#6366=CARTESIAN_POINT('',(0.0752151702199485,0.0816000231355429,0.070607229573035));
#6367=CARTESIAN_POINT('',(0.0756426797791952,0.0816000231355429,0.0702150609661488));
#6368=CARTESIAN_POINT('',(0.0746286926967473,0.0816000231355429,0.0691096966838288));
#6369=CARTESIAN_POINT('',(0.0005,0.0816000231355429,0.0327636422514915));
#6370=CARTESIAN_POINT('',(0.0005,0.0816000231355429,0.0704562605042845));
#6371=CARTESIAN_POINT('',(0.0005,0.0816000231355429,0.0420752105429067));
#6372=CARTESIAN_POINT('',(0.002,0.0816000231355429,0.0704562605042845));
#6373=CARTESIAN_POINT('',(0.001625,0.0816000231355429,0.0719086292591122));
#6374=CARTESIAN_POINT('',(0.0005,0.0816000231355429,0.0762657355235956));
#6375=CARTESIAN_POINT('',(0.00163608447131987,0.0816000231355429,0.0719115063066129));
#6376=CARTESIAN_POINT('',(0.00201477929509316,0.0816000231355429,0.0704600965676186));
#6377=CARTESIAN_POINT('',(0.00284413302577641,0.0816000231355429,0.0717099655165096));
#6378=CARTESIAN_POINT('',(0.0469312759375671,0.0816000231355429,0.0424558293276685));
#6379=CARTESIAN_POINT('',(0.027706399934088,0.0816000231355429,0.0552125448613701));
#6380=CARTESIAN_POINT('',(0.0268770462034047,0.0816000231355429,0.0539626759124791));
#6381=CARTESIAN_POINT('',(0.0275492480036534,0.0816000231355429,0.0526217267189067));
#6382=CARTESIAN_POINT('',(0.0299436832060647,0.0816000231355429,0.0538220284613999));
#6383=CARTESIAN_POINT('',(0.00337760173452064,0.0816000231355429,0.0405047694061547));
#6384=CARTESIAN_POINT('',(0.00270539993427195,0.0816000231355429,0.041845718599727));
#6385=CARTESIAN_POINT('',(0.00215404995070396,0.0816000231355429,0.0404507228306941));
#6386=CARTESIAN_POINT('',(0.0005,0.0816000231355429,0.0362657355235957));
#6387=CARTESIAN_POINT('',(0.001625,0.0816000231355429,0.0406228417880789));
#6388=CARTESIAN_POINT('',(0.002,0.0816000231355429,0.0420752105429067));
#6389=CARTESIAN_POINT('',(0.0265213250272136,0.0816000231355429,0.0793719672751791));
#6390=CARTESIAN_POINT('',(0.0207900747107449,0.0816000231355429,0.0776530621652443));
#6391=CARTESIAN_POINT('',(0.0115531382195441,0.0816000231355429,0.0748827386829066));
#6392=CARTESIAN_POINT('',(0.0212209884452807,0.0816000231355429,0.0762162903137006));
#6393=CARTESIAN_POINT('',(0.0226094017194792,0.0816000231355429,0.076784012587378));
#6394=CARTESIAN_POINT('',(0.0405936720524679,0.0816000231355429,0.0328019445678234));
#6395=CARTESIAN_POINT('',(0.0276034266801032,0.0816000231355429,0.0645706983164834));
#6396=CARTESIAN_POINT('',(0.0262150134059047,0.0816000231355429,0.064002976042806));
#6397=CARTESIAN_POINT('',(0.0253856596752214,0.0816000231355429,0.062753107093915));
#6398=CARTESIAN_POINT('',(0.0496957883731779,0.0816000231355429,0.046622059157305));
#6399=CARTESIAN_POINT('',(0.0111546982233966,0.0816000231355429,0.0721960978824719));
#6400=CARTESIAN_POINT('',(0.0119840519540799,0.0816000231355429,0.0734459668313629));
#6401=CARTESIAN_POINT('',(0.0839543704688549,0.0816000231355429,0.0327636420088146));
#6402=CARTESIAN_POINT('',(0.0839543707619695,0.0816000231355429,0.0852494914100502));
#6403=CARTESIAN_POINT('',(0.0839543706923715,0.0816000231355429,0.0727870939516772));
#6404=CARTESIAN_POINT('',(0.0824543706923715,0.0816000231355429,0.0727870939600542));
#6405=CARTESIAN_POINT('',(0.0814403836099236,0.0816000231355429,0.0716817296777342));
#6406=CARTESIAN_POINT('',(0.0785951271614415,0.0816000231355429,0.0742917771807683));
#6407=CARTESIAN_POINT('',(0.0645848308598539,0.0816000231355429,0.0871438836748018));
#6408=CARTESIAN_POINT('',(0.0655988179423018,0.0816000231355429,0.0882492479571218));
#6409=CARTESIAN_POINT('',(0.0658616408909395,0.0816000231355429,0.0897260431689469));
#6410=CARTESIAN_POINT('',(0.0511048973406819,0.0816000231355429,0.0923522778838993));
#6411=CARTESIAN_POINT('',(0.0827171937106073,0.0816000231355429,0.0867262866302522));
#6412=CARTESIAN_POINT('',(0.0824543707619694,0.0816000231355429,0.0852494914184272));
#6413=CARTESIAN_POINT('',(0.0405000004688549,0.0816000231355429,0.116718012251492));
#6414=CARTESIAN_POINT('',(0.0749247123361259,0.0816000231355429,0.116718012251492));
#6415=CARTESIAN_POINT('',(0.0604950285654122,0.0816000231355429,0.116718012251492));
#6416=CARTESIAN_POINT('',(0.0749247123361259,0.0816000231355429,0.115218012251492));
#6417=CARTESIAN_POINT('',(0.0757924424331968,0.0816000231355429,0.113994474561579));
#6418=CARTESIAN_POINT('',(0.0139803673630265,0.0816000231355429,0.0701574940231122));
#6419=CARTESIAN_POINT('',(0.059278447996286,0.0816000231355429,0.102282787938514));
#6420=CARTESIAN_POINT('',(0.0584107178992151,0.0816000231355429,0.103506325628426));
#6421=CARTESIAN_POINT('',(0.0569339226873901,0.0816000231355429,0.103769148577064));
#6422=CARTESIAN_POINT('',(0.0441806080531759,0.0816000231355429,0.0321086102400494));
#6423=CARTESIAN_POINT('',(0.0590182333535871,0.0816000231355429,0.115480835200129));
#6424=CARTESIAN_POINT('',(0.0604950285654122,0.0816000231355429,0.115218012251492));
#6425=CARTESIAN_POINT('',(0.0365514845333556,0.0816000231355429,0.035405718480028));
#6426=CARTESIAN_POINT('',(0.0218818928370189,0.0816000231355429,0.0134823856273878));
#6427=CARTESIAN_POINT('',(0.00368993122646661,0.0816000231355429,-0.0137050397547504));
#6428=CARTESIAN_POINT('',(0.0231285482748189,0.0816000231355429,0.0126482092555074));
#6429=CARTESIAN_POINT('',(0.0241152810788427,0.0816000231355429,0.0137779695723282));
#6430=CARTESIAN_POINT('',(0.0240033191853408,0.0816000231355429,0.0138757571043154));
#6431=CARTESIAN_POINT('',(0.0410857889322511,0.0816000231355429,-0.00104407413958549));
#6432=CARTESIAN_POINT('',(0.0400990561282272,0.0816000231355429,-0.00217383445640632));
#6433=CARTESIAN_POINT('',(0.0410667055929617,0.0816000231355429,-0.00331998214034549));
#6434=CARTESIAN_POINT('',(0.0585221640089808,0.0816000231355429,0.0114170061462808));
#6435=CARTESIAN_POINT('',(0.0194787155502752,0.0816000231355429,-0.0215459117497857));
#6436=CARTESIAN_POINT('',(0.0185110660855407,0.0816000231355429,-0.0203997640658465));
#6437=CARTESIAN_POINT('',(0.0179165111715803,0.0816000231355429,-0.0217769003896306));
#6438=CARTESIAN_POINT('',(0.0171044266072395,0.0816000231355429,-0.0214262968510111));
#6439=CARTESIAN_POINT('',(0.00434203175030626,0.0816000231355429,-0.015916352450415));
#6440=CARTESIAN_POINT('',(0.0049365866642666,0.0816000231355429,-0.0145392161266309));
#6441=CARTESIAN_POINT('',(0.0839543704688549,0.0816000231355429,0.0327636422514915));
#6442=CARTESIAN_POINT('',(0.0839543704688549,0.0816000231355429,0.0352636422514915));
#6443=CARTESIAN_POINT('',(0.0839543709377098,0.0816000231355429,0.116718012251492));
#6444=CARTESIAN_POINT('',(0.0839543709377098,0.0816000231355429,0.119218012251492));
#6445=CARTESIAN_POINT('',(0.0005,0.0816000231355429,0.0762657355235956));
#6446=CARTESIAN_POINT('',(0.0005,0.0816000231355429,0.0787657355235956));
#6447=CARTESIAN_POINT('',(0.0005,0.0816000231355429,0.0362657355235956));
#6448=CARTESIAN_POINT('',(0.0005,0.0816000231355429,0.0387657355235956));
#6449=CARTESIAN_POINT('',(0.08395437,0.0816000231355429,-0.0511907277485084));
#6450=CARTESIAN_POINT('',(0.08395437,0.0816000231355429,-0.0486907277485084));
#6451=CARTESIAN_POINT('',(0.0369087409377098,0.0816000231355429,-0.0482363577485084));
#6452=CARTESIAN_POINT('',(0.0369087409377098,0.0816000231355429,-0.0457363577485084));
#6453=CARTESIAN_POINT('',(0.022,0.0816000231355429,0.0904749123031996));
#6454=CARTESIAN_POINT('',(0.022,0.0816000231355429,0.0996840890828037));
#6455=CARTESIAN_POINT('',(0.022,0.0816000231355429,0.0812657355235956));
#6456=CARTESIAN_POINT('',(0.016,0.0816000231355429,0.0812657355235956));
#6457=CARTESIAN_POINT('',(0.01,0.0816000231355429,0.0812657355235956));
#6458=CARTESIAN_POINT('',(0.01,0.0816000231355429,0.0904749123031996));
#6459=CARTESIAN_POINT('',(0.01,0.0816000231355429,0.0996840890828037));
#6460=CARTESIAN_POINT('',(0.016,0.0816000231355429,0.0996840890828037));
#6461=CARTESIAN_POINT('',(0.005,0.0816000231355429,0.0997371435934424));
#6462=CARTESIAN_POINT('',(0.005,0.0816000231355429,0.116208551663289));
#6463=CARTESIAN_POINT('',(0.005,0.0816000231355429,0.0832657355235956));
#6464=CARTESIAN_POINT('',(0.0005,0.0816000231355429,0.0832657355235956));
#6465=CARTESIAN_POINT('',(-0.004,0.0816000231355429,0.0832657355235956));
#6466=CARTESIAN_POINT('',(-0.004,0.0816000231355429,0.0997371435934424));
#6467=CARTESIAN_POINT('',(-0.004,0.0816000231355429,0.116208551663289));
#6468=CARTESIAN_POINT('',(0.0005,0.0816000231355429,0.116208551663289));
#6469=CARTESIAN_POINT('',(-0.002,0.0816000231355429,-0.0366393272833418));
#6470=CARTESIAN_POINT('',(-0.002,0.0816000231355429,-0.0516393272833418));
#6471=CARTESIAN_POINT('',(-0.002,0.0816000231355429,-0.0216393272833417));
#6472=CARTESIAN_POINT('',(0.000500000000000017,0.0816000231355429,-0.0216393272833417));
#6473=CARTESIAN_POINT('',(0.003,0.0816000231355429,-0.0216393272833417));
#6474=CARTESIAN_POINT('',(0.003,0.0816000231355429,-0.0366393272833418));
#6475=CARTESIAN_POINT('',(0.003,0.0816000231355429,-0.0516393272833418));
#6476=CARTESIAN_POINT('',(0.000500000000000014,0.0816000231355429,-0.0516393272833418));
#6477=CARTESIAN_POINT('',(0.0629087409377098,0.0816000231355429,-0.0532363577485085));
#6478=CARTESIAN_POINT('',(0.0494087409377098,0.0816000231355429,-0.0532363577485085));
#6479=CARTESIAN_POINT('',(0.0764087409377098,0.0816000231355429,-0.0532363577485085));
#6480=CARTESIAN_POINT('',(0.0494087409377098,0.0816000231355429,-0.0517363577485085));
#6481=CARTESIAN_POINT('',(0.0479087409377098,0.0816000231355429,-0.0517363577485085));
#6482=CARTESIAN_POINT('',(0.0479087409377098,0.0816000231355429,-0.0387363577485084));
#6483=CARTESIAN_POINT('',(0.0479087409377098,0.0816000231355429,-0.0257363577485085));
#6484=CARTESIAN_POINT('',(0.0494087409377098,0.0816000231355429,-0.0257363577485085));
#6485=CARTESIAN_POINT('',(0.0494087409377098,0.0816000231355429,-0.0242363577485084));
#6486=CARTESIAN_POINT('',(0.0629087409377098,0.0816000231355429,-0.0242363577485084));
#6487=CARTESIAN_POINT('',(0.0764087409377098,0.0816000231355429,-0.0242363577485084));
#6488=CARTESIAN_POINT('',(0.0764087409377098,0.0816000231355429,-0.0257363577485085));
#6489=CARTESIAN_POINT('',(0.0779087409377098,0.0816000231355429,-0.0257363577485085));
#6490=CARTESIAN_POINT('',(0.0779087409377098,0.0816000231355429,-0.0387363577485084));
#6491=CARTESIAN_POINT('',(0.0779087409377098,0.0816000231355429,-0.0517363577485085));
#6492=CARTESIAN_POINT('',(0.0764087409377098,0.0816000231355429,-0.0517363577485085));
#6493=CARTESIAN_POINT('',(0.0405000004688549,0.0816000231355429,0.122763642251492));
#6494=CARTESIAN_POINT('',(0.0940000009377098,0.0816000231355429,0.122763642251492));
#6495=CARTESIAN_POINT('',(-0.013,0.0816000231355429,0.122763642251492));
#6496=CARTESIAN_POINT('',(-0.013,0.0816000231355429,0.0327636422514915));
#6497=CARTESIAN_POINT('',(-0.013,0.0816000231355429,-0.0572363577485084));
#6498=CARTESIAN_POINT('',(0.0405000004688549,0.0816000231355429,-0.0572363577485084));
#6499=CARTESIAN_POINT('',(0.0940000009377098,0.0816000231355429,-0.0572363577485084));
#6500=CARTESIAN_POINT('',(0.0940000009377098,0.0816000231355429,0.0327636422514915));
#6501=CARTESIAN_POINT('',(0.0392579573470924,0.0816000231355429,0.0329846867355088));
#6502=CARTESIAN_POINT('',(0.051466395247996,0.0816000231355429,0.101583577088743));
#6503=CARTESIAN_POINT('',(0.0538461202918025,0.0816000231355429,0.114955189302854));
#6504=CARTESIAN_POINT('',(0.0499896000361709,0.0816000231355429,0.101846400037381));
#6505=CARTESIAN_POINT('',(0.0490650561191887,0.0816000231355429,0.100665206342185));
#6506=CARTESIAN_POINT('',(0.0767107571695403,0.0816000231355429,0.0790263634997614));
#6507=CARTESIAN_POINT('',(0.0319815366110301,0.0816000231355429,0.114036818556295));
#6508=CARTESIAN_POINT('',(0.0329060805280123,0.0816000231355429,0.115218012251492));
#6509=CARTESIAN_POINT('',(0.0329060805280123,0.0816000231355429,0.116718012251492));
#6510=CARTESIAN_POINT('',(0.0405000004688549,0.0816000231355429,0.116718012251492));
#6511=CARTESIAN_POINT('',(0.0523693250799774,0.0816000231355429,0.116718012251492));
#6512=CARTESIAN_POINT('',(0.0523693250799774,0.0816000231355429,0.115218012251492));
#6513=CARTESIAN_POINT('',(0.0826204332663278,0.0816000231355429,0.110868173767493));
#6514=CARTESIAN_POINT('',(0.0817527031692569,0.0816000231355429,0.112091711457406));
#6515=CARTESIAN_POINT('',(0.0828911049262887,0.0816000231355429,0.112343550618502));
#6516=CARTESIAN_POINT('',(0.082454370905266,0.0816000231355429,0.110908537240557));
#6517=CARTESIAN_POINT('',(0.083954370905266,0.0816000231355429,0.11090853723218));
#6518=CARTESIAN_POINT('',(0.0839543704688549,0.0816000231355429,0.0327636420088146));
#6519=CARTESIAN_POINT('',(0.0839543708073486,0.0816000231355429,0.0933751948874089));
#6520=CARTESIAN_POINT('',(0.0824543708073486,0.0816000231355429,0.0933751948957858));
#6521=CARTESIAN_POINT('',(0.0821915478587108,0.0816000231355429,0.0918983996839608));
#6522=CARTESIAN_POINT('',(0.0519809738361411,0.0816000231355429,0.0972749285899827));
#6523=CARTESIAN_POINT('',(0.0626064812531254,0.0816000231355429,0.09538392354897));
#6524=CARTESIAN_POINT('',(0.0628693042017632,0.0816000231355429,0.096860718760795));
#6525=CARTESIAN_POINT('',(0.0620015741046923,0.0816000231355429,0.0980842564507079));
#6526=CARTESIAN_POINT('',(0.0168728010199295,0.0816000231355429,0.0660790350567359));
#6527=CARTESIAN_POINT('',(0.0182867982565213,0.0816000231355429,0.0724199721164873));
#6528=CARTESIAN_POINT('',(0.04361200826276,0.0816000231355429,0.0866057026884673));
#6529=CARTESIAN_POINT('',(0.0288084343632014,0.0816000231355429,0.0783135893835904));
#6530=CARTESIAN_POINT('',(0.0443450554403622,0.0816000231355429,0.0852970232642348));
#6531=CARTESIAN_POINT('',(0.0457200994014661,0.0816000231355429,0.0846976451656764));
#6532=CARTESIAN_POINT('',(0.0258632757204795,0.0816000231355429,0.0391437526312073));
#6533=CARTESIAN_POINT('',(0.0363322716408872,0.0816000231355429,0.0631608624552067));
#6534=CARTESIAN_POINT('',(0.0349572276797833,0.0816000231355429,0.0637602405537652));
#6535=CARTESIAN_POINT('',(0.0335688144055847,0.0816000231355429,0.0631925182800878));
#6536=CARTESIAN_POINT('',(0.0452217162997962,0.0816000231355429,0.0346943521467481));
#6537=CARTESIAN_POINT('',(0.0281530682666051,0.0816000231355429,0.0764371876856805));
#6538=CARTESIAN_POINT('',(0.0295414815408036,0.0816000231355429,0.0770049099593579));
#6539=CARTESIAN_POINT('',(0.0736289441129329,0.0816000231355429,0.0750890511824408));
#6540=CARTESIAN_POINT('',(0.0464899113056024,0.0816000231355429,0.0963313146628867));
#6541=CARTESIAN_POINT('',(0.0269245439169822,0.0816000231355429,0.111645518824522));
#6542=CARTESIAN_POINT('',(0.0455653673886201,0.0816000231355429,0.0951501209676905));
#6543=CARTESIAN_POINT('',(0.0462984145662223,0.0816000231355429,0.093841441543458));
#6544=CARTESIAN_POINT('',(0.015843307664514,0.0816000231355429,0.0767822368639289));
#6545=CARTESIAN_POINT('',(0.0267330471776022,0.0816000231355429,0.0828820445533285));
#6546=CARTESIAN_POINT('',(0.026,0.0816000231355429,0.084190723977561));
#6547=CARTESIAN_POINT('',(0.0245,0.0816000231355429,0.084190723977561));
#6548=CARTESIAN_POINT('',(0.0245,0.0816000231355429,0.0327636422514915));
#6549=CARTESIAN_POINT('',(0.0245,0.0816000231355429,0.110464325129326));
#6550=CARTESIAN_POINT('',(0.026,0.0816000231355429,0.110464325129326));
#6551=CARTESIAN_POINT('',(0.0321843558735604,0.0816000231355429,0.0493521978161586));
#6552=CARTESIAN_POINT('',(0.0270248148058713,0.0816000231355429,0.0467657815590908));
#6553=CARTESIAN_POINT('',(0.00717794360755661,0.0816000231355429,0.036816782288455));
#6554=CARTESIAN_POINT('',(0.02769701660612,0.0816000231355429,0.0454248323655184));
#6555=CARTESIAN_POINT('',(0.0291087590666599,0.0816000231355429,0.044917897236425));
#6556=CARTESIAN_POINT('',(0.0265438796837353,0.0816000231355429,0.0377750718072354));
#6557=CARTESIAN_POINT('',(0.0218809739196327,0.0816000231355429,0.0247895403676369));
#6558=CARTESIAN_POINT('',(0.0204692314590929,0.0816000231355429,0.0252964754967302));
#6559=CARTESIAN_POINT('',(0.0195274528143562,0.0816000231355429,0.0241289768953101));
#6560=CARTESIAN_POINT('',(0.0280130799609364,0.0816000231355429,0.0172839302082076));
#6561=CARTESIAN_POINT('',(0.00690836676306859,0.0816000231355429,0.0343083344934625));
#6562=CARTESIAN_POINT('',(0.00785014540780531,0.0816000231355429,0.0354758330948826));
#6563=CARTESIAN_POINT('',(0.0491468955871299,0.0816000231355429,0.0397503470119125));
#6564=CARTESIAN_POINT('',(0.0403694565707036,0.0816000231355429,0.0506134931136407));
#6565=CARTESIAN_POINT('',(0.0542863630667781,0.0816000231355429,0.0333896322280198));
#6566=CARTESIAN_POINT('',(0.0415361919495138,0.0816000231355429,0.0515562171219447));
#6567=CARTESIAN_POINT('',(0.0410475733199165,0.0816000231355429,0.0529744032291995));
#6568=CARTESIAN_POINT('',(0.0343336190002203,0.0816000231355429,0.0506611926131266));
#6569=CARTESIAN_POINT('',(0.0602609079798075,0.0816000231355429,0.0595941220400705));
#6570=CARTESIAN_POINT('',(0.0607495266094049,0.0816000231355429,0.0581759359328158));
#6571=CARTESIAN_POINT('',(0.0622138350916308,0.0816000231355429,0.057850665785275));
#6572=CARTESIAN_POINT('',(0.055882198169269,0.0816000231355429,0.0293467599645649));
#6573=CARTESIAN_POINT('',(0.0569174069278142,0.0816000231355429,0.0340070860887831));
#6574=CARTESIAN_POINT('',(0.0554530984455883,0.0816000231355429,0.0343323562363238));
#6575=CARTESIAN_POINT('',(0.0617476622247623,0.0816000231355429,0.0075965138664836));
#6576=CARTESIAN_POINT('',(0.0408873021234435,0.0816000231355429,-0.0100151050976921));
#6577=CARTESIAN_POINT('',(0.031143564374033,0.0816000231355429,-0.0182413771129399));
#6578=CARTESIAN_POINT('',(0.041854951588178,0.0816000231355429,-0.0111612527816312));
#6579=CARTESIAN_POINT('',(0.043353596412927,0.0816000231355429,-0.0112249998541367));
#6580=CARTESIAN_POINT('',(0.0452161850789646,0.0816000231355429,0.0325630323689332));
#6581=CARTESIAN_POINT('',(0.0430545287530053,0.0816000231355429,-0.0182558513611348));
#6582=CARTESIAN_POINT('',(0.0415558839282563,0.0816000231355429,-0.0181921042886295));
#6583=CARTESIAN_POINT('',(0.0417442375600804,0.0816000231355429,-0.0196802316048825));
#6584=CARTESIAN_POINT('',(0.0470528248126782,0.0816000231355429,-0.0190083188740556));
#6585=CARTESIAN_POINT('',(0.0322995674705916,0.0816000231355429,-0.0208756521131322));
#6586=CARTESIAN_POINT('',(0.0321112138387675,0.0816000231355429,-0.019387524796879));
#6587=CARTESIAN_POINT('',(0.0508163693620165,0.0816000231355429,0.0388967329288646));
#6588=CARTESIAN_POINT('',(0.0724257759472528,0.0816000231355429,0.00254791279514742));
#6589=CARTESIAN_POINT('',(0.0839543701918133,0.0816000231355429,-0.0168441420924883));
#6590=CARTESIAN_POINT('',(0.0461377903971876,0.0816000231355429,-0.00174663770816801));
#6591=CARTESIAN_POINT('',(0.0839543703106289,0.0816000231355429,0.00443128764071953));
#6592=CARTESIAN_POINT('',(0.0839543704688549,0.0816000231355429,0.0327636420088146));
#6593=CARTESIAN_POINT('',(0.0756714711332506,0.0816000231355429,0.0525684932185395));
#6594=CARTESIAN_POINT('',(0.0714003656629998,0.0816000231355429,0.0601535571506744));
#6595=CARTESIAN_POINT('',(0.0811473392111856,0.0816000231355429,0.0428438891916958));
#6596=CARTESIAN_POINT('',(0.0727073969810739,0.0816000231355429,0.0608895388987998));
#6597=CARTESIAN_POINT('',(0.0725646436107832,0.0816000231355429,0.0623827306062743));
#6598=CARTESIAN_POINT('',(0.037984391616574,0.0816000231355429,0.0590767602523245));
#6599=CARTESIAN_POINT('',(0.0823116172608412,0.0816000231355429,0.0633145689842369));
#6600=CARTESIAN_POINT('',(0.0824543706311319,0.0816000231355429,0.0618213772767624));
#6601=CARTESIAN_POINT('',(0.0839543706311319,0.0816000231355429,0.0618213772683854));
#6602=CARTESIAN_POINT('',(0.0839543704688549,0.0816000231355429,0.0327636420088146));
#6603=CARTESIAN_POINT('',(0.0839543705292596,0.0816000231355429,0.0435798709314442));
#6604=CARTESIAN_POINT('',(0.0824543705292597,0.0816000231355429,0.0435798709398212));
#6605=CARTESIAN_POINT('',(0.0607632264433554,0.0816000231355429,0.0282625261394292));
#6606=CARTESIAN_POINT('',(0.0663797101816357,0.0816000231355429,0.0535469392355252));
#6607=CARTESIAN_POINT('',(0.0614475467691648,0.0816000231355429,0.0313432148076592));
#6608=CARTESIAN_POINT('',(0.0678440186638616,0.0816000231355429,0.0532216690879845));
#6609=CARTESIAN_POINT('',(0.0691510499819357,0.0816000231355429,0.0539576508361098));
#6610=CARTESIAN_POINT('',(0.0713147000730038,0.0816000231355429,0.0501152207247884));
#6611=CARTESIAN_POINT('',(0.0795817113133883,0.0816000231355429,0.0354338205058623));
#6612=CARTESIAN_POINT('',(0.0782746799953143,0.0816000231355429,0.0346978387577369));
#6613=CARTESIAN_POINT('',(0.0797613704092214,0.0816000231355429,0.0344984606917497));
#6614=CARTESIAN_POINT('',(0.0785684067830213,0.0816000231355429,0.0354077669034098));
#6615=CARTESIAN_POINT('',(0.0789733638587709,0.0816000231355429,0.0339634643842677));
#6616=CARTESIAN_POINT('',(0.042992224129203,0.0816000231355429,0.0238749843505435));
#6617=CARTESIAN_POINT('',(0.0633168123271403,0.0816000231355429,0.0295736421409763));
#6618=CARTESIAN_POINT('',(0.0629118552513907,0.0816000231355429,0.0310179446601185));
#6619=CARTESIAN_POINT('',(0.0487082685284692,0.0816000231355429,0.0370146302608126));
#6620=CARTESIAN_POINT('',(0.0593112377044482,0.0816000231355429,0.0165412690013997));
#6621=CARTESIAN_POINT('',(0.0639633636055516,0.0816000231355429,0.00755844045434151));
#6622=CARTESIAN_POINT('',(0.0626313903977364,0.0816000231355429,0.00686862354119536));
#6623=CARTESIAN_POINT('',(0.0630624122371635,0.0816000231355429,0.00543188411668689));
#6624=CARTESIAN_POINT('',(0.0498854544098941,0.0816000231355429,0.00147879665776545));
#6625=CARTESIAN_POINT('',(0.0535542112988672,0.0816000231355429,0.00257942375529003));
#6626=CARTESIAN_POINT('',(0.0531231894594402,0.0816000231355429,0.0040161631797985));
#6627=CARTESIAN_POINT('',(0.0517354600802816,0.0816000231355429,0.00458555511003661));
#6628=CARTESIAN_POINT('',(0.0600121865624097,0.0816000231355429,0.0247576999764127));
#6629=CARTESIAN_POINT('',(0.0565915351174744,0.0816000231355429,0.0164208440184916));
#6630=CARTESIAN_POINT('',(0.057979264496633,0.0816000231355429,0.0158514520882536));
#6631=CARTESIAN_POINT('',(0.0553864219652146,0.0816000231355429,0.0266556730772064));
#6632=CARTESIAN_POINT('',(0.0460476315012171,0.0816000231355429,0.00389505213325414));
#6633=CARTESIAN_POINT('',(0.0524433224175759,0.0816000231355429,0.0194827127819341));
#6634=CARTESIAN_POINT('',(0.0446599021220586,0.0816000231355429,0.00446444406349226));
#6635=CARTESIAN_POINT('',(0.0436731693180347,0.0816000231355429,0.00333468374667143));
#6636=CARTESIAN_POINT('',(0.0272924285320872,0.0816000231355429,0.0176416248270514));
#6637=CARTESIAN_POINT('',(0.0301664924392731,0.0816000231355429,0.015131417045934));
#6638=CARTESIAN_POINT('',(0.0311532252432969,0.0816000231355429,0.0162611773627548));
#6639=CARTESIAN_POINT('',(0.0308725570707205,0.0816000231355429,0.0177346852103425));
#6640=CARTESIAN_POINT('',(0.0429253688099001,0.0816000231355429,0.0200304589659977));
#6641=CARTESIAN_POINT('',(0.0507749248658409,0.0816000231355429,0.0215256125597598));
#6642=CARTESIAN_POINT('',(0.0510555930384173,0.0816000231355429,0.0200521047121722));
#6643=CARTESIAN_POINT('',(0.0405000004688549,0.0816000231355429,-0.0217363577485085));
#6644=CARTESIAN_POINT('',(0.0494761627231078,0.0816000231355429,-0.0217363577485085));
#6645=CARTESIAN_POINT('',(0.0784091360859283,0.0816000231355429,-0.0217363577485085));
#6646=CARTESIAN_POINT('',(0.0494761627231078,0.0816000231355429,-0.0202363577485084));
#6647=CARTESIAN_POINT('',(0.0479775178983588,0.0816000231355429,-0.020172610676003));
#6648=CARTESIAN_POINT('',(0.050211667828128,0.0816000231355429,0.0323505421272485));
#6649=CARTESIAN_POINT('',(0.0486154608762173,0.0816000231355429,-0.00517506012697458));
#6650=CARTESIAN_POINT('',(0.0501141057009663,0.0816000231355429,-0.00523880719948));
#6651=CARTESIAN_POINT('',(0.0496830838615393,0.0816000231355429,-0.00380206777497154));
#6652=CARTESIAN_POINT('',(0.0513221938746509,0.0816000231355429,-0.00331033475726277));
#6653=CARTESIAN_POINT('',(0.0661289347528132,0.0816000231355429,0.0011316876306234));
#6654=CARTESIAN_POINT('',(0.0665599565922402,0.0816000231355429,-0.000305051793885061));
#6655=CARTESIAN_POINT('',(0.0678493134849622,0.0816000231355429,0.000461472049964828));
#6656=CARTESIAN_POINT('',(0.0465185130529434,0.0816000231355429,0.036341653449365));
#6657=CARTESIAN_POINT('',(0.0796984929786502,0.0816000231355429,-0.0194698339046586));
#6658=CARTESIAN_POINT('',(0.0784091360859283,0.0816000231355429,-0.0202363577485084));
#6659=CARTESIAN_POINT('',(0.0405000004688549,0.0856000231355429,0.122763642251492));
#6660=CARTESIAN_POINT('',(0.0940000009377098,0.0856000231355429,0.122763642251492));
#6661=CARTESIAN_POINT('',(-0.013,0.0856000231355429,0.122763642251492));
#6662=CARTESIAN_POINT('',(0.0940000009377098,0.0856000231355429,0.0327636422514915));
#6663=CARTESIAN_POINT('',(0.0940000009377098,0.0856000231355429,-0.0572363577485084));
#6664=CARTESIAN_POINT('',(0.0405000004688549,0.0856000231355429,-0.0572363577485084));
#6665=CARTESIAN_POINT('',(-0.013,0.0856000231355429,-0.0572363577485084));
#6666=CARTESIAN_POINT('',(0.0479087409377098,0.0856000231355429,-0.0387363577485084));
#6667=CARTESIAN_POINT('',(0.0479087409377098,0.0856000231355429,-0.0517363577485085));
#6668=CARTESIAN_POINT('',(0.0479087409377098,0.0816000231355429,-0.0257363577485085));
#6669=CARTESIAN_POINT('',(0.0629087409377098,0.0856000231355429,-0.0532363577485085));
#6670=CARTESIAN_POINT('',(0.0494087409377098,0.0856000231355429,-0.0532363577485085));
#6671=CARTESIAN_POINT('',(0.0764087409377098,0.0856000231355429,-0.0532363577485085));
#6672=CARTESIAN_POINT('',(0.0779087409377098,0.0856000231355429,-0.0387363577485084));
#6673=CARTESIAN_POINT('',(0.0779087409377098,0.0816000231355429,-0.0517363577485085));
#6674=CARTESIAN_POINT('',(0.0779087409377098,0.0856000231355429,-0.0257363577485085));
#6675=CARTESIAN_POINT('',(-0.002,0.0856000231355429,-0.0366393272833418));
#6676=CARTESIAN_POINT('',(-0.002,0.0856000231355429,-0.0516393272833418));
#6677=CARTESIAN_POINT('',(-0.002,0.0856000231355429,-0.0216393272833417));
#6678=CARTESIAN_POINT('',(0.000500000000000014,0.0856000231355429,-0.0516393272833418));
#6679=CARTESIAN_POINT('',(0.003,0.0856000231355429,-0.0516393272833418));
#6680=CARTESIAN_POINT('',(0.003,0.0856000231355429,-0.0366393272833418));
#6681=CARTESIAN_POINT('',(0.003,0.0856000231355429,-0.0216393272833417));
#6682=CARTESIAN_POINT('',(0.005,0.0856000231355429,0.0997371435934424));
#6683=CARTESIAN_POINT('',(0.005,0.0856000231355429,0.116208551663289));
#6684=CARTESIAN_POINT('',(0.005,0.0856000231355429,0.0832657355235956));
#6685=CARTESIAN_POINT('',(0.0005,0.0856000231355429,0.116208551663289));
#6686=CARTESIAN_POINT('',(-0.004,0.0856000231355429,0.116208551663289));
#6687=CARTESIAN_POINT('',(-0.004,0.0856000231355429,0.0997371435934424));
#6688=CARTESIAN_POINT('',(-0.004,0.0856000231355429,0.0832657355235956));
#6689=CARTESIAN_POINT('',(0.022,0.0856000231355429,0.0904749123031996));
#6690=CARTESIAN_POINT('',(0.022,0.0856000231355429,0.0996840890828037));
#6691=CARTESIAN_POINT('',(0.022,0.0856000231355429,0.0812657355235956));
#6692=CARTESIAN_POINT('',(0.016,0.0856000231355429,0.0996840890828037));
#6693=CARTESIAN_POINT('',(0.01,0.0856000231355429,0.0996840890828037));
#6694=CARTESIAN_POINT('',(0.01,0.0856000231355429,0.0904749123031996));
#6695=CARTESIAN_POINT('',(0.01,0.0856000231355429,0.0812657355235956));
#6696=CARTESIAN_POINT('',(0.0629087409377098,0.0856000231355429,-0.0242363577485084));
#6697=CARTESIAN_POINT('',(0.0494087409377098,0.0856000231355429,-0.0242363577485084));
#6698=CARTESIAN_POINT('',(0.0764087409377098,0.0856000231355429,-0.0242363577485084));
#6699=CARTESIAN_POINT('',(0.000500000000000017,0.0856000231355429,-0.0216393272833417));
#6700=CARTESIAN_POINT('',(0.0005,0.0856000231355429,0.0832657355235956));
#6701=CARTESIAN_POINT('',(0.016,0.0856000231355429,0.0812657355235956));
#6702=CARTESIAN_POINT('',(0.0369087409377098,0.0856000231355429,-0.0482363577485084));
#6703=CARTESIAN_POINT('',(0.08395437,0.0856000231355429,-0.0511907277485084));
#6704=CARTESIAN_POINT('',(0.0005,0.0856000231355429,0.0362657355235956));
#6705=CARTESIAN_POINT('',(0.0005,0.0856000231355429,0.0762657355235956));
#6706=CARTESIAN_POINT('',(0.0839543709377098,0.0856000231355429,0.116718012251492));
#6707=CARTESIAN_POINT('',(0.0839543704688549,0.0856000231355429,0.0327636422514915));
#6708=CARTESIAN_POINT('',(-0.013,0.0856000231355429,0.0327636422514915));
#6709=CARTESIAN_POINT('',(0.0127592973680557,0.0606000231355429,-0.000151102003764845));
#6710=CARTESIAN_POINT('',(0.0218818928370189,0.0606000231355429,0.0134823856273878));
#6711=CARTESIAN_POINT('',(0.00368993122646661,0.0606000231355429,-0.0137050397547504));
#6712=CARTESIAN_POINT('',(0.0326159650223787,0.0606000231355429,0.00635347113771317));
#6713=CARTESIAN_POINT('',(0.0410857889322511,0.0816000231355429,-0.00104407413958549));
#6714=CARTESIAN_POINT('',(0.0241152810788427,0.0606000231355429,0.0137779695723282));
#6715=CARTESIAN_POINT('',(0.0305852648833167,0.0606000231355429,-0.0121690690725598));
#6716=CARTESIAN_POINT('',(0.0194787155502751,0.0816000231355429,-0.0215459117497857));
#6717=CARTESIAN_POINT('',(0.0410667055929617,0.0856000231355429,-0.00331998214034549));
#6718=CARTESIAN_POINT('',(0.0126300212737494,0.0606000231355429,-0.0194945493310801));
#6719=CARTESIAN_POINT('',(0.0179165111715803,0.0856000231355429,-0.0217769003896306));
#6720=CARTESIAN_POINT('',(0.00434203175030626,0.0606000231355429,-0.015916352450415));
#6721=CARTESIAN_POINT('',(0.052594589428606,0.0606000231355429,0.107922870413658));
#6722=CARTESIAN_POINT('',(0.0538461202918025,0.0856000231355429,0.114955189302854));
#6723=CARTESIAN_POINT('',(0.051466395247996,0.0606000231355429,0.101583577088743));
#6724=CARTESIAN_POINT('',(0.0397926928646046,0.0606000231355429,0.107922870413658));
#6725=CARTESIAN_POINT('',(0.0319815366110301,0.0606000231355429,0.114036818556295));
#6726=CARTESIAN_POINT('',(0.0490650561191887,0.0606000231355429,0.100665206342185));
#6727=CARTESIAN_POINT('',(0.0413579505882197,0.0606000231355429,0.116718012251492));
#6728=CARTESIAN_POINT('',(0.0329060805280123,0.0606000231355429,0.116718012251492));
#6729=CARTESIAN_POINT('',(0.0523693250799774,0.0816000231355429,0.116718012251492));
#6730=CARTESIAN_POINT('',(0.0693463913841639,0.0606000231355429,0.116718012251492));
#6731=CARTESIAN_POINT('',(0.0604950285654122,0.0606000231355429,0.116718012251492));
#6732=CARTESIAN_POINT('',(0.0749247123361259,0.0816000231355429,0.116718012251492));
#6733=CARTESIAN_POINT('',(0.0678743226275063,0.0606000231355429,0.108378962326643));
#6734=CARTESIAN_POINT('',(0.059278447996286,0.0606000231355429,0.102282787938514));
#6735=CARTESIAN_POINT('',(0.0757924424331968,0.0856000231355429,0.113994474561579));
#6736=CARTESIAN_POINT('',(0.0577264926069274,0.0606000231355429,0.108222578036995));
#6737=CARTESIAN_POINT('',(0.0590182333535871,0.0606000231355429,0.115480835200129));
#6738=CARTESIAN_POINT('',(0.0569339226873901,0.0606000231355429,0.103769148577064));
#6739=CARTESIAN_POINT('',(0.083954370854964,0.0606000231355429,0.101901342538407));
#6740=CARTESIAN_POINT('',(0.0839543708073486,0.0606000231355429,0.0933751948874089));
#6741=CARTESIAN_POINT('',(0.083954370905266,0.0606000231355429,0.11090853723218));
#6742=CARTESIAN_POINT('',(0.0715167588029176,0.0606000231355429,0.0937981753016396));
#6743=CARTESIAN_POINT('',(0.0626064812531254,0.0606000231355429,0.09538392354897));
#6744=CARTESIAN_POINT('',(0.0821915478587108,0.0606000231355429,0.0918983996839608));
#6745=CARTESIAN_POINT('',(0.070713847675504,0.0606000231355429,0.10426298069732));
#6746=CARTESIAN_POINT('',(0.0620015741046923,0.0606000231355429,0.0980842564507079));
#6747=CARTESIAN_POINT('',(0.0817527031692569,0.0606000231355429,0.112091711457406));
#6748=CARTESIAN_POINT('',(0.0837353516522129,0.0606000231355429,0.0865450866437889));
#6749=CARTESIAN_POINT('',(0.0827171937106072,0.0816000231355429,0.0867262866302522));
#6750=CARTESIAN_POINT('',(0.0658616408909395,0.0856000231355429,0.0897260431689468));
#6751=CARTESIAN_POINT('',(0.0839543707211533,0.0606000231355429,0.0779408373251469));
#6752=CARTESIAN_POINT('',(0.0839543706923715,0.0816000231355429,0.0727870939516772));
#6753=CARTESIAN_POINT('',(0.0839543707619695,0.0856000231355429,0.0852494914100502));
#6754=CARTESIAN_POINT('',(0.072369731784821,0.0606000231355429,0.0800025375119915));
#6755=CARTESIAN_POINT('',(0.0814403836099236,0.0856000231355429,0.0716817296777342));
#6756=CARTESIAN_POINT('',(0.0645848308598539,0.0816000231355429,0.0871438836748018));
#6757=CARTESIAN_POINT('',(0.0152978026245496,0.0606000231355429,0.0760058309272393));
#6758=CARTESIAN_POINT('',(0.0207900747107449,0.0816000231355429,0.0776530621652443));
#6759=CARTESIAN_POINT('',(0.0115531382195441,0.0606000231355429,0.0748827386829066));
#6760=CARTESIAN_POINT('',(0.02581757984418,0.0606000231355429,0.0689381391720629));
#6761=CARTESIAN_POINT('',(0.0226094017194792,0.0856000231355429,0.076784012587378));
#6762=CARTESIAN_POINT('',(0.0276034266801032,0.0606000231355429,0.0645706983164834));
#6763=CARTESIAN_POINT('',(0.0189697034068481,0.0606000231355429,0.0670104312492176));
#6764=CARTESIAN_POINT('',(0.0111546982233966,0.0606000231355429,0.0721960978824719));
#6765=CARTESIAN_POINT('',(0.0253856596752214,0.0606000231355429,0.062753107093915));
#6766=CARTESIAN_POINT('',(0.0375762086478063,0.0606000231355429,0.0832247938192772));
#6767=CARTESIAN_POINT('',(0.0288084343632014,0.0606000231355429,0.0783135893835904));
#6768=CARTESIAN_POINT('',(0.04361200826276,0.0606000231355429,0.0866057026884673));
#6769=CARTESIAN_POINT('',(0.0412072785329042,0.0606000231355429,0.0743447025109748));
#6770=CARTESIAN_POINT('',(0.0363322716408872,0.0816000231355429,0.0631608624552067));
#6771=CARTESIAN_POINT('',(0.0457200994014661,0.0606000231355429,0.0846976451656763));
#6772=CARTESIAN_POINT('',(0.0312819958481002,0.0606000231355429,0.0687851282376445));
#6773=CARTESIAN_POINT('',(0.0281530682666051,0.0606000231355429,0.0764371876856805));
#6774=CARTESIAN_POINT('',(0.0335688144055847,0.0856000231355429,0.0631925182800878));
#6775=CARTESIAN_POINT('',(0.0005,0.0606000231355429,0.0562657355235956));
#6776=CARTESIAN_POINT('',(0.0005,0.0816000231355429,0.0704562605042845));
#6777=CARTESIAN_POINT('',(0.0005,0.0856000231355429,0.0420752105429067));
#6778=CARTESIAN_POINT('',(0.0005,0.0606000231355429,0.0762657355235956));
#6779=CARTESIAN_POINT('',(0.00163608447131987,0.0606000231355429,0.0719115063066129));
#6780=CARTESIAN_POINT('',(0.001625,0.0606000231355429,0.0719086292591122));
#6781=CARTESIAN_POINT('',(0.0160625188366278,0.0606000231355429,0.0629388718785983));
#6782=CARTESIAN_POINT('',(0.027706399934088,0.0606000231355429,0.0552125448613701));
#6783=CARTESIAN_POINT('',(0.00284413302577641,0.0856000231355429,0.0717099655165096));
#6784=CARTESIAN_POINT('',(0.0162937654734964,0.0606000231355429,0.046979487881145));
#6785=CARTESIAN_POINT('',(0.0275492480036534,0.0606000231355429,0.0526217267189067));
#6786=CARTESIAN_POINT('',(0.00337760173452065,0.0606000231355429,0.0405047694061547));
#6787=CARTESIAN_POINT('',(0.0005,0.0606000231355429,0.0362657355235957));
#6788=CARTESIAN_POINT('',(0.00215404995070396,0.0606000231355429,0.0404507228306941));
#6789=CARTESIAN_POINT('',(0.001625,0.0606000231355429,0.0406228417880789));
#6790=CARTESIAN_POINT('',(0.0363820931818543,0.0606000231355429,0.104242905960978));
#6791=CARTESIAN_POINT('',(0.0269245439169822,0.0856000231355429,0.111645518824522));
#6792=CARTESIAN_POINT('',(0.0464899113056024,0.0606000231355429,0.0963313146628866));
#6793=CARTESIAN_POINT('',(0.0363820931501358,0.0606000231355429,0.0882868868590504));
#6794=CARTESIAN_POINT('',(0.0267330471776022,0.0606000231355429,0.0828820445533285));
#6795=CARTESIAN_POINT('',(0.0462984145662223,0.0606000231355429,0.093841441543458));
#6796=CARTESIAN_POINT('',(0.0245,0.0606000231355429,0.0919076543218186));
#6797=CARTESIAN_POINT('',(0.0245,0.0606000231355429,0.084190723977561));
#6798=CARTESIAN_POINT('',(0.0245,0.0816000231355429,0.110464325129326));
#6799=CARTESIAN_POINT('',(0.07294261543791,0.0606000231355429,0.0674416635714014));
#6800=CARTESIAN_POINT('',(0.0688352398855242,0.0606000231355429,0.0670489867970679));
#6801=CARTESIAN_POINT('',(0.074771446067038,0.0856000231355429,0.0676165049763543));
#6802=CARTESIAN_POINT('',(0.0638341906324423,0.0606000231355429,0.075797121805322));
#6803=CARTESIAN_POINT('',(0.0673212778176891,0.0606000231355429,0.0679340776019132));
#6804=CARTESIAN_POINT('',(0.0628258163225157,0.0606000231355429,0.0780709083071565));
#6805=CARTESIAN_POINT('',(0.0690173971253893,0.0606000231355429,0.0762926510746562));
#6806=CARTESIAN_POINT('',(0.0756426797791952,0.0816000231355429,0.0702150609661488));
#6807=CARTESIAN_POINT('',(0.065211012102508,0.0606000231355429,0.0797843734921057));
#6808=CARTESIAN_POINT('',(0.0177346373460185,0.0606000231355429,0.0421087266586689));
#6809=CARTESIAN_POINT('',(0.0270248148058713,0.0606000231355429,0.0467657815590908));
#6810=CARTESIAN_POINT('',(0.00717794360755661,0.0606000231355429,0.036816782288455));
#6811=CARTESIAN_POINT('',(0.025771939385676,0.0606000231355429,0.0356253275239364));
#6812=CARTESIAN_POINT('',(0.0291087590666599,0.0606000231355429,0.044917897236425));
#6813=CARTESIAN_POINT('',(0.0218809739196327,0.0816000231355429,0.0247895403676369));
#6814=CARTESIAN_POINT('',(0.0131311429195358,0.0606000231355429,0.0292886473709175));
#6815=CARTESIAN_POINT('',(0.00690836676306859,0.0606000231355429,0.0343083344934625));
#6816=CARTESIAN_POINT('',(0.0195274528143562,0.0856000231355429,0.0241289768953101));
#6817=CARTESIAN_POINT('',(-0.00295437,0.0606000231355429,0.0103077506007468));
#6818=CARTESIAN_POINT('',(-0.00295437,0.0606000231355429,-0.00970489180663485));
#6819=CARTESIAN_POINT('',(-0.00295437,0.0816000231355429,0.0305929550851245));
#6820=CARTESIAN_POINT('',(0.0005,0.0606000231355429,0.0362657355235956));
#6821=CARTESIAN_POINT('',(-0.0009657775,0.0606000231355429,0.0320111501947423));
#6822=CARTESIAN_POINT('',(0.00122704894693779,0.0606000231355429,0.0318248572513665));
#6823=CARTESIAN_POINT('',(0.0104135081933137,0.0606000231355429,0.0250568738641744));
#6824=CARTESIAN_POINT('',(0.00241117724065378,0.0856000231355429,0.0315120630953769));
#6825=CARTESIAN_POINT('',(0.0179165290232336,0.0606000231355429,0.0190044599426173));
#6826=CARTESIAN_POINT('',(0.00850239956468404,0.0606000231355429,0.0024779765450844));
#6827=CARTESIAN_POINT('',(-0.000207714562200009,0.0606000231355429,-0.0105390681785153));
#6828=CARTESIAN_POINT('',(0.0182214058162969,0.0606000231355429,0.0170027849693167));
#6829=CARTESIAN_POINT('',(0.0476337005318208,0.0606000231355429,0.0416231095495357));
#6830=CARTESIAN_POINT('',(0.0542863630667781,0.0606000231355429,0.0333896322280198));
#6831=CARTESIAN_POINT('',(0.0403694565707036,0.0606000231355429,0.0506134931136407));
#6832=CARTESIAN_POINT('',(0.0509099887027999,0.0606000231355429,0.0563723774895962));
#6833=CARTESIAN_POINT('',(0.0602609079798075,0.0816000231355429,0.0595941220400705));
#6834=CARTESIAN_POINT('',(0.0410475733199165,0.0606000231355429,0.0529744032291995));
#6835=CARTESIAN_POINT('',(0.0595187708328409,0.0606000231355429,0.0457179647546776));
#6836=CARTESIAN_POINT('',(0.0622138350916308,0.0856000231355429,0.057850665785275));
#6837=CARTESIAN_POINT('',(0.0569174069278142,0.0606000231355429,0.0340070860887831));
#6838=CARTESIAN_POINT('',(0.0309278175491817,0.0606000231355429,0.0351889247920828));
#6839=CARTESIAN_POINT('',(0.027053672596729,0.0606000231355429,0.0243999803812967));
#6840=CARTESIAN_POINT('',(0.0347879006706225,0.0606000231355429,0.0459387089972072));
#6841=CARTESIAN_POINT('',(0.0443401180455536,0.0606000231355429,0.0377436487974731));
#6842=CARTESIAN_POINT('',(0.0514169186866948,0.0816000231355429,0.0289852490918581));
#6843=CARTESIAN_POINT('',(0.0373663785099725,0.0606000231355429,0.0463744978764178));
#6844=CARTESIAN_POINT('',(0.0395783602044253,0.0606000231355429,0.0244828283387459));
#6845=CARTESIAN_POINT('',(0.0287460832298453,0.0606000231355429,0.0224195374046156));
#6846=CARTESIAN_POINT('',(0.0505308514804612,0.0856000231355429,0.0265690172359664));
#6847=CARTESIAN_POINT('',(0.0353840283874347,0.0606000231355429,-0.0146613125276402));
#6848=CARTESIAN_POINT('',(0.0408873021234435,0.0606000231355429,-0.0100151050976921));
#6849=CARTESIAN_POINT('',(0.031143564374033,0.0606000231355429,-0.0182413771129399));
#6850=CARTESIAN_POINT('',(0.0432497760225029,0.0606000231355429,-0.013665737674672));
#6851=CARTESIAN_POINT('',(0.0430545287530053,0.0816000231355429,-0.0182558513611348));
#6852=CARTESIAN_POINT('',(0.043353596412927,0.0606000231355429,-0.0112249998541366));
#6853=CARTESIAN_POINT('',(0.0351349576717331,0.0606000231355429,-0.0205167741890523));
#6854=CARTESIAN_POINT('',(0.0417442375600804,0.0856000231355429,-0.0196802316048825));
#6855=CARTESIAN_POINT('',(0.0322995674705916,0.0606000231355429,-0.0208756521131322));
#6856=CARTESIAN_POINT('',(0.029861429891187,0.0606000231355429,-0.0466425327444812));
#6857=CARTESIAN_POINT('',(0.0294640568749629,0.0816000231355429,-0.0474194256073773));
#6858=CARTESIAN_POINT('',(0.0397352702578922,0.0606000231355429,-0.0273384637788583));
#6859=CARTESIAN_POINT('',(0.0187250364690901,0.0606000231355429,-0.0482363577485084));
#6860=CARTESIAN_POINT('',(0.0110325778710072,0.0606000231355429,-0.0482363577485084));
#6861=CARTESIAN_POINT('',(0.0281286100208424,0.0856000231355429,-0.0482363577485084));
#6862=CARTESIAN_POINT('',(0.0145661060900952,0.0606000231355429,-0.0378082408018766));
#6863=CARTESIAN_POINT('',(0.0203544465606963,0.0816000231355429,-0.0280128550903425));
#6864=CARTESIAN_POINT('',(0.00974119720215424,0.0606000231355429,-0.0459732483408133));
#6865=CARTESIAN_POINT('',(0.030878255442451,0.0606000231355429,-0.0260954402304644));
#6866=CARTESIAN_POINT('',(0.0214574735977253,0.0856000231355429,-0.0272878371817846));
#6867=CARTESIAN_POINT('',(0.0382114697719476,0.0606000231355429,-0.0251672686037364));
#6868=CARTESIAN_POINT('',(0.0105517751532259,0.0606000231355429,-0.0347733278439254));
#6869=CARTESIAN_POINT('',(0.00829138066885304,0.0816000231355429,-0.038598506398489));
#6870=CARTESIAN_POINT('',(0.0147375389392794,0.0606000231355429,-0.0276899209520866));
#6871=CARTESIAN_POINT('',(0.0055,0.0606000231355429,-0.0325923108380563));
#6872=CARTESIAN_POINT('',(0.0055,0.0606000231355429,-0.0241437936182382));
#6873=CARTESIAN_POINT('',(0.0055,0.0856000231355429,-0.0378353969907939));
#6874=CARTESIAN_POINT('',(0.0105517751532259,0.0606000231355429,-0.0240433862533467));
#6875=CARTESIAN_POINT('',(0.00759455491396037,0.0606000231355429,-0.022766657294454));
#6876=CARTESIAN_POINT('',(0.0140407131843867,0.0606000231355429,-0.0255496752206073));
#6877=CARTESIAN_POINT('',(0.0434087409377098,0.0606000231355429,-0.0482363577485084));
#6878=CARTESIAN_POINT('',(0.042718215957021,0.0816000231355429,-0.0482363577485084));
#6879=CARTESIAN_POINT('',(0.0439087409377098,0.0856000231355429,-0.0482363577485084));
#6880=CARTESIAN_POINT('',(0.0369087409377098,0.0606000231355429,-0.0482363577485084));
#6881=CARTESIAN_POINT('',(0.0386169551145761,0.0606000231355429,-0.0440731853612594));
#6882=CARTESIAN_POINT('',(0.0412658472021931,0.0606000231355429,-0.0471113577485084));
#6883=CARTESIAN_POINT('',(0.0411862878912593,0.0606000231355429,-0.0354814952420245));
#6884=CARTESIAN_POINT('',(0.0378509129860777,0.0856000231355429,-0.0420023933733075));
#6885=CARTESIAN_POINT('',(0.0425732940835893,0.0816000231355429,-0.0327697982530019));
#6886=CARTESIAN_POINT('',(0.0454087409377098,0.0606000231355429,-0.0377313266057827));
#6887=CARTESIAN_POINT('',(0.0454087409377098,0.0816000231355429,-0.0467363577485084));
#6888=CARTESIAN_POINT('',(0.0454087409377098,0.0856000231355429,-0.0334528661118707));
#6889=CARTESIAN_POINT('',(0.0781900731289408,0.0606000231355429,0.00348960021793347));
#6890=CARTESIAN_POINT('',(0.0724257759472528,0.0606000231355429,0.00254791279514741));
#6891=CARTESIAN_POINT('',(0.0839543703106289,0.0606000231355429,0.00443128764071953));
#6892=CARTESIAN_POINT('',(0.0839543702512211,0.0606000231355429,-0.00620642722588442));
#6893=CARTESIAN_POINT('',(0.0839543701918133,0.0606000231355429,-0.0168441420924883));
#6894=CARTESIAN_POINT('',(0.078190073069533,0.0606000231355429,-0.00714811464867048));
#6895=CARTESIAN_POINT('',(0.0771115493132305,0.0606000231355429,0.0628174277119233));
#6896=CARTESIAN_POINT('',(0.0725646436107832,0.0606000231355429,0.0623827306062743));
#6897=CARTESIAN_POINT('',(0.0823116172608412,0.0816000231355429,0.0633145689842369));
#6898=CARTESIAN_POINT('',(0.0839543705688289,0.0606000231355429,0.0506652490637011));
#6899=CARTESIAN_POINT('',(0.0839543706311319,0.0856000231355429,0.0618213772683854));
#6900=CARTESIAN_POINT('',(0.0839543705292597,0.0606000231355429,0.0435798709314442));
#6901=CARTESIAN_POINT('',(0.0771115492417116,0.0606000231355429,0.0500110559002559));
#6902=CARTESIAN_POINT('',(0.0714003656629998,0.0606000231355429,0.0601535571506744));
#6903=CARTESIAN_POINT('',(0.0811473392111856,0.0606000231355429,0.0428438891916958));
#6904=CARTESIAN_POINT('',(0.0640666611016719,0.0606000231355429,0.0431340027481037));
#6905=CARTESIAN_POINT('',(0.0663797101816357,0.0606000231355429,0.0535469392355252));
#6906=CARTESIAN_POINT('',(0.0614475467691648,0.0856000231355429,0.0313432148076592));
#6907=CARTESIAN_POINT('',(0.0735846202234922,0.0606000231355429,0.0460840654226728));
#6908=CARTESIAN_POINT('',(0.0691510499819357,0.0606000231355429,0.0539576508361098));
#6909=CARTESIAN_POINT('',(0.0795817113133883,0.0606000231355429,0.0354338205058623));
#6910=CARTESIAN_POINT('',(0.0702904621075522,0.0606000231355429,0.0315289311368404));
#6911=CARTESIAN_POINT('',(0.0789733638587709,0.0856000231355429,0.0339634643842677));
#6912=CARTESIAN_POINT('',(0.0633168123271403,0.0816000231355429,0.0295736421409763));
#6913=CARTESIAN_POINT('',(0.0577983327056443,0.0606000231355429,0.0770739179472304));
#6914=CARTESIAN_POINT('',(0.0621521915305287,0.0816000231355429,0.0672563875624706));
#6915=CARTESIAN_POINT('',(0.0541649920341004,0.0856000231355429,0.0852667496112229));
#6916=CARTESIAN_POINT('',(0.0511098151380515,0.0606000231355429,0.0617296707814173));
#6917=CARTESIAN_POINT('',(0.042632798948337,0.0816000231355429,0.058809018821492));
#6918=CARTESIAN_POINT('',(0.0612696014625815,0.0856000231355429,0.0652301005525866));
#6919=CARTESIAN_POINT('',(0.0460934287001387,0.0606000231355429,0.0730411368295187));
#6920=CARTESIAN_POINT('',(0.0407691363576358,0.0856000231355429,0.0608265830273053));
#6921=CARTESIAN_POINT('',(0.051418739375452,0.0816000231355429,0.0852580268071522));
#6922=CARTESIAN_POINT('',(0.0541814159257541,0.0606000231355429,0.0105468703423535));
#6923=CARTESIAN_POINT('',(0.0565915351174744,0.0816000231355429,0.0164208440184916));
#6924=CARTESIAN_POINT('',(0.0517354600802816,0.0856000231355429,0.00458555511003661));
#6925=CARTESIAN_POINT('',(0.0613083848089779,0.0606000231355429,0.0126849610672165));
#6926=CARTESIAN_POINT('',(0.0593112377044482,0.0856000231355429,0.0165412690013997));
#6927=CARTESIAN_POINT('',(0.0639633636055516,0.0816000231355429,0.00755844045434152));
#6928=CARTESIAN_POINT('',(0.0576684642909672,0.0606000231355429,0.00381369968749668));
#6929=CARTESIAN_POINT('',(0.0535542112988672,0.0816000231355429,0.00257942375529004));
#6930=CARTESIAN_POINT('',(0.0630624122371635,0.0856000231355429,0.00543188411668689));
#6931=CARTESIAN_POINT('',(0.04937299130213,0.0606000231355429,0.0119996620634824));
#6932=CARTESIAN_POINT('',(0.0524433224175759,0.0856000231355429,0.0194827127819341));
#6933=CARTESIAN_POINT('',(0.0460476315012171,0.0816000231355429,0.00389505213325415));
#6934=CARTESIAN_POINT('',(0.0365489409481004,0.0606000231355429,0.0095569857086963));
#6935=CARTESIAN_POINT('',(0.0301664924392731,0.0816000231355429,0.015131417045934));
#6936=CARTESIAN_POINT('',(0.0436731693180347,0.0856000231355429,0.00333468374667143));
#6937=CARTESIAN_POINT('',(0.0406699914283504,0.0606000231355429,0.0196008632572363));
#6938=CARTESIAN_POINT('',(0.0507749248658409,0.0816000231355429,0.0215256125597598));
#6939=CARTESIAN_POINT('',(0.0308725570707205,0.0856000231355429,0.0177346852103425));
#6940=CARTESIAN_POINT('',(0.0839543704688549,0.0606000231355429,0.0327636422514917));
#6941=CARTESIAN_POINT('',(0.081534726007478,0.0606000231355429,0.0289695256638617));
#6942=CARTESIAN_POINT('',(0.082829370444522,0.0606000231355429,0.028406535993291));
#6943=CARTESIAN_POINT('',(0.0839543703912306,0.0606000231355429,0.0188640353003991));
#6944=CARTESIAN_POINT('',(0.0839543704364111,0.0606000231355429,0.0269541672321804));
#6945=CARTESIAN_POINT('',(0.0839543703460418,0.0606000231355429,0.0107724051902129));
#6946=CARTESIAN_POINT('',(0.0766698359091483,0.0606000231355429,0.00830752728226108));
#6947=CARTESIAN_POINT('',(0.0708619350054517,0.0816000231355429,0.00735871651463213));
#6948=CARTESIAN_POINT('',(0.0826962126997111,0.0606000231355429,0.00929202947737187));
#6949=CARTESIAN_POINT('',(0.0654895247690442,0.0606000231355429,0.0154840133349551));
#6950=CARTESIAN_POINT('',(0.0620382369069839,0.0606000231355429,0.0221481337372161));
#6951=CARTESIAN_POINT('',(0.0692881194439672,0.0856000231355429,0.00814927532270396));
#6952=CARTESIAN_POINT('',(0.07110862646195,0.0606000231355429,0.0265655121435547));
#6953=CARTESIAN_POINT('',(0.0629652530390495,0.0606000231355429,0.0242822531695045));
#6954=CARTESIAN_POINT('',(0.0803232207779362,0.0606000231355429,0.0291491226537939));
#6955=CARTESIAN_POINT('',(0.0641598712716194,0.0606000231355429,-0.0217363577485085));
#6956=CARTESIAN_POINT('',(0.0784091360859283,0.0606000231355429,-0.0217363577485085));
#6957=CARTESIAN_POINT('',(0.0494761627231078,0.0816000231355429,-0.0217363577485085));
#6958=CARTESIAN_POINT('',(0.0482859098321131,0.0606000231355429,-0.0129225526364619));
#6959=CARTESIAN_POINT('',(0.0486154608762173,0.0816000231355429,-0.00517506012697458));
#6960=CARTESIAN_POINT('',(0.0479775178983588,0.0856000231355429,-0.020172610676003));
#6961=CARTESIAN_POINT('',(0.0579558025522266,0.0606000231355429,-0.00132025209824048));
#6962=CARTESIAN_POINT('',(0.0661289347528132,0.0606000231355429,0.0011316876306234));
#6963=CARTESIAN_POINT('',(0.0496830838615393,0.0856000231355429,-0.00380206777497153));
#6964=CARTESIAN_POINT('',(0.0741483652551904,0.0606000231355429,-0.0101340572120663));
#6965=CARTESIAN_POINT('',(0.0796984929786502,0.0606000231355429,-0.0194698339046586));
#6966=CARTESIAN_POINT('',(0.0678493134849622,0.0606000231355429,0.000461472049964834));
#6967=CARTESIAN_POINT('',(0.007,0.0606000231355429,-0.0241437936182382));
#6968=CARTESIAN_POINT('',(0.007,0.0606000231355429,-0.0378353969907939));
#6969=CARTESIAN_POINT('',(0.0134461582704264,0.0606000231355429,-0.0269268115443915));
#6970=CARTESIAN_POINT('',(0.0216458272295493,0.0606000231355429,-0.0287759644980377));
#6971=CARTESIAN_POINT('',(0.0110325778710072,0.0606000231355429,-0.0467363577485084));
#6972=CARTESIAN_POINT('',(0.0281286100208424,0.0606000231355429,-0.0467363577485084));
#6973=CARTESIAN_POINT('',(0.0383998234037717,0.0606000231355429,-0.0266553959199895));
#6974=CARTESIAN_POINT('',(0.0391863598401982,0.0606000231355429,-0.0426854612321763));
#6975=CARTESIAN_POINT('',(0.042718215957021,0.0606000231355429,-0.0467363577485084));
#6976=CARTESIAN_POINT('',(0.0439087409377098,0.0606000231355429,-0.0467363577485084));
#6977=CARTESIAN_POINT('',(0.0439087409377098,0.0606000231355429,-0.0334528661118707));
#6978=CARTESIAN_POINT('',(0.0494087409377098,0.0856000231355429,-0.0517363577485085));
#6979=CARTESIAN_POINT('',(0.0764087409377098,0.0856000231355429,-0.0517363577485085));
#6980=CARTESIAN_POINT('',(0.0494087409377098,0.0856000231355429,-0.0257363577485085));
#6981=CARTESIAN_POINT('',(0.0764087409377098,0.0856000231355429,-0.0257363577485085));
#6982=CARTESIAN_POINT('',(0.0784091360859283,0.0606000231355429,-0.0202363577485084));
#6983=CARTESIAN_POINT('',(0.0665599565922402,0.0606000231355429,-0.000305051793885061));
#6984=CARTESIAN_POINT('',(0.0501141057009663,0.0606000231355429,-0.00523880719948));
#6985=CARTESIAN_POINT('',(0.0415558839282563,0.0606000231355429,-0.0181921042886295));
#6986=CARTESIAN_POINT('',(0.041854951588178,0.0606000231355429,-0.0111612527816312));
#6987=CARTESIAN_POINT('',(0.0321112138387675,0.0606000231355429,-0.019387524796879));
#6988=CARTESIAN_POINT('',(0.0494761627231078,0.0606000231355429,-0.0202363577485084));
#6989=CARTESIAN_POINT('',(0.0185110660855407,0.0606000231355429,-0.0203997640658465));
#6990=CARTESIAN_POINT('',(0.0400990561282272,0.0606000231355429,-0.00217383445640632));
#6991=CARTESIAN_POINT('',(0.0231285482748189,0.0606000231355429,0.0126482092555074));
#6992=CARTESIAN_POINT('',(0.0049365866642666,0.0606000231355429,-0.0145392161266309));
#6993=CARTESIAN_POINT('',(0.0510555930384173,0.0606000231355429,0.0200521047121722));
#6994=CARTESIAN_POINT('',(0.0311532252432969,0.0606000231355429,0.0162611773627548));
#6995=CARTESIAN_POINT('',(0.0446599021220586,0.0606000231355429,0.00446444406349226));
#6996=CARTESIAN_POINT('',(0.057979264496633,0.0606000231355429,0.0158514520882536));
#6997=CARTESIAN_POINT('',(0.0531231894594402,0.0606000231355429,0.0040161631797985));
#6998=CARTESIAN_POINT('',(0.0633702101147991,0.0606000231355429,0.0228379506503623));
#6999=CARTESIAN_POINT('',(0.0706200926517824,0.0606000231355429,0.00883909223585012));
#7000=CARTESIAN_POINT('',(0.0807281778536858,0.0606000231355429,0.0277048201346517));
#7001=CARTESIAN_POINT('',(0.0824543704364111,0.0606000231355429,0.0269541672405574));
#7002=CARTESIAN_POINT('',(0.0824543703460418,0.0606000231355429,0.0107724051985899));
#7003=CARTESIAN_POINT('',(0.0626313903977364,0.0606000231355429,0.00686862354119536));
#7004=CARTESIAN_POINT('',(-0.00145437,0.0606000231355429,0.0305929550851245));
#7005=CARTESIAN_POINT('',(0.00146939859591705,0.0606000231355429,0.0303445644939567));
#7006=CARTESIAN_POINT('',(0.0169747503784969,0.0606000231355429,0.0178369613411972));
#7007=CARTESIAN_POINT('',(0.0284654150572689,0.0606000231355429,0.0238930452522033));
#7008=CARTESIAN_POINT('',(0.0502501833078847,0.0606000231355429,0.0280425250835541));
#7009=CARTESIAN_POINT('',(0.0361996431311623,0.0606000231355429,0.0454317738681138));
#7010=CARTESIAN_POINT('',(0.02769701660612,0.0606000231355429,0.0454248323655184));
#7011=CARTESIAN_POINT('',(0.00785014540780531,0.0606000231355429,0.0354758330948826));
#7012=CARTESIAN_POINT('',(0.0204692314590929,0.0606000231355429,0.0252964754967302));
#7013=CARTESIAN_POINT('',(0.0727073969810739,0.0606000231355429,0.0608895388987998));
#7014=CARTESIAN_POINT('',(0.0824543706311319,0.0606000231355429,0.0618213772767624));
#7015=CARTESIAN_POINT('',(0.0824543705292597,0.0606000231355429,0.0435798709398212));
#7016=CARTESIAN_POINT('',(0.0678440186638616,0.0606000231355429,0.0532216690879845));
#7017=CARTESIAN_POINT('',(0.0785684067830213,0.0606000231355429,0.0354077669034098));
#7018=CARTESIAN_POINT('',(0.0797613704092214,0.0836000231355429,0.0344984606917497));
#7019=CARTESIAN_POINT('',(0.0782746799953143,0.0606000231355429,0.0346978387577369));
#7020=CARTESIAN_POINT('',(0.0629118552513907,0.0606000231355429,0.0310179446601185));
#7021=CARTESIAN_POINT('',(0.0607495266094049,0.0606000231355429,0.0581759359328158));
#7022=CARTESIAN_POINT('',(0.0554530984455883,0.0606000231355429,0.0343323562363238));
#7023=CARTESIAN_POINT('',(0.0415361919495138,0.0606000231355429,0.0515562171219447));
#7024=CARTESIAN_POINT('',(0.0268770462034047,0.0606000231355429,0.0539626759124791));
#7025=CARTESIAN_POINT('',(0.00201477929509316,0.0606000231355429,0.0704600965676186));
#7026=CARTESIAN_POINT('',(0.002,0.0606000231355429,0.0704562605042845));
#7027=CARTESIAN_POINT('',(0.00270539993427195,0.0606000231355429,0.041845718599727));
#7028=CARTESIAN_POINT('',(0.002,0.0606000231355429,0.0420752105429067));
#7029=CARTESIAN_POINT('',(0.0212209884452807,0.0606000231355429,0.0762162903137006));
#7030=CARTESIAN_POINT('',(0.0119840519540799,0.0606000231355429,0.0734459668313629));
#7031=CARTESIAN_POINT('',(0.0262150134059047,0.0606000231355429,0.064002976042806));
#7032=CARTESIAN_POINT('',(0.0295414815408036,0.0606000231355429,0.0770049099593579));
#7033=CARTESIAN_POINT('',(0.0349572276797833,0.0606000231355429,0.0637602405537652));
#7034=CARTESIAN_POINT('',(0.0443450554403622,0.0606000231355429,0.0852970232642348));
#7035=CARTESIAN_POINT('',(0.0421441803187397,0.0606000231355429,0.0602272049287468));
#7036=CARTESIAN_POINT('',(0.0607809828329842,0.0606000231355429,0.0666482866598414));
#7037=CARTESIAN_POINT('',(0.0527937833365559,0.0606000231355429,0.0846586487085937));
#7038=CARTESIAN_POINT('',(0.0686924865152336,0.0606000231355429,0.0685421785045424));
#7039=CARTESIAN_POINT('',(0.0746286926967473,0.0606000231355429,0.0691096966838288));
#7040=CARTESIAN_POINT('',(0.0641970250200601,0.0606000231355429,0.0786790092097857));
#7041=CARTESIAN_POINT('',(0.0824543706923715,0.0606000231355429,0.0727870939600542));
#7042=CARTESIAN_POINT('',(0.0824543707619694,0.0606000231355429,0.0852494914184272));
#7043=CARTESIAN_POINT('',(0.0655988179423018,0.0606000231355429,0.0882492479571218));
#7044=CARTESIAN_POINT('',(0.026,0.0606000231355429,0.084190723977561));
#7045=CARTESIAN_POINT('',(0.026,0.0606000231355429,0.110464325129326));
#7046=CARTESIAN_POINT('',(0.0455653673886201,0.0606000231355429,0.0951501209676905));
#7047=CARTESIAN_POINT('',(0.0329060805280123,0.0606000231355429,0.115218012251492));
#7048=CARTESIAN_POINT('',(0.0523693250799774,0.0606000231355429,0.115218012251492));
#7049=CARTESIAN_POINT('',(0.0499896000361709,0.0606000231355429,0.101846400037381));
#7050=CARTESIAN_POINT('',(0.0604950285654122,0.0606000231355429,0.115218012251492));
#7051=CARTESIAN_POINT('',(0.0584107178992151,0.0606000231355429,0.103506325628426));
#7052=CARTESIAN_POINT('',(0.0628693042017632,0.0606000231355429,0.096860718760795));
#7053=CARTESIAN_POINT('',(0.0824543708073486,0.0606000231355429,0.0933751948957858));
#7054=CARTESIAN_POINT('',(0.082454370905266,0.0606000231355429,0.110908537240557));
#7055=CARTESIAN_POINT('',(0.0828911049262887,0.0836000231355429,0.112343550618502));
#7056=CARTESIAN_POINT('',(0.0826204332663278,0.0606000231355429,0.110868173767493));
#7057=CARTESIAN_POINT('',(0.0749247123361259,0.0606000231355429,0.115218012251492));
#7058=CARTESIAN_POINT('',(-0.00145437,0.0606000231355429,-0.00970489180663485));
#7059=MECHANICAL_DESIGN_GEOMETRIC_PRESENTATION_REPRESENTATION('',(#4208),
#7060);
#7060=(
GEOMETRIC_REPRESENTATION_CONTEXT(3)
GLOBAL_UNCERTAINTY_ASSIGNED_CONTEXT((#7061))
GLOBAL_UNIT_ASSIGNED_CONTEXT((#7064,#7063,#7062))
REPRESENTATION_CONTEXT('Front','TOP_LEVEL_ASSEMBLY_PART')
);
#7061=UNCERTAINTY_MEASURE_WITH_UNIT(LENGTH_MEASURE(1.E-8),#7064,
'DISTANCE_ACCURACY_VALUE','Maximum Tolerance applied to model');
#7062=(
NAMED_UNIT(*)
SI_UNIT($,.STERADIAN.)
SOLID_ANGLE_UNIT()
);
#7063=(
NAMED_UNIT(*)
PLANE_ANGLE_UNIT()
SI_UNIT($,.RADIAN.)
);
#7064=(
LENGTH_UNIT()
NAMED_UNIT(*)
SI_UNIT($,.METRE.)
);
#7065=PRODUCT_DEFINITION_SHAPE('','',#7066);
#7066=PRODUCT_DEFINITION('','',#7068,#7067);
#7067=PRODUCT_DEFINITION_CONTEXT('',#7074,'design');
#7068=PRODUCT_DEFINITION_FORMATION_WITH_SPECIFIED_SOURCE('','',#7070,
 .NOT_KNOWN.);
#7069=PRODUCT_RELATED_PRODUCT_CATEGORY('','',(#7070));
#7070=PRODUCT('Front','Front','Front',(#7072));
#7071=PRODUCT_CATEGORY('','');
#7072=PRODUCT_CONTEXT('',#7074,'mechanical');
#7073=APPLICATION_PROTOCOL_DEFINITION('international standard',
'ap242_managed_model_based_3d_engineering',2020,#7074);
#7074=APPLICATION_CONTEXT('managed model based 3d engineering');
ENDSEC;
END-ISO-10303-21;
